date,open,high,low,close,adj_close,volume,source,source_symbol,fetched_at_bjt,status
2004-08-19,2.502502918243408,2.6041040420532227,2.4014010429382324,2.5110108852386475,2.487342596054077,893181924,Yahoo Finance,GOOGL,2026-09-18T13:25:36+08:00,confirmed
2004-08-20,2.527777910232544,2.7297298908233643,2.515014886856079,2.7104599475860596,2.684911012649536,456686856,Yahoo Finance,GOOGL,2026-09-18T13:25:36+08:00,confirmed
2004-08-23,2.771522045135498,2.8398399353027344,2.7289791107177734,2.7377378940582275,2.7119314670562744,365122512,Yahoo Finance,GOOGL,2026-09-18T13:25:36+08:00,confirmed
2004-08-24,2.7837839126586914,2.792793035507202,2.59184193611145,2.6243739128112793,2.5996365547180176,304946748,Yahoo Finance,GOOGL,2026-09-18T13:25:36+08:00,confirmed
2004-08-25,2.626626968383789,2.7027029991149902,2.599600076675415,2.6526529788970947,2.6276490688323975,183772044,Yahoo Finance,GOOGL,2026-09-18T13:25:36+08:00,confirmed
2004-08-26,2.626375913619995,2.701451063156128,2.6191189289093018,2.7004499435424805,2.6749954223632812,141897960,Yahoo Finance,GOOGL,2026-09-18T13:25:36+08:00,confirmed
2004-08-27,2.705204963684082,2.7182180881500244,2.644895076751709,2.6564059257507324,2.631366729736328,124235640,Yahoo Finance,GOOGL,2026-09-18T13:25:36+08:00,confirmed
2004-08-30,2.6346349716186523,2.63988995552063,2.5528030395507812,2.5528030395507812,2.528740644454956,103935960,Yahoo Finance,GOOGL,2026-09-18T13:25:36+08:00,confirmed
2004-08-31,2.5600600242614746,2.5953450202941895,2.5565569400787354,2.561811923980713,2.5376641750335693,98357544,Yahoo Finance,GOOGL,2026-09-18T13:25:36+08:00,confirmed
2004-09-01,2.5700700283050537,2.576827049255371,2.49424409866333,2.508759021759033,2.485111713409424,182765052,Yahoo Finance,GOOGL,2026-09-18T13:25:36+08:00,confirmed
2004-09-02,2.482232093811035,2.561811923980713,2.47597599029541,2.540290117263794,2.516345739364624,302373324,Yahoo Finance,GOOGL,2026-09-18T13:25:36+08:00,confirmed
2004-09-03,2.526276111602783,2.546046018600464,2.485485076904297,2.5027530193328857,2.4791622161865234,103048848,Yahoo Finance,GOOGL,2026-09-18T13:25:36+08:00,confirmed
2004-09-07,2.527777910232544,2.5525529384613037,2.4927430152893066,2.5420420169830322,2.518080711364746,116950932,Yahoo Finance,GOOGL,2026-09-18T13:25:36+08:00,confirmed
2004-09-08,2.5210208892822266,2.5783278942108154,2.515014886856079,2.5600600242614746,2.5359292030334473,99712188,Yahoo Finance,GOOGL,2026-09-18T13:25:36+08:00,confirmed
2004-09-09,2.5658159255981445,2.570319890975952,2.5275280475616455,2.560309886932373,2.5361766815185547,81234684,Yahoo Finance,GOOGL,2026-09-18T13:25:36+08:00,confirmed
2004-09-10,2.5425429344177246,2.6666669845581055,2.5350348949432373,2.6358859539031982,2.6110401153564453,173977848,Yahoo Finance,GOOGL,2026-09-18T13:25:36+08:00,confirmed
2004-09-13,2.6684179306030273,2.712963104248047,2.6641640663146973,2.690190076828003,2.664832592010498,156882960,Yahoo Finance,GOOGL,2026-09-18T13:25:36+08:00,confirmed
2004-09-14,2.688939094543457,2.8028030395507812,2.672421932220459,2.7900400161743164,2.7637412548065186,216579204,Yahoo Finance,GOOGL,2026-09-18T13:25:36+08:00,confirmed
2004-09-15,2.7667670249938965,2.8586089611053467,2.7577579021453857,2.8028030395507812,2.776383399963379,214261524,Yahoo Finance,GOOGL,2026-09-18T13:25:36+08:00,confirmed
2004-09-16,2.8113110065460205,2.897897958755493,2.794044017791748,2.852102041244507,2.8252182006835938,185326488,Yahoo Finance,GOOGL,2026-09-18T13:25:36+08:00,confirmed
2004-09-17,2.863363027572632,2.940190076828003,2.8415920734405518,2.940190076828003,2.9124755859375,189450360,Yahoo Finance,GOOGL,2026-09-18T13:25:36+08:00,confirmed
2004-09-20,2.9266769886016846,3.0430428981781006,2.9221720695495605,2.9869871139526367,2.958831787109375,212575212,Yahoo Finance,GOOGL,2026-09-18T13:25:36+08:00,confirmed
2004-09-21,2.9982481002807617,3.0135140419006348,2.9406909942626953,2.948949098587036,2.921151876449585,144575280,Yahoo Finance,GOOGL,2026-09-18T13:25:36+08:00,confirmed
2004-09-22,2.9379379749298096,2.9947450160980225,2.923172950744629,2.9624619483947754,2.934537887573242,151624224,Yahoo Finance,GOOGL,2026-09-18T13:25:36+08:00,confirmed
2004-09-23,2.9739739894866943,3.068819046020508,2.9284279346466064,3.023524045944214,2.9950244426727295,170713116,Yahoo Finance,GOOGL,2026-09-18T13:25:36+08:00,confirmed
2004-09-24,3.026526927947998,3.1056060791015625,2.996997117996216,2.998749017715454,2.9704833030700684,182469348,Yahoo Finance,GOOGL,2026-09-18T13:25:36+08:00,confirmed
2004-09-27,2.9919919967651367,3.025024890899658,2.9479479789733887,2.959459066390991,2.93156361579895,141322536,Yahoo Finance,GOOGL,2026-09-18T13:25:36+08:00,confirmed
2004-09-28,3.035536050796509,3.188188076019287,3.008258104324341,3.1746749877929688,3.1447503566741943,338581080,Yahoo Finance,GOOGL,2026-09-18T13:25:36+08:00,confirmed
2004-09-29,3.170670986175537,3.3788790702819824,3.1589090824127197,3.280280113220215,3.2493605613708496,610329060,Yahoo Finance,GOOGL,2026-09-18T13:25:36+08:00,confirmed
2004-09-30,3.25075101852417,3.3108110427856445,3.2282280921936035,3.2432429790496826,3.2126717567443848,275160564,Yahoo Finance,GOOGL,2026-09-18T13:25:36+08:00,confirmed
2004-10-01,3.27327299118042,3.3593590259552,3.2257258892059326,3.3178179264068604,3.2865443229675293,302497200,Yahoo Finance,GOOGL,2026-09-18T13:25:36+08:00,confirmed
2004-10-04,3.3846349716186523,3.4251749515533447,3.3541040420532227,3.379879951477051,3.3480207920074463,260455284,Yahoo Finance,GOOGL,2026-09-18T13:25:36+08:00,confirmed
2004-10-05,3.3698699474334717,3.466717004776001,3.3093090057373047,3.4627130031585693,3.4300734996795654,299464236,Yahoo Finance,GOOGL,2026-09-18T13:25:36+08:00,confirmed
2004-10-06,3.4421920776367188,3.464715003967285,3.4034030437469482,3.4304299354553223,3.39809513092041,267628104,Yahoo Finance,GOOGL,2026-09-18T13:25:36+08:00,confirmed
2004-10-07,3.4264259338378906,3.5005009174346924,3.4171669483184814,3.4747250080108643,3.441972494125366,282301416,Yahoo Finance,GOOGL,2026-09-18T13:25:36+08:00,confirmed
2004-10-08,3.471471071243286,3.495495080947876,3.428929090499878,3.4466969966888428,3.41420841217041,221390388,Yahoo Finance,GOOGL,2026-09-18T13:25:36+08:00,confirmed
2004-10-11,3.4284279346466064,3.474975109100342,3.349600076675415,3.38488507270813,3.3529789447784424,209442348,Yahoo Finance,GOOGL,2026-09-18T13:25:36+08:00,confirmed
2004-10-12,3.3643639087677,3.4436941146850586,3.3383378982543945,3.4384379386901855,3.40602707862854,233310456,Yahoo Finance,GOOGL,2026-09-18T13:25:36+08:00,confirmed
2004-10-13,3.5865869522094727,3.592341899871826,3.5055060386657715,3.5260260105133057,3.4927897453308105,395324280,Yahoo Finance,GOOGL,2026-09-18T13:25:36+08:00,confirmed
2004-10-14,3.5287790298461914,3.563062906265259,3.4674670696258545,3.553554058074951,3.5200581550598145,208842948,Yahoo Finance,GOOGL,2026-09-18T13:25:36+08:00,confirmed
2004-10-15,3.6268770694732666,3.641140937805176,3.5523018836975098,3.606355905532837,3.5723626613616943,263895840,Yahoo Finance,GOOGL,2026-09-18T13:25:36+08:00,confirmed
2004-10-18,3.5835840702056885,3.733733892440796,3.5337839126586914,3.7327330112457275,3.6975481510162354,280726992,Yahoo Finance,GOOGL,2026-09-18T13:25:36+08:00,confirmed
2004-10-19,3.766266107559204,3.8138139247894287,3.687437057495117,3.702202081680298,3.6673052310943604,362197440,Yahoo Finance,GOOGL,2026-09-18T13:25:36+08:00,confirmed
2004-10-20,3.704453945159912,3.728477954864502,3.49349308013916,3.515765905380249,3.482625961303711,454453092,Yahoo Finance,GOOGL,2026-09-18T13:25:36+08:00,confirmed
2004-10-21,3.613614082336426,3.757006883621216,3.544044017791748,3.7382380962371826,3.7030017375946045,582996420,Yahoo Finance,GOOGL,2026-09-18T13:25:36+08:00,confirmed
2004-10-22,4.267767906188965,4.508759021759033,4.106105804443359,4.315064907073975,4.274391174316406,1474200324,Yahoo Finance,GOOGL,2026-09-18T13:25:36+08:00,confirmed
2004-10-25,4.414413928985596,4.8656158447265625,4.318068027496338,4.689690113067627,4.6454854011535645,1309257432,Yahoo Finance,GOOGL,2026-09-18T13:25:36+08:00,confirmed
2004-10-26,4.663163185119629,4.8208208084106445,4.504505157470703,4.5495500564575195,4.5066657066345215,891391716,Yahoo Finance,GOOGL,2026-09-18T13:25:36+08:00,confirmed
2004-10-27,4.572573184967041,4.742743015289307,4.54879903793335,4.653903961181641,4.610035419464111,533725740,Yahoo Finance,GOOGL,2026-09-18T13:25:36+08:00,confirmed
2004-10-28,4.6716718673706055,4.864614963531494,4.6446452140808105,4.837337017059326,4.791740417480469,593278128,Yahoo Finance,GOOGL,2026-09-18T13:25:36+08:00,confirmed
2004-10-29,4.977227210998535,5.003754138946533,4.76977014541626,4.770771026611328,4.725801944732666,845653500,Yahoo Finance,GOOGL,2026-09-18T13:25:36+08:00,confirmed
2004-11-01,4.843594074249268,4.946697235107422,4.786537170410156,4.905655860900879,4.859414577484131,488507004,Yahoo Finance,GOOGL,2026-09-18T13:25:36+08:00,confirmed
2004-11-02,4.97447395324707,4.986236095428467,4.8383378982543945,4.876626968383789,4.830659866333008,453398148,Yahoo Finance,GOOGL,2026-09-18T13:25:36+08:00,confirmed
2004-11-03,4.959458827972412,5.045044898986816,4.773523807525635,4.796546936035156,4.751334190368652,554992452,Yahoo Finance,GOOGL,2026-09-18T13:25:36+08:00,confirmed
2004-11-04,4.7157158851623535,4.764764785766602,4.5883378982543945,4.622121810913086,4.578553676605225,575807616,Yahoo Finance,GOOGL,2026-09-18T13:25:36+08:00,confirmed
2004-11-05,4.554053783416748,4.562061786651611,4.217967987060547,4.237987995147705,4.198040962219238,792530676,Yahoo Finance,GOOGL,2026-09-18T13:25:36+08:00,confirmed
2004-11-08,4.277527809143066,4.390389919281006,4.23923921585083,4.318068027496338,4.2773661613464355,447224328,Yahoo Finance,GOOGL,2026-09-18T13:25:36+08:00,confirmed
2004-11-09,4.356856822967529,4.3843841552734375,4.135886192321777,4.22172212600708,4.181928634643555,442125432,Yahoo Finance,GOOGL,2026-09-18T13:25:36+08:00,confirmed
2004-11-10,4.271020889282227,4.317317008972168,4.162412166595459,4.2007012367248535,4.161105155944824,425334240,Yahoo Finance,GOOGL,2026-09-18T13:25:36+08:00,confirmed
2004-11-11,4.232481956481934,4.598348140716553,4.1934428215026855,4.580080032348633,4.53690767288208,598820580,Yahoo Finance,GOOGL,2026-09-18T13:25:36+08:00,confirmed
2004-11-12,4.635385036468506,4.749750137329102,4.439438819885254,4.5545549392700195,4.511623859405518,669174156,Yahoo Finance,GOOGL,2026-09-18T13:25:36+08:00,confirmed
2004-11-15,4.515766143798828,4.71271276473999,4.4732232093811035,4.626376152038574,4.582767486572266,475583940,Yahoo Finance,GOOGL,2026-09-18T13:25:36+08:00,confirmed
2004-11-16,4.44194221496582,4.491240978240967,4.275024890899658,4.3178181648254395,4.2771172523498535,835859304,Yahoo Finance,GOOGL,2026-09-18T13:25:36+08:00,confirmed
2004-11-17,4.229730129241943,4.44194221496582,4.229228973388672,4.316816806793213,4.276126861572266,724590684,Yahoo Finance,GOOGL,2026-09-18T13:25:36+08:00,confirmed
2004-11-18,4.26151180267334,4.364864826202393,4.147397041320801,4.19269323348999,4.153172969818115,664518816,Yahoo Finance,GOOGL,2026-09-18T13:25:36+08:00,confirmed
2004-11-19,4.23173189163208,4.253754138946533,4.1671671867370605,4.23923921585083,4.199281215667725,350421228,Yahoo Finance,GOOGL,2026-09-18T13:25:36+08:00,confirmed
2004-11-22,4.115866184234619,4.241742134094238,4.036787033081055,4.131631851196289,4.092687129974365,494233272,Yahoo Finance,GOOGL,2026-09-18T13:25:36+08:00,confirmed
2004-11-23,4.203453063964844,4.275024890899658,4.1666669845581055,4.192192077636719,4.152677536010742,496035468,Yahoo Finance,GOOGL,2026-09-18T13:25:36+08:00,confirmed
2004-11-24,4.374875068664551,4.434685230255127,4.3170671463012695,4.373373031616211,4.332149028778076,610628760,Yahoo Finance,GOOGL,2026-09-18T13:25:36+08:00,confirmed
2004-11-26,4.3993988037109375,4.505255222320557,4.387386798858643,4.48923921585083,4.446924209594727,258944796,Yahoo Finance,GOOGL,2026-09-18T13:25:36+08:00,confirmed
2004-11-29,4.513514041900635,4.5783281326293945,4.442192077636719,4.530780792236328,4.488073348999023,426237336,Yahoo Finance,GOOGL,2026-09-18T13:25:36+08:00,confirmed
2004-11-30,4.522272109985352,4.579579830169678,4.51076078414917,4.554053783416748,4.51112699508667,307692000,Yahoo Finance,GOOGL,2026-09-18T13:25:36+08:00,confirmed
2004-12-01,4.553302764892578,4.5670671463012695,4.493243217468262,4.503503799438477,4.461053848266602,314249436,Yahoo Finance,GOOGL,2026-09-18T13:25:36+08:00,confirmed
2004-12-02,4.502001762390137,4.54229211807251,4.468217849731445,4.4894890785217285,4.447170734405518,250185564,Yahoo Finance,GOOGL,2026-09-18T13:25:36+08:00,confirmed
2004-12-03,4.503252983093262,4.531031131744385,4.444444179534912,4.514514923095703,4.471960544586182,234533232,Yahoo Finance,GOOGL,2026-09-18T13:25:36+08:00,confirmed
2004-12-06,4.482732772827148,4.522021770477295,4.404904842376709,4.4116621017456055,4.370079040527344,249909840,Yahoo Finance,GOOGL,2026-09-18T13:25:36+08:00,confirmed
2004-12-07,4.404404163360596,4.409409046173096,4.268017768859863,4.290040016174316,4.2496018409729,274561164,Yahoo Finance,GOOGL,2026-09-18T13:25:36+08:00,confirmed
2004-12-08,4.263012886047363,4.346345901489258,4.222472190856934,4.253754138946533,4.213657855987549,301370328,Yahoo Finance,GOOGL,2026-09-18T13:25:36+08:00,confirmed
2004-12-09,4.2605109214782715,4.341842174530029,4.21596622467041,4.340089797973633,4.299180507659912,305853840,Yahoo Finance,GOOGL,2026-09-18T13:25:36+08:00,confirmed
2004-12-10,4.340089797973633,4.376376152038574,4.286537170410156,4.295546054840088,4.255056381225586,172515312,Yahoo Finance,GOOGL,2026-09-18T13:25:36+08:00,confirmed
2004-12-13,4.308558940887451,4.333834171295166,4.240489959716797,4.2655158042907715,4.225308895111084,192551256,Yahoo Finance,GOOGL,2026-09-18T13:25:36+08:00,confirmed
2004-12-14,4.2792792320251465,4.474975109100342,4.24424409866333,4.47172212600708,4.429571628570557,443092464,Yahoo Finance,GOOGL,2026-09-18T13:25:36+08:00,confirmed
2004-12-15,4.454204082489014,4.5217719078063965,4.4209208488464355,4.498999118804932,4.456592082977295,458381160,Yahoo Finance,GOOGL,2026-09-18T13:25:36+08:00,confirmed
2004-12-16,4.428177833557129,4.5167670249938965,4.403152942657471,4.416165828704834,4.374538421630859,342569088,Yahoo Finance,GOOGL,2026-09-18T13:25:36+08:00,confirmed
2004-12-17,4.423422813415527,4.517016887664795,4.418168067932129,4.50650691986084,4.464028358459473,295152552,Yahoo Finance,GOOGL,2026-09-18T13:25:36+08:00,confirmed
2004-12-20,4.5545549392700195,4.716216087341309,4.551301002502441,4.630129814147949,4.586486339569092,392986620,Yahoo Finance,GOOGL,2026-09-18T13:25:36+08:00,confirmed
2004-12-21,4.662412166595459,4.701702117919922,4.589590072631836,4.598348140716553,4.555004119873047,220431348,Yahoo Finance,GOOGL,2026-09-18T13:25:36+08:00,confirmed
2004-12-22,4.602101802825928,4.675926208496094,4.579830169677734,4.662161827087402,4.618215560913086,156123720,Yahoo Finance,GOOGL,2026-09-18T13:25:36+08:00,confirmed
2004-12-23,4.690940856933594,4.719719886779785,4.6546549797058105,4.702201843261719,4.657878398895264,144439416,Yahoo Finance,GOOGL,2026-09-18T13:25:36+08:00,confirmed
2004-12-27,4.733482837677002,4.837337017059326,4.732232093811035,4.802553176879883,4.757284164428711,243919836,Yahoo Finance,GOOGL,2026-09-18T13:25:36+08:00,confirmed
2004-12-28,4.807558059692383,4.843594074249268,4.780029773712158,4.823823928833008,4.778355121612549,165666168,Yahoo Finance,GOOGL,2026-09-18T13:25:36+08:00,confirmed
2004-12-29,4.7992987632751465,4.842843055725098,4.7992987632751465,4.827326774597168,4.781824111938477,107016876,Yahoo Finance,GOOGL,2026-09-18T13:25:36+08:00,confirmed
2004-12-30,4.8290791511535645,4.9607110023498535,4.801051139831543,4.944944858551025,4.898334503173828,235935828,Yahoo Finance,GOOGL,2026-09-18T13:25:36+08:00,confirmed
2004-12-31,4.985735893249512,5.002001762390137,4.818819046020508,4.824574947357178,4.779098987579346,306433260,Yahoo Finance,GOOGL,2026-09-18T13:25:36+08:00,confirmed
2005-01-03,4.939939975738525,5.096096038818359,4.891390800476074,5.0728230476379395,5.0250067710876465,633134232,Yahoo Finance,GOOGL,2026-09-18T13:25:36+08:00,confirmed
2005-01-04,5.040040016174316,5.0783281326293945,4.841842174530029,4.867366790771484,4.821486949920654,549685764,Yahoo Finance,GOOGL,2026-09-18T13:25:36+08:00,confirmed
2005-01-05,4.841091156005859,4.927426815032959,4.810561180114746,4.842593193054199,4.796947479248047,329134536,Yahoo Finance,GOOGL,2026-09-18T13:25:36+08:00,confirmed
2005-01-06,4.881882190704346,4.902401924133301,4.69769811630249,4.718468189239502,4.673991680145264,415068516,Yahoo Finance,GOOGL,2026-09-18T13:25:36+08:00,confirmed
2005-01-07,4.770771026611328,4.861111164093018,4.724224090576172,4.851100921630859,4.805374622344971,386129484,Yahoo Finance,GOOGL,2026-09-18T13:25:36+08:00,confirmed
2005-01-10,4.867366790771484,4.957457065582275,4.800550937652588,4.881381034851074,4.835369110107422,301282416,Yahoo Finance,GOOGL,2026-09-18T13:25:36+08:00,confirmed
2005-01-11,4.895394802093506,4.94769811630249,4.834333896636963,4.8433427810668945,4.797689914703369,278069652,Yahoo Finance,GOOGL,2026-09-18T13:25:36+08:00,confirmed
2005-01-12,4.863112926483154,4.903152942657471,4.767267227172852,4.8893890380859375,4.843300819396973,326784888,Yahoo Finance,GOOGL,2026-09-18T13:25:36+08:00,confirmed
2005-01-13,4.8893890380859375,4.939690113067627,4.856105804443359,4.8881378173828125,4.842062473297119,273702024,Yahoo Finance,GOOGL,2026-09-18T13:25:36+08:00,confirmed
2005-01-14,4.904904842376709,5.005255222320557,4.858108043670654,5.00425386428833,4.957083702087402,385226388,Yahoo Finance,GOOGL,2026-09-18T13:25:36+08:00,confirmed
2005-01-18,5.0292792320251465,5.130630970001221,4.971470832824707,5.102602958679199,5.054506778717041,526377096,Yahoo Finance,GOOGL,2026-09-18T13:25:36+08:00,confirmed
2005-01-19,5.121370792388916,5.137638092041016,4.922673225402832,4.937437057495117,4.890897274017334,449857692,Yahoo Finance,GOOGL,2026-09-18T13:25:36+08:00,confirmed
2005-01-20,4.817317008972168,4.911160945892334,4.804804801940918,4.852852821350098,4.80711030960083,359703936,Yahoo Finance,GOOGL,2026-09-18T13:25:36+08:00,confirmed
2005-01-21,4.868368148803711,4.888888835906982,4.70770788192749,4.711711883544922,4.667299270629883,369965664,Yahoo Finance,GOOGL,2026-09-18T13:25:36+08:00,confirmed
2005-01-24,4.7219719886779785,4.737987995147705,4.512513160705566,4.522522926330566,4.479893684387207,560347092,Yahoo Finance,GOOGL,2026-09-18T13:25:36+08:00,confirmed
2005-01-25,4.55305290222168,4.560561180114746,4.4116621017456055,4.432432174682617,4.390652179718018,425941632,Yahoo Finance,GOOGL,2026-09-18T13:25:36+08:00,confirmed
2005-01-26,4.486236095428467,4.739990234375,4.4832329750061035,4.735735893249512,4.691096782684326,491823684,Yahoo Finance,GOOGL,2026-09-18T13:25:36+08:00,confirmed
2005-01-27,4.723723888397217,4.726225852966309,4.634634971618652,4.706707000732422,4.662342071533203,264830904,Yahoo Finance,GOOGL,2026-09-18T13:25:36+08:00,confirmed
2005-01-28,4.755255222320557,4.872372150421143,4.663163185119629,4.76326322555542,4.71836519241333,487839672,Yahoo Finance,GOOGL,2026-09-18T13:25:36+08:00,confirmed
2005-01-31,4.847096920013428,4.913914203643799,4.797798156738281,4.895394802093506,4.849250316619873,383484132,Yahoo Finance,GOOGL,2026-09-18T13:25:36+08:00,confirmed
2005-02-01,4.864364147186279,4.921421051025391,4.77052116394043,4.80230188369751,4.757034778594971,752806440,Yahoo Finance,GOOGL,2026-09-18T13:25:36+08:00,confirmed
2005-02-02,5.394144058227539,5.425425052642822,5.096597194671631,5.154153823852539,5.1055707931518555,1310660028,Yahoo Finance,GOOGL,2026-09-18T13:25:36+08:00,confirmed
2005-02-03,5.154904842376709,5.339590072631836,5.150400161743164,5.2767767906188965,5.227036952972412,519004476,Yahoo Finance,GOOGL,2026-09-18T13:25:36+08:00,confirmed
2005-02-04,5.166916847229004,5.198948860168457,5.070069789886475,5.114113807678223,5.0659074783325195,592179228,Yahoo Finance,GOOGL,2026-09-18T13:25:36+08:00,confirmed
2005-02-07,5.136637210845947,5.165164947509766,4.892642974853516,4.905655860900879,4.859414577484131,517897584,Yahoo Finance,GOOGL,2026-09-18T13:25:36+08:00,confirmed
2005-02-08,4.928928852081299,5.0055060386657715,4.868117809295654,4.97097110748291,4.92411470413208,458740800,Yahoo Finance,GOOGL,2026-09-18T13:25:36+08:00,confirmed
2005-02-09,5.02402400970459,5.045044898986816,4.741240978240967,4.7942938804626465,4.749101638793945,686173140,Yahoo Finance,GOOGL,2026-09-18T13:25:36+08:00,confirmed
2005-02-10,4.804053783416748,4.810060024261475,4.635886192321777,4.704204082489014,4.659862041473389,758548692,Yahoo Finance,GOOGL,2026-09-18T13:25:36+08:00,confirmed
2005-02-11,4.671171188354492,4.812812805175781,4.656405925750732,4.689690113067627,4.6454854011535645,524115360,Yahoo Finance,GOOGL,2026-09-18T13:25:36+08:00,confirmed
2005-02-14,4.575826168060303,4.831831932067871,4.529530048370361,4.829579830169678,4.784055709838867,1540945512,Yahoo Finance,GOOGL,2026-09-18T13:25:36+08:00,confirmed
2005-02-15,4.844844818115234,5.001000881195068,4.831831932067871,4.885635852813721,4.839583396911621,1030280688,Yahoo Finance,GOOGL,2026-09-18T13:25:36+08:00,confirmed
2005-02-16,4.872372150421143,4.9882378578186035,4.862361907958984,4.96521520614624,4.918413162231445,660630708,Yahoo Finance,GOOGL,2026-09-18T13:25:36+08:00,confirmed
2005-02-17,4.9507012367248535,4.998748779296875,4.925175189971924,4.952452182769775,4.905770778656006,416159424,Yahoo Finance,GOOGL,2026-09-18T13:25:36+08:00,confirmed
2005-02-18,4.967718124389648,4.97597599029541,4.921421051025391,4.953703880310059,4.907011032104492,339096564,Yahoo Finance,GOOGL,2026-09-18T13:25:36+08:00,confirmed
2005-02-22,4.917417049407959,4.977477073669434,4.764514923095703,4.789039134979248,4.743897438049316,538808652,Yahoo Finance,GOOGL,2026-09-18T13:25:36+08:00,confirmed
2005-02-23,4.837337017059326,4.8668670654296875,4.721220970153809,4.853603839874268,4.807854175567627,622816560,Yahoo Finance,GOOGL,2026-09-18T13:25:36+08:00,confirmed
2005-02-24,4.588839054107666,4.751000881195068,4.560309886932373,4.7269768714904785,4.68242073059082,1031539428,Yahoo Finance,GOOGL,2026-09-18T13:25:36+08:00,confirmed
2005-02-25,4.733482837677002,4.752752780914307,4.642392158508301,4.651401042938232,4.607556343078613,398541060,Yahoo Finance,GOOGL,2026-09-18T13:25:36+08:00,confirmed
2005-02-28,4.6546549797058105,4.75150203704834,4.650900840759277,4.704453945159912,4.660109996795654,312423264,Yahoo Finance,GOOGL,2026-09-18T13:25:36+08:00,confirmed
2005-03-01,4.736987113952637,4.74849796295166,4.5545549392700195,4.656156063079834,4.612267017364502,372075552,Yahoo Finance,GOOGL,2026-09-18T13:25:36+08:00,confirmed
2005-03-02,4.653402805328369,4.696445941925049,4.613614082336426,4.634133815765381,4.590452671051025,291128580,Yahoo Finance,GOOGL,2026-09-18T13:25:36+08:00,confirmed
2005-03-03,4.657907962799072,4.698448181152344,4.612361907958984,4.679930210113525,4.635818004608154,304039656,Yahoo Finance,GOOGL,2026-09-18T13:25:36+08:00,confirmed
2005-03-04,4.6721720695495605,4.685935974121094,4.631381034851074,4.652152061462402,4.608301162719727,270693036,Yahoo Finance,GOOGL,2026-09-18T13:25:36+08:00,confirmed
2005-03-07,4.699199199676514,4.744744777679443,4.680429935455322,4.724975109100342,4.680437088012695,346349304,Yahoo Finance,GOOGL,2026-09-18T13:25:36+08:00,confirmed
2005-03-08,4.732232093811035,4.751000881195068,4.628879070281982,4.634634971618652,4.590949058532715,321522156,Yahoo Finance,GOOGL,2026-09-18T13:25:36+08:00,confirmed
2005-03-09,4.609859943389893,4.620871067047119,4.508509159088135,4.538288116455078,4.495510101318359,453961584,Yahoo Finance,GOOGL,2026-09-18T13:25:36+08:00,confirmed
2005-03-10,4.52977991104126,4.534534931182861,4.439438819885254,4.504004001617432,4.461548805236816,437981580,Yahoo Finance,GOOGL,2026-09-18T13:25:36+08:00,confirmed
2005-03-11,4.5155158042907715,4.52827787399292,4.433183193206787,4.449449062347412,4.407508850097656,320810868,Yahoo Finance,GOOGL,2026-09-18T13:25:36+08:00,confirmed
2005-03-14,4.46271276473999,4.46446418762207,4.318569183349609,4.379128932952881,4.337851524353027,445418136,Yahoo Finance,GOOGL,2026-09-18T13:25:36+08:00,confirmed
2005-03-15,4.386887073516846,4.504505157470703,4.359610080718994,4.469719886779785,4.427587985992432,416467116,Yahoo Finance,GOOGL,2026-09-18T13:25:36+08:00,confirmed
2005-03-16,4.421922206878662,4.469719886779785,4.379630088806152,4.3943939208984375,4.352972030639648,283967748,Yahoo Finance,GOOGL,2026-09-18T13:25:36+08:00,confirmed
2005-03-17,4.432682991027832,4.495494842529297,4.3993988037109375,4.48673677444458,4.4444451332092285,330093576,Yahoo Finance,GOOGL,2026-09-18T13:25:36+08:00,confirmed
2005-03-18,4.474724769592285,4.514514923095703,4.462212085723877,4.5055060386657715,4.463037967681885,283316400,Yahoo Finance,GOOGL,2026-09-18T13:25:36+08:00,confirmed
2005-03-21,4.486236095428467,4.55880880355835,4.435686111450195,4.526526927947998,4.483860015869141,299048652,Yahoo Finance,GOOGL,2026-09-18T13:25:36+08:00,confirmed
2005-03-22,4.53403377532959,4.55305290222168,4.4507012367248535,4.46946907043457,4.427339553833008,225042732,Yahoo Finance,GOOGL,2026-09-18T13:25:36+08:00,confirmed
2005-03-23,4.453703880310059,4.5105109214782715,4.453703880310059,4.478979110717773,4.436759948730469,193606200,Yahoo Finance,GOOGL,2026-09-18T13:25:36+08:00,confirmed
2005-03-24,4.522021770477295,4.526025772094727,4.4844841957092285,4.485735893249512,4.443453788757324,148059792,Yahoo Finance,GOOGL,2026-09-18T13:25:36+08:00,confirmed
2005-03-28,4.546546936035156,4.624625205993652,4.52827787399292,4.540040016174316,4.497245788574219,349170480,Yahoo Finance,GOOGL,2026-09-18T13:25:36+08:00,confirmed
2005-03-29,4.530780792236328,4.586586952209473,4.45620584487915,4.493743896484375,4.451385974884033,258661080,Yahoo Finance,GOOGL,2026-09-18T13:25:36+08:00,confirmed
2005-03-30,4.52052116394043,4.540791034698486,4.4944939613342285,4.515766143798828,4.47320032119751,249194556,Yahoo Finance,GOOGL,2026-09-18T13:25:36+08:00,confirmed
2005-03-31,4.453203201293945,4.5392889976501465,4.4454450607299805,4.517267227172852,4.474687576293945,270473256,Yahoo Finance,GOOGL,2026-09-18T13:25:36+08:00,confirmed
2005-04-01,4.548549175262451,4.5783281326293945,4.50425386428833,4.5055060386657715,4.463037967681885,247032720,Yahoo Finance,GOOGL,2026-09-18T13:25:36+08:00,confirmed
2005-04-04,4.503252983093262,4.637638092041016,4.5005011558532715,4.636887073516846,4.593179225921631,322732944,Yahoo Finance,GOOGL,2026-09-18T13:25:36+08:00,confirmed
2005-04-05,4.697947978973389,4.761260986328125,4.693943977355957,4.718968868255615,4.674488544464111,349118532,Yahoo Finance,GOOGL,2026-09-18T13:25:36+08:00,confirmed
2005-04-06,4.735735893249512,4.745995998382568,4.6941938400268555,4.735235214233398,4.690600395202637,209893896,Yahoo Finance,GOOGL,2026-09-18T13:25:36+08:00,confirmed
2005-04-07,4.724224090576172,4.870369911193848,4.7207207679748535,4.848848819732666,4.8031439781188965,387300312,Yahoo Finance,GOOGL,2026-09-18T13:25:36+08:00,confirmed
2005-04-08,4.847096920013428,4.882381916046143,4.791040897369385,4.806056022644043,4.760754108428955,204459336,Yahoo Finance,GOOGL,2026-09-18T13:25:36+08:00,confirmed
2005-04-11,4.8320817947387695,4.874875068664551,4.812812805175781,4.835586071014404,4.790005683898926,216203580,Yahoo Finance,GOOGL,2026-09-18T13:25:36+08:00,confirmed
2005-04-12,4.829830169677734,4.865365028381348,4.739990234375,4.853854179382324,4.808102130889893,292491216,Yahoo Finance,GOOGL,2026-09-18T13:25:36+08:00,confirmed
2005-04-13,4.841591835021973,4.862863063812256,4.747998237609863,4.828077793121338,4.782567977905273,261969768,Yahoo Finance,GOOGL,2026-09-18T13:25:36+08:00,confirmed
2005-04-14,4.836586952209473,4.863863945007324,4.757256984710693,4.791040897369385,4.745880126953125,245861892,Yahoo Finance,GOOGL,2026-09-18T13:25:36+08:00,confirmed
2005-04-15,4.757256984710693,4.76326322555542,4.621120929718018,4.629630088806152,4.5859904289245605,462632904,Yahoo Finance,GOOGL,2026-09-18T13:25:36+08:00,confirmed
2005-04-18,4.619119167327881,4.701702117919922,4.591842174530029,4.678928852081299,4.634824752807617,261749988,Yahoo Finance,GOOGL,2026-09-18T13:25:36+08:00,confirmed
2005-04-19,4.737987995147705,4.804804801940918,4.7054548263549805,4.789790153503418,4.744641304016113,336862800,Yahoo Finance,GOOGL,2026-09-18T13:25:36+08:00,confirmed
2005-04-20,4.96946907043457,5.017518043518066,4.902653217315674,4.957457065582275,4.910728931427002,617441940,Yahoo Finance,GOOGL,2026-09-18T13:25:36+08:00,confirmed
2005-04-21,5.0155158042907715,5.130129814147949,4.987987995147705,5.1106109619140625,5.062439441680908,709365924,Yahoo Finance,GOOGL,2026-09-18T13:25:36+08:00,confirmed
2005-04-22,5.578077793121338,5.6056060791015625,5.3618621826171875,5.400650978088379,5.34974479675293,1326875796,Yahoo Finance,GOOGL,2026-09-18T13:25:36+08:00,confirmed
2005-04-25,5.450951099395752,5.624124050140381,5.4434428215026855,5.593843936920166,5.541116714477539,792806400,Yahoo Finance,GOOGL,2026-09-18T13:25:36+08:00,confirmed
2005-04-26,5.511011123657227,5.555555820465088,5.46271276473999,5.474224090576172,5.422623634338379,690189120,Yahoo Finance,GOOGL,2026-09-18T13:25:36+08:00,confirmed
2005-04-27,5.455204963684082,5.5267767906188965,5.423923969268799,5.5,5.44815731048584,410181408,Yahoo Finance,GOOGL,2026-09-18T13:25:36+08:00,confirmed
2005-04-28,5.492992877960205,5.557558059692383,5.448197841644287,5.491742134094238,5.439977169036865,346964688,Yahoo Finance,GOOGL,2026-09-18T13:25:36+08:00,confirmed
2005-04-29,5.553302764892578,5.561811923980713,5.450951099395752,5.5055060386657715,5.453610897064209,366441192,Yahoo Finance,GOOGL,2026-09-18T13:25:36+08:00,confirmed
2005-05-02,5.556807041168213,5.598097801208496,5.51076078414917,5.562812805175781,5.510377407073975,390305304,Yahoo Finance,GOOGL,2026-09-18T13:25:36+08:00,confirmed
2005-05-03,5.551802158355713,5.709458827972412,5.538538932800293,5.660409927368164,5.607054233551025,710496792,Yahoo Finance,GOOGL,2026-09-18T13:25:36+08:00,confirmed
2005-05-04,5.686436176300049,5.752752780914307,5.680681228637695,5.718217849731445,5.664317607879639,482856660,Yahoo Finance,GOOGL,2026-09-18T13:25:36+08:00,confirmed
2005-05-05,5.721220970153809,5.721220970153809,5.652653217315674,5.680180072784424,5.626637935638428,300083616,Yahoo Finance,GOOGL,2026-09-18T13:25:36+08:00,confirmed
2005-05-06,5.7157158851623535,5.736987113952637,5.667417049407959,5.70620584487915,5.652419567108154,270285444,Yahoo Finance,GOOGL,2026-09-18T13:25:36+08:00,confirmed
2005-05-09,5.7057061195373535,5.718217849731445,5.641390800476074,5.656156063079834,5.602840900421143,221250528,Yahoo Finance,GOOGL,2026-09-18T13:25:36+08:00,confirmed
2005-05-10,5.642392158508301,5.7007012367248535,5.623623847961426,5.7007012367248535,5.646965503692627,253578168,Yahoo Finance,GOOGL,2026-09-18T13:25:36+08:00,confirmed
2005-05-11,5.729979991912842,5.805305004119873,5.703954219818115,5.7880377769470215,5.7334794998168945,458692848,Yahoo Finance,GOOGL,2026-09-18T13:25:36+08:00,confirmed
2005-05-12,5.776025772094727,5.8115620613098145,5.7107110023498535,5.723723888397217,5.669772624969482,357570072,Yahoo Finance,GOOGL,2026-09-18T13:25:36+08:00,confirmed
2005-05-13,5.735235214233398,5.7830328941345215,5.688689231872559,5.73673677444458,5.682662487030029,296323380,Yahoo Finance,GOOGL,2026-09-18T13:25:36+08:00,confirmed
2005-05-16,5.747747898101807,5.796296119689941,5.719970226287842,5.782032012939453,5.727530479431152,227028744,Yahoo Finance,GOOGL,2026-09-18T13:25:36+08:00,confirmed
2005-05-17,5.76977014541626,5.842092037200928,5.76076078414917,5.8340840339660645,5.7790913581848145,312043644,Yahoo Finance,GOOGL,2026-09-18T13:25:36+08:00,confirmed
2005-05-18,5.846096038818359,6.005255222320557,5.843843936920166,5.984984874725342,5.92857027053833,491987520,Yahoo Finance,GOOGL,2026-09-18T13:25:36+08:00,confirmed
2005-05-19,6.014514923095703,6.035284996032715,5.96271276473999,5.985485076904297,5.929065704345703,388271340,Yahoo Finance,GOOGL,2026-09-18T13:25:36+08:00,confirmed
2005-05-20,6.036285877227783,6.047798156738281,5.997247219085693,6.046296119689941,5.989303112030029,326213460,Yahoo Finance,GOOGL,2026-09-18T13:25:36+08:00,confirmed
2005-05-23,6.085084915161133,6.458959102630615,6.073823928833008,6.392642974853516,6.332386493682861,854676468,Yahoo Finance,GOOGL,2026-09-18T13:25:36+08:00,confirmed
2005-05-24,6.430429935455322,6.642642974853516,6.343843936920166,6.406405925750732,6.3460187911987305,1160562276,Yahoo Finance,GOOGL,2026-09-18T13:25:36+08:00,confirmed
2005-05-25,6.324574947357178,6.531031131744385,6.272021770477295,6.5267767906188965,6.465255260467529,721593684,Yahoo Finance,GOOGL,2026-09-18T13:25:36+08:00,confirmed
2005-05-26,6.53053092956543,6.6006011962890625,6.463963985443115,6.486485958099365,6.4253435134887695,541322136,Yahoo Finance,GOOGL,2026-09-18T13:25:36+08:00,confirmed
2005-05-27,6.518017768859863,6.657907962799072,6.487738132476807,6.6566572189331055,6.593911170959473,486876636,Yahoo Finance,GOOGL,2026-09-18T13:25:36+08:00,confirmed
2005-05-31,6.742492198944092,6.9669671058654785,6.740991115570068,6.938689231872559,6.873286247253418,888582528,Yahoo Finance,GOOGL,2026-09-18T13:25:36+08:00,confirmed
2005-06-01,7.087087154388428,7.329579830169678,7.057558059692383,7.207207202911377,7.1392717361450195,1406260332,Yahoo Finance,GOOGL,2026-09-18T13:25:36+08:00,confirmed
2005-06-02,7.225474834442139,7.251751899719238,7.122121810913086,7.204705238342285,7.136793613433838,718245036,Yahoo Finance,GOOGL,2026-09-18T13:25:36+08:00,confirmed
2005-06-03,7.176927089691162,7.239739894866943,6.942192077636719,7.013514041900635,6.947404384613037,750540708,Yahoo Finance,GOOGL,2026-09-18T13:25:36+08:00,confirmed
2005-06-06,7.066816806793213,7.351100921630859,7.052803039550781,7.280780792236328,7.212152481079102,900134964,Yahoo Finance,GOOGL,2026-09-18T13:25:36+08:00,confirmed
2005-06-07,7.434935092926025,7.497247219085693,7.264764785766602,7.335334777832031,7.266191482543945,971947080,Yahoo Finance,GOOGL,2026-09-18T13:25:36+08:00,confirmed
2005-06-08,7.328578948974609,7.337087154388428,6.95695686340332,6.995995998382568,6.930051803588867,1027007964,Yahoo Finance,GOOGL,2026-09-18T13:25:36+08:00,confirmed
2005-06-09,7.125124931335449,7.219719886779785,7.021020889282227,7.164915084838867,7.097379207611084,656986356,Yahoo Finance,GOOGL,2026-09-18T13:25:36+08:00,confirmed
2005-06-10,7.181931972503662,7.1891889572143555,7.007507801055908,7.069570064544678,7.002932548522949,507356136,Yahoo Finance,GOOGL,2026-09-18T13:25:36+08:00,confirmed
2005-06-13,7.002502918243408,7.1118621826171875,6.919919967651367,7.075826168060303,7.009129524230957,511615872,Yahoo Finance,GOOGL,2026-09-18T13:25:36+08:00,confirmed
2005-06-14,6.97172212600708,7.0380377769470215,6.9507012367248535,6.9657158851623535,6.900056838989258,403272324,Yahoo Finance,GOOGL,2026-09-18T13:25:36+08:00,confirmed
2005-06-15,6.881882190704346,6.939438819885254,6.692441940307617,6.8768768310546875,6.8120551109313965,834488676,Yahoo Finance,GOOGL,2026-09-18T13:25:36+08:00,confirmed
2005-06-16,6.863362789154053,6.96446418762207,6.833583831787109,6.942943096160889,6.877499103546143,497997504,Yahoo Finance,GOOGL,2026-09-18T13:25:36+08:00,confirmed
2005-06-17,6.981982231140137,7.014514923095703,6.904404163360596,7.014514923095703,6.948395729064941,416958624,Yahoo Finance,GOOGL,2026-09-18T13:25:36+08:00,confirmed
2005-06-20,6.909159183502197,7.198948860168457,6.800049781799316,7.174674987792969,7.1070475578308105,840147012,Yahoo Finance,GOOGL,2026-09-18T13:25:36+08:00,confirmed
2005-06-21,7.208959102630615,7.264764785766602,7.131381034851074,7.203203201293945,7.135305881500244,604686708,Yahoo Finance,GOOGL,2026-09-18T13:25:36+08:00,confirmed
2005-06-22,7.248999118804932,7.315314769744873,7.223974227905273,7.239739894866943,7.171497821807861,418541040,Yahoo Finance,GOOGL,2026-09-18T13:25:36+08:00,confirmed
2005-06-23,7.207207202911377,7.377627849578857,7.169670104980469,7.25,7.181661605834961,561693744,Yahoo Finance,GOOGL,2026-09-18T13:25:36+08:00,confirmed
2005-06-24,7.27977991104126,7.457457065582275,7.246747016906738,7.438689231872559,7.368572235107422,710137152,Yahoo Finance,GOOGL,2026-09-18T13:25:36+08:00,confirmed
2005-06-27,7.479979991912842,7.619369029998779,7.353854179382324,7.610109806060791,7.538377285003662,711403884,Yahoo Finance,GOOGL,2026-09-18T13:25:36+08:00,confirmed
2005-06-28,7.664665222167969,7.738988876342773,7.557558059692383,7.557558059692383,7.486320972442627,760698540,Yahoo Finance,GOOGL,2026-09-18T13:25:36+08:00,confirmed
2005-06-29,7.570069789886475,7.617116928100586,7.311060905456543,7.325325012207031,7.2562761306762695,731216052,Yahoo Finance,GOOGL,2026-09-18T13:25:36+08:00,confirmed
2005-06-30,7.365866184234619,7.480731010437012,7.283283233642578,7.361111164093018,7.291725158691406,603172224,Yahoo Finance,GOOGL,2026-09-18T13:25:36+08:00,confirmed
2005-07-01,7.383382797241211,7.413413047790527,7.237738132476807,7.288538932800293,7.219837188720703,368734896,Yahoo Finance,GOOGL,2026-09-18T13:25:36+08:00,confirmed
2005-07-05,7.309810161590576,7.406907081604004,7.263012886047363,7.400149822235107,7.3303961753845215,299460240,Yahoo Finance,GOOGL,2026-09-18T13:25:36+08:00,confirmed
2005-07-06,7.439939975738525,7.447446823120117,7.291791915893555,7.295294761657715,7.226529121398926,319691988,Yahoo Finance,GOOGL,2026-09-18T13:25:36+08:00,confirmed
2005-07-07,7.241991996765137,7.402401924133301,7.219970226287842,7.395895957946777,7.326181888580322,426457116,Yahoo Finance,GOOGL,2026-09-18T13:25:36+08:00,confirmed
2005-07-08,7.413663864135742,7.444944858551025,7.358609199523926,7.413163185119629,7.343286991119385,298005696,Yahoo Finance,GOOGL,2026-09-18T13:25:36+08:00,confirmed
2005-07-11,7.417417049407959,7.422421932220459,7.282783031463623,7.341091156005859,7.271894454956055,335276388,Yahoo Finance,GOOGL,2026-09-18T13:25:36+08:00,confirmed
2005-07-12,7.342092037200928,7.367366790771484,7.28053092956543,7.301802158355713,7.232975006103516,234361404,Yahoo Finance,GOOGL,2026-09-18T13:25:36+08:00,confirmed
2005-07-13,7.320069789886475,7.48848819732666,7.309810161590576,7.478979110717773,7.408482074737549,457058484,Yahoo Finance,GOOGL,2026-09-18T13:25:36+08:00,confirmed
2005-07-14,7.641140937805176,7.676425933837891,7.509259223937988,7.52977991104126,7.458803653717041,426281292,Yahoo Finance,GOOGL,2026-09-18T13:25:36+08:00,confirmed
2005-07-15,7.538538932800293,7.592593193054199,7.502001762390137,7.53728723526001,7.466239929199219,337198464,Yahoo Finance,GOOGL,2026-09-18T13:25:36+08:00,confirmed
2005-07-18,7.507507801055908,7.555055141448975,7.45120096206665,7.495995998382568,7.4253387451171875,248063688,Yahoo Finance,GOOGL,2026-09-18T13:25:36+08:00,confirmed
2005-07-19,7.560060024261475,7.766517162322998,7.552553176879883,7.755255222320557,7.682154178619385,504351144,Yahoo Finance,GOOGL,2026-09-18T13:25:36+08:00,confirmed
2005-07-20,7.646896839141846,7.823072910308838,7.552553176879883,7.807807922363281,7.734211444854736,571843584,Yahoo Finance,GOOGL,2026-09-18T13:25:36+08:00,confirmed
2005-07-21,7.859108924865723,7.952952861785889,7.7880377769470215,7.856356143951416,7.782301902770996,790784424,Yahoo Finance,GOOGL,2026-09-18T13:25:36+08:00,confirmed
2005-07-22,7.666916847229004,7.738988876342773,7.415666103363037,7.567567825317383,7.4962358474731445,934536528,Yahoo Finance,GOOGL,2026-09-18T13:25:36+08:00,confirmed
2005-07-25,7.567317008972168,7.589839935302734,7.381381034851074,7.403654098510742,7.333867073059082,385965648,Yahoo Finance,GOOGL,2026-09-18T13:25:36+08:00,confirmed
2005-07-26,7.382633209228516,7.457457065582275,7.3095598220825195,7.4096598625183105,7.339815616607666,392283324,Yahoo Finance,GOOGL,2026-09-18T13:25:36+08:00,confirmed
2005-07-27,7.450951099395752,7.463212966918945,7.317317008972168,7.430681228637695,7.360640048980713,288427284,Yahoo Finance,GOOGL,2026-09-18T13:25:36+08:00,confirmed
2005-07-28,7.44269323348999,7.44269323348999,7.339338779449463,7.344844818115234,7.2756123542785645,236786976,Yahoo Finance,GOOGL,2026-09-18T13:25:36+08:00,confirmed
2005-07-29,7.3108110427856445,7.3283281326293945,7.181931972503662,7.20120096206665,7.133322715759277,334197468,Yahoo Finance,GOOGL,2026-09-18T13:25:36+08:00,confirmed
2005-08-01,7.210209846496582,7.319819927215576,7.209710121154785,7.297547817230225,7.228761196136475,226269504,Yahoo Finance,GOOGL,2026-09-18T13:25:36+08:00,confirmed
2005-08-02,7.29729700088501,7.495494842529297,7.285284996032715,7.487236976623535,7.416662216186523,291316392,Yahoo Finance,GOOGL,2026-09-18T13:25:36+08:00,confirmed
2005-08-03,7.457457065582275,7.5005011558532715,7.397397041320801,7.439939975738525,7.369811058044434,236986776,Yahoo Finance,GOOGL,2026-09-18T13:25:36+08:00,confirmed
2005-08-04,7.396145820617676,7.482481956481934,7.388638973236084,7.4507012367248535,7.380471229553223,209250540,Yahoo Finance,GOOGL,2026-09-18T13:25:36+08:00,confirmed
2005-08-05,7.444944858551025,7.47022008895874,7.290040016174316,7.316065788269043,7.247105121612549,237350412,Yahoo Finance,GOOGL,2026-09-18T13:25:36+08:00,confirmed
2005-08-08,7.347346782684326,7.398649215698242,7.269519805908203,7.288538932800293,7.219837188720703,179092728,Yahoo Finance,GOOGL,2026-09-18T13:25:36+08:00,confirmed
2005-08-09,7.306305885314941,7.324324131011963,7.219970226287842,7.296546936035156,7.227768898010254,230940828,Yahoo Finance,GOOGL,2026-09-18T13:25:36+08:00,confirmed
2005-08-10,7.289790153503418,7.315566062927246,7.129128932952881,7.149148941040039,7.081760883331299,274884840,Yahoo Finance,GOOGL,2026-09-18T13:25:36+08:00,confirmed
2005-08-11,7.154404163360596,7.1716718673706055,7.022522926330566,7.108357906341553,7.041354656219482,300295404,Yahoo Finance,GOOGL,2026-09-18T13:25:36+08:00,confirmed
2005-08-12,7.091091156005859,7.262261867523193,7.04804801940918,7.250249862670898,7.181909084320068,263172564,Yahoo Finance,GOOGL,2026-09-18T13:25:36+08:00,confirmed
2005-08-15,7.252252101898193,7.326577186584473,7.101350784301758,7.107107162475586,7.0401153564453125,326661012,Yahoo Finance,GOOGL,2026-09-18T13:25:36+08:00,confirmed
2005-08-16,7.129128932952881,7.20195198059082,7.090590953826904,7.148397922515869,7.08101749420166,284083632,Yahoo Finance,GOOGL,2026-09-18T13:25:36+08:00,confirmed
2005-08-17,7.144895076751709,7.171421051025391,7.107107162475586,7.134634971618652,7.067383766174316,155176668,Yahoo Finance,GOOGL,2026-09-18T13:25:36+08:00,confirmed
2005-08-18,6.9046549797058105,7.019519805908203,6.881882190704346,7.006756782531738,6.940711975097656,474437088,Yahoo Finance,GOOGL,2026-09-18T13:25:36+08:00,confirmed
2005-08-19,7.031782150268555,7.043292999267578,6.997497081756592,7.007007122039795,6.9409589767456055,221494284,Yahoo Finance,GOOGL,2026-09-18T13:25:36+08:00,confirmed
2005-08-22,7.0380377769470215,7.04379415512085,6.840590953826904,6.857107162475586,6.792472839355469,272247480,Yahoo Finance,GOOGL,2026-09-18T13:25:36+08:00,confirmed
2005-08-23,6.9109110832214355,7.0005011558532715,6.859859943389893,6.996496200561523,6.93054723739624,232635132,Yahoo Finance,GOOGL,2026-09-18T13:25:36+08:00,confirmed
2005-08-24,6.94619607925415,7.125875949859619,6.918168067932129,7.0713210105896,7.004667282104492,343380276,Yahoo Finance,GOOGL,2026-09-18T13:25:36+08:00,confirmed
2005-08-25,7.0708208084106445,7.107107162475586,7.006256103515625,7.071822166442871,7.005162239074707,174888936,Yahoo Finance,GOOGL,2026-09-18T13:25:36+08:00,confirmed
2005-08-26,7.0940937995910645,7.132633209228516,7.073574066162109,7.096597194671631,7.0297040939331055,150061788,Yahoo Finance,GOOGL,2026-09-18T13:25:36+08:00,confirmed
2005-08-29,7.063063144683838,7.235235214233398,7.063063144683838,7.218468189239502,7.150427341461182,235883880,Yahoo Finance,GOOGL,2026-09-18T13:25:36+08:00,confirmed
2005-08-30,7.19194221496582,7.2449951171875,7.154153823852539,7.188939094543457,7.121176242828369,191488320,Yahoo Finance,GOOGL,2026-09-18T13:25:36+08:00,confirmed
2005-08-31,7.212963104248047,7.219719886779785,7.116116046905518,7.157156944274902,7.089693546295166,201158640,Yahoo Finance,GOOGL,2026-09-18T13:25:36+08:00,confirmed
2005-09-01,7.154904842376709,7.194694995880127,7.132132053375244,7.163413047790527,7.095890998840332,109574316,Yahoo Finance,GOOGL,2026-09-18T13:25:36+08:00,confirmed
2005-09-02,7.169919967651367,7.257007122039795,7.168168067932129,7.218468189239502,7.150427341461182,137242620,Yahoo Finance,GOOGL,2026-09-18T13:25:36+08:00,confirmed
2005-09-06,7.232232093811035,7.241991996765137,7.1771769523620605,7.184935092926025,7.117210388183594,168323508,Yahoo Finance,GOOGL,2026-09-18T13:25:36+08:00,confirmed
2005-09-07,7.154404163360596,7.394895076751709,7.139139175415039,7.379128932952881,7.309573173522949,299680020,Yahoo Finance,GOOGL,2026-09-18T13:25:36+08:00,confirmed
2005-09-08,7.3781280517578125,7.4894890785217285,7.341341018676758,7.392141819000244,7.322463512420654,264267468,Yahoo Finance,GOOGL,2026-09-18T13:25:36+08:00,confirmed
2005-09-09,7.439438819885254,7.484984874725342,7.421421051025391,7.484735012054443,7.414183616638184,175444380,Yahoo Finance,GOOGL,2026-09-18T13:25:36+08:00,confirmed
2005-09-12,7.551301002502441,7.793292999267578,7.532533168792725,7.751251220703125,7.678187847137451,415044540,Yahoo Finance,GOOGL,2026-09-18T13:25:36+08:00,confirmed
2005-09-13,7.732732772827148,7.896145820617676,7.661911964416504,7.799799919128418,7.726278781890869,411584004,Yahoo Finance,GOOGL,2026-09-18T13:25:36+08:00,confirmed
2005-09-14,7.72597599029541,7.839839935302734,7.515015125274658,7.582582950592041,7.511109352111816,450580968,Yahoo Finance,GOOGL,2026-09-18T13:25:36+08:00,confirmed
2005-09-15,7.495494842529297,7.676425933837891,7.455204963684082,7.573072910308838,7.5016889572143555,618029352,Yahoo Finance,GOOGL,2026-09-18T13:25:36+08:00,confirmed
2005-09-16,7.608108043670654,7.620120048522949,7.50425386428833,7.512513160705566,7.441700458526611,302888808,Yahoo Finance,GOOGL,2026-09-18T13:25:36+08:00,confirmed
2005-09-19,7.532533168792725,7.657658100128174,7.525275230407715,7.602352142333984,7.5306925773620605,230245524,Yahoo Finance,GOOGL,2026-09-18T13:25:36+08:00,confirmed
2005-09-20,7.661410808563232,7.790289878845215,7.638388156890869,7.7054548263549805,7.6328229904174805,373665960,Yahoo Finance,GOOGL,2026-09-18T13:25:36+08:00,confirmed
2005-09-21,7.717967987060547,7.851851940155029,7.6566572189331055,7.805305004119873,7.73173189163208,404383212,Yahoo Finance,GOOGL,2026-09-18T13:25:36+08:00,confirmed
2005-09-22,7.795294761657715,7.98848819732666,7.762012004852295,7.792041778564453,7.718594551086426,519735744,Yahoo Finance,GOOGL,2026-09-18T13:25:36+08:00,confirmed
2005-09-23,7.8328328132629395,7.938188076019287,7.822573184967041,7.891891956329346,7.817502975463867,339012648,Yahoo Finance,GOOGL,2026-09-18T13:25:36+08:00,confirmed
2005-09-26,7.995494842529297,8.031782150268555,7.821822166442871,7.864864826202393,7.7907304763793945,395380224,Yahoo Finance,GOOGL,2026-09-18T13:25:36+08:00,confirmed
2005-09-27,7.881631851196289,7.968217849731445,7.842341899871826,7.856356143951416,7.782301902770996,274649076,Yahoo Finance,GOOGL,2026-09-18T13:25:36+08:00,confirmed
2005-09-28,7.863362789154053,7.885385036468506,7.647647857666016,7.657658100128174,7.585476875305176,319576104,Yahoo Finance,GOOGL,2026-09-18T13:25:36+08:00,confirmed
2005-09-29,7.674674987792969,7.775775909423828,7.6596598625183105,7.748248100280762,7.67521333694458,224327448,Yahoo Finance,GOOGL,2026-09-18T13:25:36+08:00,confirmed
2005-09-30,7.863362789154053,7.9454450607299805,7.815064907073975,7.919418811798096,7.8447699546813965,365685948,Yahoo Finance,GOOGL,2026-09-18T13:25:36+08:00,confirmed
2005-10-03,7.848598957061768,8.010761260986328,7.827578067779541,7.974975109100342,7.899803161621094,366045588,Yahoo Finance,GOOGL,2026-09-18T13:25:36+08:00,confirmed
2005-10-04,8.006756782531738,8.040040016174316,7.776276111602783,7.782783031463623,7.7094221115112305,365406228,Yahoo Finance,GOOGL,2026-09-18T13:25:36+08:00,confirmed
2005-10-05,7.825075149536133,7.880380153656006,7.70770788192749,7.77552604675293,7.702234268188477,332802864,Yahoo Finance,GOOGL,2026-09-18T13:25:36+08:00,confirmed
2005-10-06,7.861361026763916,7.869870185852051,7.760009765625,7.826577186584473,7.752804756164551,319432248,Yahoo Finance,GOOGL,2026-09-18T13:25:36+08:00,confirmed
2005-10-07,7.877627849578857,7.924674987792969,7.771271228790283,7.832582950592041,7.758752822875977,270541188,Yahoo Finance,GOOGL,2026-09-18T13:25:36+08:00,confirmed
2005-10-10,7.840590953826904,7.878377914428711,7.736485958099365,7.77402400970459,7.700745582580566,222665112,Yahoo Finance,GOOGL,2026-09-18T13:25:36+08:00,confirmed
2005-10-11,7.7730231285095215,7.824073791503906,7.629128932952881,7.660160064697266,7.587955951690674,341362296,Yahoo Finance,GOOGL,2026-09-18T13:25:36+08:00,confirmed
2005-10-12,7.637638092041016,7.687437057495117,7.482481956481934,7.531782150268555,7.460787296295166,371875752,Yahoo Finance,GOOGL,2026-09-18T13:25:36+08:00,confirmed
2005-10-13,7.557558059692383,7.557558059692383,7.274273872375488,7.4434428215026855,7.3732805252075195,422285292,Yahoo Finance,GOOGL,2026-09-18T13:25:36+08:00,confirmed
2005-10-14,7.5050048828125,7.51326322555542,7.3208208084106445,7.4109110832214355,7.341055870056152,340423236,Yahoo Finance,GOOGL,2026-09-18T13:25:36+08:00,confirmed
2005-10-17,7.444944858551025,7.637638092041016,7.371370792388916,7.632633209228516,7.560687065124512,302365332,Yahoo Finance,GOOGL,2026-09-18T13:25:36+08:00,confirmed
2005-10-18,7.631631851196289,7.706707000732422,7.576076030731201,7.589590072631836,7.518050670623779,282828888,Yahoo Finance,GOOGL,2026-09-18T13:25:36+08:00,confirmed
2005-10-19,7.607607841491699,7.754505157470703,7.606606960296631,7.72522497177124,7.652406692504883,280147572,Yahoo Finance,GOOGL,2026-09-18T13:25:36+08:00,confirmed
2005-10-20,7.757507801055908,7.786036014556885,7.537787914276123,7.587587833404541,7.5160675048828125,555911532,Yahoo Finance,GOOGL,2026-09-18T13:25:36+08:00,confirmed
2005-10-21,8.653654098510742,8.669419288635254,8.333333015441895,8.506006240844727,8.425829887390137,914780304,Yahoo Finance,GOOGL,2026-09-18T13:25:36+08:00,confirmed
2005-10-24,8.592843055725098,8.741241455078125,8.563312530517578,8.724974632263184,8.642733573913574,376890732,Yahoo Finance,GOOGL,2026-09-18T13:25:36+08:00,confirmed
2005-10-25,8.653153419494629,8.693694114685059,8.580080032348633,8.68143081665039,8.59959888458252,274856868,Yahoo Finance,GOOGL,2026-09-18T13:25:36+08:00,confirmed
2005-10-26,8.665665626525879,8.90890884399414,8.663413047790527,8.89489459991455,8.811051368713379,355943700,Yahoo Finance,GOOGL,2026-09-18T13:25:36+08:00,confirmed
2005-10-27,8.923924446105957,8.936185836791992,8.800801277160645,8.835334777832031,8.75205135345459,205170624,Yahoo Finance,GOOGL,2026-09-18T13:25:36+08:00,confirmed
2005-10-28,8.890641212463379,8.982732772827148,8.884384155273438,8.963212966918945,8.878725051879883,235903860,Yahoo Finance,GOOGL,2026-09-18T13:25:36+08:00,confirmed
2005-10-31,9.0150146484375,9.378128051757812,8.996747016906738,9.312812805175781,9.225029945373535,573142284,Yahoo Finance,GOOGL,2026-09-18T13:25:36+08:00,confirmed
2005-11-01,9.305806159973145,9.607107162475586,9.23448371887207,9.493993759155273,9.40450382232666,653589756,Yahoo Finance,GOOGL,2026-09-18T13:25:36+08:00,confirmed
2005-11-02,9.552051544189453,9.634634971618652,9.438689231872559,9.50150203704834,9.41193962097168,422193384,Yahoo Finance,GOOGL,2026-09-18T13:25:36+08:00,confirmed
2005-11-03,9.569820404052734,9.674174308776855,9.54404354095459,9.658408164978027,9.567367553710938,297638064,Yahoo Finance,GOOGL,2026-09-18T13:25:36+08:00,confirmed
2005-11-04,9.759259223937988,9.80455493927002,9.645895957946777,9.77052116394043,9.678423881530762,352643004,Yahoo Finance,GOOGL,2026-09-18T13:25:36+08:00,confirmed
2005-11-07,9.8873872756958,9.946697235107422,9.81356430053711,9.885636329650879,9.792454719543457,383276340,Yahoo Finance,GOOGL,2026-09-18T13:25:36+08:00,confirmed
2005-11-08,9.86611557006836,9.899649620056152,9.724224090576172,9.757257461547852,9.665287017822266,315584100,Yahoo Finance,GOOGL,2026-09-18T13:25:36+08:00,confirmed
2005-11-09,9.67642593383789,9.71696662902832,9.460209846496582,9.488238334655762,9.398802757263184,418257324,Yahoo Finance,GOOGL,2026-09-18T13:25:36+08:00,confirmed
2005-11-10,9.468467712402344,9.793543815612793,9.445195198059082,9.787286758422852,9.695032119750977,364782852,Yahoo Finance,GOOGL,2026-09-18T13:25:36+08:00,confirmed
2005-11-11,9.887887954711914,9.932432174682617,9.73098087310791,9.769769668579102,9.677680015563965,282273444,Yahoo Finance,GOOGL,2026-09-18T13:25:36+08:00,confirmed
2005-11-14,9.812812805175781,9.96546459197998,9.79804801940918,9.934184074401855,9.840544700622559,312003684,Yahoo Finance,GOOGL,2026-09-18T13:25:36+08:00,confirmed
2005-11-15,9.869368553161621,9.934934616088867,9.783534049987793,9.829830169677734,9.737174987792969,344651004,Yahoo Finance,GOOGL,2026-09-18T13:25:36+08:00,confirmed
2005-11-16,9.914915084838867,9.981230735778809,9.8626127243042,9.963713645935059,9.869794845581055,347460192,Yahoo Finance,GOOGL,2026-09-18T13:25:36+08:00,confirmed
2005-11-17,10.055054664611816,10.105355262756348,9.998248100280762,10.096345901489258,10.001176834106445,368119512,Yahoo Finance,GOOGL,2026-09-18T13:25:36+08:00,confirmed
2005-11-18,10.097347259521484,10.122623443603516,10.006256103515625,10.015265464782715,9.920862197875977,280742976,Yahoo Finance,GOOGL,2026-09-18T13:25:36+08:00,confirmed
2005-11-21,9.989238739013672,10.259759902954102,9.847097396850586,10.244243621826172,10.14768123626709,412990596,Yahoo Finance,GOOGL,2026-09-18T13:25:36+08:00,confirmed
2005-11-22,10.226475715637207,10.443193435668945,10.165916442871094,10.422171592712402,10.323932647705078,383456160,Yahoo Finance,GOOGL,2026-09-18T13:25:36+08:00,confirmed
2005-11-23,10.43643569946289,10.628628730773926,10.404905319213867,10.58208179473877,10.482335090637207,402996600,Yahoo Finance,GOOGL,2026-09-18T13:25:36+08:00,confirmed
2005-11-25,10.655155181884766,10.72947883605957,10.643142700195312,10.726225852966309,10.625120162963867,193410396,Yahoo Finance,GOOGL,2026-09-18T13:25:36+08:00,confirmed
2005-11-28,10.756256103515625,10.791791915893555,10.571572303771973,10.5975980758667,10.497705459594727,439895664,Yahoo Finance,GOOGL,2026-09-18T13:25:36+08:00,confirmed
2005-11-29,10.622121810913086,10.670671463012695,10.06356430053711,10.098599433898926,10.003411293029785,858972168,Yahoo Finance,GOOGL,2026-09-18T13:25:36+08:00,confirmed
2005-11-30,10.116617202758789,10.221470832824707,9.89889907836914,10.132883071899414,10.037369728088379,623240136,Yahoo Finance,GOOGL,2026-09-18T13:25:36+08:00,confirmed
2005-12-01,10.240240097045898,10.396395683288574,10.217467308044434,10.3626127243042,10.264933586120605,389406204,Yahoo Finance,GOOGL,2026-09-18T13:25:36+08:00,confirmed
2005-12-02,10.433934211730957,10.498748779296875,10.356857299804688,10.452953338623047,10.354424476623535,301438260,Yahoo Finance,GOOGL,2026-09-18T13:25:36+08:00,confirmed
2005-12-05,10.43543529510498,10.447948455810547,10.117116928100586,10.15640640258789,10.060670852661133,411164424,Yahoo Finance,GOOGL,2026-09-18T13:25:36+08:00,confirmed
2005-12-06,10.227727890014648,10.420671463012695,10.052553176879883,10.123623847961426,10.028197288513184,604406988,Yahoo Finance,GOOGL,2026-09-18T13:25:36+08:00,confirmed
2005-12-07,10.164163589477539,10.177678108215332,9.985235214233398,10.115615844726562,10.020265579223633,466169364,Yahoo Finance,GOOGL,2026-09-18T13:25:36+08:00,confirmed
2005-12-08,10.142642974853516,10.276527404785156,10.076075553894043,10.276527404785156,10.179658889770508,356043600,Yahoo Finance,GOOGL,2026-09-18T13:25:36+08:00,confirmed
2005-12-09,10.385384559631348,10.404905319213867,10.224224090576172,10.240240097045898,10.143716812133789,305430264,Yahoo Finance,GOOGL,2026-09-18T13:25:36+08:00,confirmed
2005-12-12,10.376126289367676,10.390641212463379,10.25900936126709,10.325575828552246,10.228248596191406,277725996,Yahoo Finance,GOOGL,2026-09-18T13:25:36+08:00,confirmed
2005-12-13,10.322822570800781,10.46045970916748,10.301301002502441,10.447697639465332,10.34921646118164,326225448,Yahoo Finance,GOOGL,2026-09-18T13:25:36+08:00,confirmed
2005-12-14,10.43643569946289,10.503753662109375,10.397647857666016,10.48448371887207,10.38565731048584,264950784,Yahoo Finance,GOOGL,2026-09-18T13:25:36+08:00,confirmed
2005-12-15,10.488238334655762,10.589089393615723,10.42292308807373,10.574323654174805,10.474650382995605,241590168,Yahoo Finance,GOOGL,2026-09-18T13:25:36+08:00,confirmed
2005-12-16,10.644144058227539,10.823323249816895,10.579328536987305,10.764514923095703,10.663049697875977,652566780,Yahoo Finance,GOOGL,2026-09-18T13:25:36+08:00,confirmed
2005-12-19,10.815815925598145,11.16641616821289,10.513262748718262,10.625625610351562,10.525468826293945,876594528,Yahoo Finance,GOOGL,2026-09-18T13:25:36+08:00,confirmed
2005-12-20,10.707206726074219,10.815815925598145,10.627376556396484,10.754254341125488,10.652883529663086,402984612,Yahoo Finance,GOOGL,2026-09-18T13:25:36+08:00,confirmed
2005-12-21,10.849599838256836,10.932432174682617,10.528278350830078,10.66891860961914,10.568353652954102,448427124,Yahoo Finance,GOOGL,2026-09-18T13:25:36+08:00,confirmed
2005-12-22,10.805054664611816,10.832331657409668,10.65890884399414,10.811812400817871,10.709898948669434,301562136,Yahoo Finance,GOOGL,2026-09-18T13:25:36+08:00,confirmed
2005-12-23,10.81456470489502,10.823323249816895,10.730230331420898,10.78403377532959,10.68238353729248,183620196,Yahoo Finance,GOOGL,2026-09-18T13:25:36+08:00,confirmed
2005-12-27,10.807307243347168,10.807307243347168,10.579580307006836,10.626626968383789,10.526460647583008,267843888,Yahoo Finance,GOOGL,2026-09-18T13:25:36+08:00,confirmed
2005-12-28,10.619118690490723,10.705204963684082,10.542041778564453,10.67792797088623,10.577276229858398,284431284,Yahoo Finance,GOOGL,2026-09-18T13:25:36+08:00,confirmed
2005-12-29,10.710209846496582,10.728979110717773,10.489740371704102,10.514264106750488,10.415156364440918,277554168,Yahoo Finance,GOOGL,2026-09-18T13:25:36+08:00,confirmed
2005-12-30,10.442192077636719,10.465716361999512,10.353854179382324,10.381881713867188,10.28402042388916,303180516,Yahoo Finance,GOOGL,2026-09-18T13:25:36+08:00,confirmed
2006-01-03,10.57357406616211,10.902652740478516,10.46596622467041,10.891641616821289,10.788978576660156,524323152,Yahoo Finance,GOOGL,2026-09-18T13:25:36+08:00,confirmed
2006-01-04,11.108609199523926,11.235235214233398,11.004755020141602,11.142142295837402,11.037115097045898,610844544,Yahoo Finance,GOOGL,2026-09-18T13:25:36+08:00,confirmed
2006-01-05,11.161161422729492,11.300049781799316,11.048548698425293,11.292291641235352,11.185850143432617,431899668,Yahoo Finance,GOOGL,2026-09-18T13:25:36+08:00,confirmed
2006-01-06,11.433182716369629,11.774273872375488,11.342342376708984,11.653153419494629,11.543310165405273,709565724,Yahoo Finance,GOOGL,2026-09-18T13:25:36+08:00,confirmed
2006-01-09,11.671921730041504,11.846846580505371,11.535035133361816,11.684184074401855,11.574049949645996,511164324,Yahoo Finance,GOOGL,2026-09-18T13:25:36+08:00,confirmed
2006-01-10,11.622121810913086,11.768017768859863,11.562562942504883,11.755756378173828,11.64494800567627,363520116,Yahoo Finance,GOOGL,2026-09-18T13:25:36+08:00,confirmed
2006-01-11,11.793543815612793,11.889639854431152,11.741241455078125,11.802553176879883,11.691303253173828,359935704,Yahoo Finance,GOOGL,2026-09-18T13:25:36+08:00,confirmed
2006-01-12,11.854854583740234,11.886636734008789,11.549049377441406,11.602352142333984,11.492987632751465,404606988,Yahoo Finance,GOOGL,2026-09-18T13:25:36+08:00,confirmed
2006-01-13,11.619368553161621,11.683934211730957,11.551801681518555,11.66791820526123,11.557937622070312,305957736,Yahoo Finance,GOOGL,2026-09-18T13:25:36+08:00,confirmed
2006-01-17,11.588088035583496,11.759259223937988,11.574825286865234,11.689438819885254,11.579253196716309,330481188,Yahoo Finance,GOOGL,2026-09-18T13:25:36+08:00,confirmed
2006-01-18,11.193694114685059,11.44544506072998,11.092342376708984,11.13388442993164,11.028936386108398,818608572,Yahoo Finance,GOOGL,2026-09-18T13:25:36+08:00,confirmed
2006-01-19,11.29054069519043,11.348599433898926,10.835836410522461,10.922171592712402,10.819219589233398,580910508,Yahoo Finance,GOOGL,2026-09-18T13:25:36+08:00,confirmed
2006-01-20,10.97847843170166,11.011761665344238,9.878377914428711,9.996496200561523,9.90226936340332,1643023332,Yahoo Finance,GOOGL,2026-09-18T13:25:36+08:00,confirmed
2006-01-23,10.194695472717285,10.720470428466797,10.153403282165527,10.698198318481445,10.597359657287598,908746344,Yahoo Finance,GOOGL,2026-09-18T13:25:36+08:00,confirmed
2006-01-24,10.911662101745605,11.13488483428955,10.872873306274414,11.086836814880371,10.982333183288574,617965416,Yahoo Finance,GOOGL,2026-09-18T13:25:36+08:00,confirmed
2006-01-25,11.292793273925781,11.367116928100586,10.741241455078125,10.835836410522461,10.733698844909668,748842408,Yahoo Finance,GOOGL,2026-09-18T13:25:36+08:00,confirmed
2006-01-26,10.999499320983887,11.010761260986328,10.599599838256836,10.8676176071167,10.765178680419922,516526956,Yahoo Finance,GOOGL,2026-09-18T13:25:36+08:00,confirmed
2006-01-27,10.885886192321777,10.966465950012207,10.735235214233398,10.848097801208496,10.745841979980469,337749912,Yahoo Finance,GOOGL,2026-09-18T13:25:36+08:00,confirmed
2006-01-30,10.741491317749023,10.842843055725098,10.635636329650879,10.681180953979492,10.580498695373535,343212444,Yahoo Finance,GOOGL,2026-09-18T13:25:36+08:00,confirmed
2006-01-31,10.775025367736816,11.001001358032227,10.60986042022705,10.827326774597168,10.725269317626953,881757360,Yahoo Finance,GOOGL,2026-09-18T13:25:36+08:00,confirmed
2006-02-01,9.735485076904297,10.060059547424316,9.697697639465332,10.05455493927002,9.959779739379883,1083815100,Yahoo Finance,GOOGL,2026-09-18T13:25:36+08:00,confirmed
2006-02-02,10.105606079101562,10.172673225402832,9.909408569335938,9.910910606384277,9.817489624023438,471835692,Yahoo Finance,GOOGL,2026-09-18T13:25:36+08:00,confirmed
2006-02-03,9.850350379943848,9.857357025146484,9.32357406616211,9.548297882080078,9.458294868469238,730540728,Yahoo Finance,GOOGL,2026-09-18T13:25:36+08:00,confirmed
2006-02-06,9.6423921585083,9.757257461547852,9.49849796295166,9.637137413024902,9.546297073364258,357258384,Yahoo Finance,GOOGL,2026-09-18T13:25:36+08:00,confirmed
2006-02-07,9.584334373474121,9.602102279663086,9.092843055725098,9.207206726074219,9.120420455932617,664542792,Yahoo Finance,GOOGL,2026-09-18T13:25:36+08:00,confirmed
2006-02-08,9.221220970153809,9.276527404785156,8.875625610351562,9.236235618591309,9.149174690246582,831331836,Yahoo Finance,GOOGL,2026-09-18T13:25:36+08:00,confirmed
2006-02-09,9.289289474487305,9.369368553161621,8.911662101745605,8.978227615356445,8.893598556518555,476019504,Yahoo Finance,GOOGL,2026-09-18T13:25:36+08:00,confirmed
2006-02-10,9.057807922363281,9.121622085571289,8.837336540222168,9.074323654174805,8.988788604736328,608331060,Yahoo Finance,GOOGL,2026-09-18T13:25:36+08:00,confirmed
2006-02-13,8.674674987792969,8.773774147033691,8.555806159973145,8.651150703430176,8.569605827331543,787923288,Yahoo Finance,GOOGL,2026-09-18T13:25:36+08:00,confirmed
2006-02-14,8.641892433166504,8.801051139831543,8.56856918334961,8.591591835021973,8.510608673095703,585573840,Yahoo Finance,GOOGL,2026-09-18T13:25:36+08:00,confirmed
2006-02-15,8.540289878845215,8.658658981323242,8.454203605651855,8.56806755065918,8.487305641174316,517362120,Yahoo Finance,GOOGL,2026-09-18T13:25:36+08:00,confirmed
2006-02-16,8.650400161743164,9.184184074401855,8.620870590209961,9.170671463012695,9.084228515625,851767380,Yahoo Finance,GOOGL,2026-09-18T13:25:36+08:00,confirmed
2006-02-17,9.255756378173828,9.312812805175781,9.099599838256836,9.227977752685547,9.140995979309082,572235192,Yahoo Finance,GOOGL,2026-09-18T13:25:36+08:00,confirmed
2006-02-21,9.170169830322266,9.347847938537598,9.136886596679688,9.173924446105957,9.08745002746582,347092560,Yahoo Finance,GOOGL,2026-09-18T13:25:36+08:00,confirmed
2006-02-22,9.18793773651123,9.232982635498047,9.105606079101562,9.146395683288574,9.060181617736816,258788952,Yahoo Finance,GOOGL,2026-09-18T13:25:36+08:00,confirmed
2006-02-23,9.149398803710938,9.54054069519043,9.14389419555664,9.461211204528809,9.372030258178711,501561936,Yahoo Finance,GOOGL,2026-09-18T13:25:36+08:00,confirmed
2006-02-24,9.44194221496582,9.511260986328125,9.346596717834473,9.444443702697754,9.355420112609863,259112628,Yahoo Finance,GOOGL,2026-09-18T13:25:36+08:00,confirmed
2006-02-27,9.541291236877441,9.802302360534668,9.51651668548584,9.769268989562988,9.677183151245117,408079512,Yahoo Finance,GOOGL,2026-09-18T13:25:36+08:00,confirmed
2006-02-28,9.839839935302734,9.948448181152344,8.471220970153809,9.074575424194336,8.98903751373291,1575926496,Yahoo Finance,GOOGL,2026-09-18T13:25:36+08:00,confirmed
2006-03-01,9.223222732543945,9.245494842529297,9.041542053222656,9.129129409790039,9.04307746887207,481965552,Yahoo Finance,GOOGL,2026-09-18T13:25:36+08:00,confirmed
2006-03-02,9.11611557006836,9.537036895751953,9.064064025878906,9.420671463012695,9.331871032714844,732478788,Yahoo Finance,GOOGL,2026-09-18T13:25:36+08:00,confirmed
2006-03-03,9.617116928100586,9.690690994262695,9.403403282165527,9.463964462280273,9.374756813049316,478001520,Yahoo Finance,GOOGL,2026-09-18T13:25:36+08:00,confirmed
2006-03-06,9.532281875610352,9.594594955444336,9.187687873840332,9.211711883544922,9.124882698059082,357230412,Yahoo Finance,GOOGL,2026-09-18T13:25:36+08:00,confirmed
2006-03-07,9.134634971618652,9.220470428466797,8.962713241577148,9.120369911193848,9.034401893615723,414736848,Yahoo Finance,GOOGL,2026-09-18T13:25:36+08:00,confirmed
2006-03-08,8.857107162475586,9.009759902954102,8.772272109985352,8.855855941772461,8.772379875183105,469354176,Yahoo Finance,GOOGL,2026-09-18T13:25:36+08:00,confirmed
2006-03-09,8.893644332885742,8.972222328186035,8.546046257019043,8.58358383178711,8.50267505645752,555859584,Yahoo Finance,GOOGL,2026-09-18T13:25:36+08:00,confirmed
2006-03-10,8.59609603881836,8.621121406555176,8.297046661376953,8.445945739746094,8.366334915161133,772250976,Yahoo Finance,GOOGL,2026-09-18T13:25:36+08:00,confirmed
2006-03-13,8.531782150268555,8.661161422729492,8.394644737243652,8.434934616088867,8.355426788330078,545150304,Yahoo Finance,GOOGL,2026-09-18T13:25:36+08:00,confirmed
2006-03-14,8.43693733215332,8.81806755065918,8.323823928833008,8.787788391113281,8.704954147338867,737289972,Yahoo Finance,GOOGL,2026-09-18T13:25:36+08:00,confirmed
2006-03-15,8.778027534484863,8.816315650939941,8.521772384643555,8.621121406555176,8.539857864379883,510241248,Yahoo Finance,GOOGL,2026-09-18T13:25:36+08:00,confirmed
2006-03-16,8.723974227905273,8.727477073669434,8.45595645904541,8.477727890014648,8.39781665802002,400267332,Yahoo Finance,GOOGL,2026-09-18T13:25:36+08:00,confirmed
2006-03-17,8.47847843170166,8.55305290222168,8.381631851196289,8.503252983093262,8.423102378845215,341725932,Yahoo Finance,GOOGL,2026-09-18T13:25:36+08:00,confirmed
2006-03-20,8.56706714630127,8.761011123657227,8.547046661376953,8.713462829589844,8.631329536437988,415887696,Yahoo Finance,GOOGL,2026-09-18T13:25:36+08:00,confirmed
2006-03-21,8.75900936126709,8.800299644470215,8.485485076904297,8.50650691986084,8.426323890686035,392850756,Yahoo Finance,GOOGL,2026-09-18T13:25:36+08:00,confirmed
2006-03-22,8.502251625061035,8.61111068725586,8.445945739746094,8.51401424407959,8.433760643005371,303536160,Yahoo Finance,GOOGL,2026-09-18T13:25:36+08:00,confirmed
2006-03-23,8.567317008972168,8.6524019241333,8.513513565063477,8.555806159973145,8.475159645080566,297090612,Yahoo Finance,GOOGL,2026-09-18T13:25:36+08:00,confirmed
2006-03-24,9.224724769592285,9.26151180267334,9.071822166442871,9.154153823852539,9.067866325378418,606616776,Yahoo Finance,GOOGL,2026-09-18T13:25:36+08:00,confirmed
2006-03-27,9.18643569946289,9.302051544189453,9.134134292602539,9.25150203704834,9.164297103881836,280667052,Yahoo Finance,GOOGL,2026-09-18T13:25:36+08:00,confirmed
2006-03-28,9.302051544189453,9.45595645904541,9.288538932800293,9.439438819885254,9.350462913513184,357474168,Yahoo Finance,GOOGL,2026-09-18T13:25:36+08:00,confirmed
2006-03-29,9.508008003234863,9.9849853515625,9.497246742248535,9.884384155273438,9.791213035583496,760338900,Yahoo Finance,GOOGL,2026-09-18T13:25:36+08:00,confirmed
2006-03-30,9.73948860168457,9.847347259521484,9.599849700927734,9.720721244812012,9.629094123840332,587879532,Yahoo Finance,GOOGL,2026-09-18T13:25:36+08:00,confirmed
2006-03-31,9.728227615356445,9.806556701660156,9.610360145568848,9.759759902954102,9.667763710021973,1459395144,Yahoo Finance,GOOGL,2026-09-18T13:25:36+08:00,confirmed
2006-04-03,9.747998237609863,9.821572303771973,9.707958221435547,9.752251625061035,9.660327911376953,324583092,Yahoo Finance,GOOGL,2026-09-18T13:25:36+08:00,confirmed
2006-04-04,9.757257461547852,10.132633209228516,9.713212966918945,10.118618965148926,10.02324104309082,627999372,Yahoo Finance,GOOGL,2026-09-18T13:25:36+08:00,confirmed
2006-04-05,10.215214729309082,10.374625205993652,10.080580711364746,10.209959983825684,10.11371898651123,535883580,Yahoo Finance,GOOGL,2026-09-18T13:25:36+08:00,confirmed
2006-04-06,10.172422409057617,10.3576078414917,10.145895957946777,10.289790153503418,10.19279670715332,343596060,Yahoo Finance,GOOGL,2026-09-18T13:25:36+08:00,confirmed
2006-04-07,10.320570945739746,10.331582069396973,10.110610961914062,10.164163589477539,10.068355560302734,280754964,Yahoo Finance,GOOGL,2026-09-18T13:25:36+08:00,confirmed
2006-04-10,10.187187194824219,10.439689636230469,10.141390800476074,10.419919967651367,10.321702003479004,372431196,Yahoo Finance,GOOGL,2026-09-18T13:25:36+08:00,confirmed
2006-04-11,10.420921325683594,10.487988471984863,10.165665626525879,10.251751899719238,10.155118942260742,443843712,Yahoo Finance,GOOGL,2026-09-18T13:25:36+08:00,confirmed
2006-04-12,10.235235214233398,10.293543815612793,10.13988971710205,10.233983993530273,10.137517929077148,240439320,Yahoo Finance,GOOGL,2026-09-18T13:25:36+08:00,confirmed
2006-04-13,10.22597599029541,10.254254341125488,10.022522926330566,10.064064025878906,9.969200134277344,261853884,Yahoo Finance,GOOGL,2026-09-18T13:25:36+08:00,confirmed
2006-04-17,10.096345901489258,10.322822570800781,10.031030654907227,10.180681228637695,10.084718704223633,330049620,Yahoo Finance,GOOGL,2026-09-18T13:25:36+08:00,confirmed
2006-04-18,10.208457946777344,10.256006240844727,10.047548294067383,10.11611557006836,10.020761489868164,325178496,Yahoo Finance,GOOGL,2026-09-18T13:25:36+08:00,confirmed
2006-04-19,10.324575424194336,10.351350784301758,10.178427696228027,10.272772789001465,10.175942420959473,270996732,Yahoo Finance,GOOGL,2026-09-18T13:25:36+08:00,confirmed
2006-04-20,10.28553581237793,10.410409927368164,10.215214729309082,10.385384559631348,10.287492752075195,490369140,Yahoo Finance,GOOGL,2026-09-18T13:25:36+08:00,confirmed
2006-04-21,11.233734130859375,11.279278755187988,10.915164947509766,10.938438415527344,10.835333824157715,901149948,Yahoo Finance,GOOGL,2026-09-18T13:25:36+08:00,confirmed
2006-04-24,10.995996475219727,11.128628730773926,10.923924446105957,11.023524284362793,10.919615745544434,353102544,Yahoo Finance,GOOGL,2026-09-18T13:25:36+08:00,confirmed
2006-04-25,11.001751899719238,11.037036895751953,10.660660743713379,10.689689636230469,10.58892822265625,382377240,Yahoo Finance,GOOGL,2026-09-18T13:25:36+08:00,confirmed
2006-04-26,10.704203605651855,10.761761665344238,10.598849296569824,10.659910202026367,10.559432029724121,290820888,Yahoo Finance,GOOGL,2026-09-18T13:25:36+08:00,confirmed
2006-04-27,10.583333015441895,10.683432579040527,10.495244979858398,10.511260986328125,10.41218376159668,333182484,Yahoo Finance,GOOGL,2026-09-18T13:25:36+08:00,confirmed
2006-04-28,10.476225852966309,10.65390396118164,10.41791820526123,10.458958625793457,10.360374450683594,296555148,Yahoo Finance,GOOGL,2026-09-18T13:25:36+08:00,confirmed
2006-05-01,10.472222328186035,10.496496200561523,9.973724365234375,9.982481956481934,9.888386726379395,414033552,Yahoo Finance,GOOGL,2026-09-18T13:25:36+08:00,confirmed
2006-05-02,10.037036895751953,10.072321891784668,9.719719886779785,9.87987995147705,9.786752700805664,523647828,Yahoo Finance,GOOGL,2026-09-18T13:25:36+08:00,confirmed
2006-05-03,9.918668746948242,10.047548294067383,9.781782150268555,9.864113807678223,9.771134376525879,322565112,Yahoo Finance,GOOGL,2026-09-18T13:25:36+08:00,confirmed
2006-05-04,9.885636329650879,9.981732368469238,9.815065383911133,9.878628730773926,9.78551197052002,185893920,Yahoo Finance,GOOGL,2026-09-18T13:25:36+08:00,confirmed
2006-05-05,9.949950218200684,10.027027130126953,9.804304122924805,9.867366790771484,9.774357795715332,242357400,Yahoo Finance,GOOGL,2026-09-18T13:25:36+08:00,confirmed
2006-05-08,9.887638092041016,9.93793773651123,9.761011123657227,9.879379272460938,9.786255836486816,204539256,Yahoo Finance,GOOGL,2026-09-18T13:25:36+08:00,confirmed
2006-05-09,9.9024019241333,10.235235214233398,9.853604316711426,10.230230331420898,10.13379955291748,365258376,Yahoo Finance,GOOGL,2026-09-18T13:25:36+08:00,confirmed
2006-05-10,10.217967987060547,10.30305290222168,10.056556701660156,10.084585189819336,9.989526748657227,247240512,Yahoo Finance,GOOGL,2026-09-18T13:25:36+08:00,confirmed
2006-05-11,10.095596313476562,10.127878189086914,9.634134292602539,9.684684753417969,9.593396186828613,355356288,Yahoo Finance,GOOGL,2026-09-18T13:25:36+08:00,confirmed
2006-05-12,9.598097801208496,9.631381034851074,9.348097801208496,9.3626127243042,9.274359703063965,403100496,Yahoo Finance,GOOGL,2026-09-18T13:25:36+08:00,confirmed
2006-05-15,9.407657623291016,9.513262748718262,9.21546459197998,9.414414405822754,9.32567310333252,343260396,Yahoo Finance,GOOGL,2026-09-18T13:25:36+08:00,confirmed
2006-05-16,9.409158706665039,9.430931091308594,9.25650691986084,9.291791915893555,9.204207420349121,259384356,Yahoo Finance,GOOGL,2026-09-18T13:25:36+08:00,confirmed
2006-05-17,9.274524688720703,9.505505561828613,9.264764785766602,9.371871948242188,9.28353214263916,425326248,Yahoo Finance,GOOGL,2026-09-18T13:25:36+08:00,confirmed
2006-05-18,9.478979110717773,9.554804801940918,9.277027130126953,9.28403377532959,9.196523666381836,233166600,Yahoo Finance,GOOGL,2026-09-18T13:25:36+08:00,confirmed
2006-05-19,9.341341018676758,9.371871948242188,9.023273468017578,9.259759902954102,9.172478675842285,455472072,Yahoo Finance,GOOGL,2026-09-18T13:25:36+08:00,confirmed
2006-05-22,9.20545482635498,9.335084915161133,9.140390396118164,9.28303337097168,9.195531845092773,343831824,Yahoo Finance,GOOGL,2026-09-18T13:25:36+08:00,confirmed
2006-05-23,9.364615440368652,9.606607437133789,9.348347663879395,9.39889907836914,9.310304641723633,358960680,Yahoo Finance,GOOGL,2026-09-18T13:25:36+08:00,confirmed
2006-05-24,9.443193435668945,9.595596313476562,9.29955005645752,9.540790557861328,9.450859069824219,381769848,Yahoo Finance,GOOGL,2026-09-18T13:25:36+08:00,confirmed
2006-05-25,9.486486434936523,9.584585189819336,9.31706714630127,9.584334373474121,9.49399185180664,327456216,Yahoo Finance,GOOGL,2026-09-18T13:25:36+08:00,confirmed
2006-05-26,9.623373031616211,9.656657218933105,9.510259628295898,9.543292999267578,9.453339576721191,146533320,Yahoo Finance,GOOGL,2026-09-18T13:25:36+08:00,confirmed
2006-05-30,9.466465950012207,9.53453540802002,9.29554557800293,9.307807922363281,9.220070838928223,172467360,Yahoo Finance,GOOGL,2026-09-18T13:25:36+08:00,confirmed
2006-05-31,9.354353904724121,9.465716361999512,9.178679466247559,9.304804801940918,9.217097282409668,318932748,Yahoo Finance,GOOGL,2026-09-18T13:25:36+08:00,confirmed
2006-06-01,9.347847938537598,9.584334373474121,9.299299240112305,9.575075149536133,9.484821319580078,250868880,Yahoo Finance,GOOGL,2026-09-18T13:25:36+08:00,confirmed
2006-06-02,9.680681228637695,9.686687469482422,9.445695877075195,9.495494842529297,9.405990600585938,255200544,Yahoo Finance,GOOGL,2026-09-18T13:25:36+08:00,confirmed
2006-06-05,9.41391372680664,9.545796394348145,9.363113403320312,9.370369911193848,9.282044410705566,222117660,Yahoo Finance,GOOGL,2026-09-18T13:25:36+08:00,confirmed
2006-06-06,9.423924446105957,9.759759902954102,9.416916847229004,9.759510040283203,9.667516708374023,409981608,Yahoo Finance,GOOGL,2026-09-18T13:25:36+08:00,confirmed
2006-06-07,9.840841293334961,9.881381034851074,9.672171592712402,9.672422409057617,9.581250190734863,356095548,Yahoo Finance,GOOGL,2026-09-18T13:25:36+08:00,confirmed
2006-06-08,9.703453063964844,9.866617202758789,9.474224090576172,9.842342376708984,9.7495698928833,413965620,Yahoo Finance,GOOGL,2026-09-18T13:25:36+08:00,confirmed
2006-06-09,9.81456470489502,9.895646095275879,9.643392562866211,9.673924446105957,9.582738876342773,246053700,Yahoo Finance,GOOGL,2026-09-18T13:25:36+08:00,confirmed
2006-06-12,9.718217849731445,9.772022247314453,9.53453540802002,9.54804801940918,9.458047866821289,200563236,Yahoo Finance,GOOGL,2026-09-18T13:25:36+08:00,confirmed
2006-06-13,9.532032012939453,9.684684753417969,9.462462425231934,9.672673225402832,9.581499099731445,306057636,Yahoo Finance,GOOGL,2026-09-18T13:25:36+08:00,confirmed
2006-06-14,9.755505561828613,9.787286758422852,9.472472190856934,9.619368553161621,9.52869701385498,310569120,Yahoo Finance,GOOGL,2026-09-18T13:25:36+08:00,confirmed
2006-06-15,9.675174713134766,9.816065788269043,9.584585189819336,9.784785270690918,9.692554473876953,271156572,Yahoo Finance,GOOGL,2026-09-18T13:25:36+08:00,confirmed
2006-06-16,9.737236976623535,9.78303337097168,9.709710121154785,9.777276992797852,9.685115814208984,211971816,Yahoo Finance,GOOGL,2026-09-18T13:25:36+08:00,confirmed
2006-06-19,9.781030654907227,9.87987995147705,9.684184074401855,9.713212966918945,9.621655464172363,305018676,Yahoo Finance,GOOGL,2026-09-18T13:25:36+08:00,confirmed
2006-06-20,9.71045970916748,9.806556701660156,9.672422409057617,9.688939094543457,9.597611427307129,161434404,Yahoo Finance,GOOGL,2026-09-18T13:25:36+08:00,confirmed
2006-06-21,9.786286354064941,10.11011028289795,9.753503799438477,10.063312530517578,9.968457221984863,349426224,Yahoo Finance,GOOGL,2026-09-18T13:25:36+08:00,confirmed
2006-06-22,10.04955005645752,10.160160064697266,9.709710121154785,10.008758544921875,9.914416313171387,236239524,Yahoo Finance,GOOGL,2026-09-18T13:25:36+08:00,confirmed
2006-06-23,10.079078674316406,10.254003524780273,10.028529167175293,10.131631851196289,10.036131858825684,212379408,Yahoo Finance,GOOGL,2026-09-18T13:25:36+08:00,confirmed
2006-06-26,10.178929328918457,10.217718124389648,10.091341018676758,10.115615844726562,10.020265579223633,141905952,Yahoo Finance,GOOGL,2026-09-18T13:25:36+08:00,confirmed
2006-06-27,10.152902603149414,10.210209846496582,10.035284996032715,10.06806755065918,9.973164558410645,164119716,Yahoo Finance,GOOGL,2026-09-18T13:25:36+08:00,confirmed
2006-06-28,10.110360145568848,10.172171592712402,10.038288116455078,10.16291332244873,10.067116737365723,148271580,Yahoo Finance,GOOGL,2026-09-18T13:25:36+08:00,confirmed
2006-06-29,10.209959983825684,10.46546459197998,10.155655860900879,10.455705642700195,10.357150077819824,266061672,Yahoo Finance,GOOGL,2026-09-18T13:25:36+08:00,confirmed
2006-06-30,10.400400161743164,10.493743896484375,10.31856918334961,10.493743896484375,10.394830703735352,250069680,Yahoo Finance,GOOGL,2026-09-18T13:25:36+08:00,confirmed
2006-07-03,10.51151180267334,10.604854583740234,10.496747016906738,10.590591430664062,10.490765571594238,86181732,Yahoo Finance,GOOGL,2026-09-18T13:25:36+08:00,confirmed
2006-07-05,10.548548698425293,10.580580711364746,10.401400566101074,10.547046661376953,10.447630882263184,199224576,Yahoo Finance,GOOGL,2026-09-18T13:25:36+08:00,confirmed
2006-07-06,10.595094680786133,10.645145416259766,10.560059547424316,10.590339660644531,10.49051570892334,147336516,Yahoo Finance,GOOGL,2026-09-18T13:25:36+08:00,confirmed
2006-07-07,10.661911964416504,10.707958221435547,10.4074068069458,10.521772384643555,10.422593116760254,241434324,Yahoo Finance,GOOGL,2026-09-18T13:25:36+08:00,confirmed
2006-07-10,10.596596717834473,10.641390800476074,10.419919967651367,10.46546459197998,10.366817474365234,177278544,Yahoo Finance,GOOGL,2026-09-18T13:25:36+08:00,confirmed
2006-07-11,10.473222732543945,10.636886596679688,10.33608627319336,10.624625205993652,10.524477005004883,238613148,Yahoo Finance,GOOGL,2026-09-18T13:25:36+08:00,confirmed
2006-07-12,10.562812805175781,10.579078674316406,10.428679466247559,10.441692352294922,10.343267440795898,196071732,Yahoo Finance,GOOGL,2026-09-18T13:25:36+08:00,confirmed
2006-07-13,10.360360145568848,10.468969345092773,10.180931091308594,10.23098087310791,10.134544372558594,276703020,Yahoo Finance,GOOGL,2026-09-18T13:25:36+08:00,confirmed
2006-07-14,10.268519401550293,10.297548294067383,9.975225448608398,10.0975980758667,10.002419471740723,301781916,Yahoo Finance,GOOGL,2026-09-18T13:25:36+08:00,confirmed
2006-07-17,10.125876426696777,10.285284996032715,10.103102684020996,10.207456588745117,10.11124038696289,232243524,Yahoo Finance,GOOGL,2026-09-18T13:25:36+08:00,confirmed
2006-07-18,10.254003524780273,10.274524688720703,9.953453063964844,10.086336135864258,9.99126148223877,341130528,Yahoo Finance,GOOGL,2026-09-18T13:25:36+08:00,confirmed
2006-07-19,9.88513469696045,10.038538932800293,9.876376152038574,9.9849853515625,9.890867233276367,340399260,Yahoo Finance,GOOGL,2026-09-18T13:25:36+08:00,confirmed
2006-07-20,10.117116928100586,10.121121406555176,9.651150703430176,9.687687873840332,9.596372604370117,501046452,Yahoo Finance,GOOGL,2026-09-18T13:25:36+08:00,confirmed
2006-07-21,9.663163185119629,9.803553581237793,9.451702117919922,9.762513160705566,9.670491218566895,469713816,Yahoo Finance,GOOGL,2026-09-18T13:25:36+08:00,confirmed
2006-07-24,9.830329895019531,9.857107162475586,9.539790153503418,9.782281875610352,9.690074920654297,323120556,Yahoo Finance,GOOGL,2026-09-18T13:25:36+08:00,confirmed
2006-07-25,9.63513469696045,9.792543411254883,9.604604721069336,9.743743896484375,9.651900291442871,230213556,Yahoo Finance,GOOGL,2026-09-18T13:25:36+08:00,confirmed
2006-07-26,9.714715003967285,9.807558059692383,9.584585189819336,9.647147178649902,9.55621337890625,221054724,Yahoo Finance,GOOGL,2026-09-18T13:25:36+08:00,confirmed
2006-07-27,9.693943977355957,9.69694709777832,9.458208084106445,9.56956958770752,9.479364395141602,225418356,Yahoo Finance,GOOGL,2026-09-18T13:25:36+08:00,confirmed
2006-07-28,9.55955982208252,9.748748779296875,9.552803039550781,9.712713241577148,9.621161460876465,163180656,Yahoo Finance,GOOGL,2026-09-18T13:25:36+08:00,confirmed
2006-07-31,9.709710121154785,9.738988876342773,9.592342376708984,9.674674987792969,9.583481788635254,183628188,Yahoo Finance,GOOGL,2026-09-18T13:25:36+08:00,confirmed
2006-08-01,9.6373872756958,9.65390396118164,9.397147178649902,9.397147178649902,9.30856990814209,218309472,Yahoo Finance,GOOGL,2026-09-18T13:25:36+08:00,confirmed
2006-08-02,9.399398803710938,9.438689231872559,9.139139175415039,9.189940452575684,9.103315353393555,283628088,Yahoo Finance,GOOGL,2026-09-18T13:25:36+08:00,confirmed
2006-08-03,9.133633613586426,9.457206726074219,9.093092918395996,9.394144058227539,9.305596351623535,252826920,Yahoo Finance,GOOGL,2026-09-18T13:25:36+08:00,confirmed
2006-08-04,9.49849796295166,9.526527404785156,9.30305290222168,9.355606079101562,9.26742172241211,203604192,Yahoo Finance,GOOGL,2026-09-18T13:25:36+08:00,confirmed
2006-08-07,9.296796798706055,9.502753257751465,9.28803825378418,9.458208084106445,9.36905574798584,157718124,Yahoo Finance,GOOGL,2026-09-18T13:25:36+08:00,confirmed
2006-08-08,9.580080032348633,9.622121810913086,9.486737251281738,9.53453540802002,9.444663047790527,229498272,Yahoo Finance,GOOGL,2026-09-18T13:25:36+08:00,confirmed
2006-08-09,9.579580307006836,9.626626968383789,9.418417930603027,9.43293285369873,9.34401798248291,172267560,Yahoo Finance,GOOGL,2026-09-18T13:25:36+08:00,confirmed
2006-08-10,9.356355667114258,9.451201438903809,9.320820808410645,9.364363670349121,9.276095390319824,170305524,Yahoo Finance,GOOGL,2026-09-18T13:25:36+08:00,confirmed
2006-08-11,9.369368553161621,9.391390800476074,9.209209442138672,9.221721649169922,9.134797096252441,150509340,Yahoo Finance,GOOGL,2026-09-18T13:25:36+08:00,confirmed
2006-08-14,9.296796798706055,9.387638092041016,9.22597599029541,9.2449951171875,9.157849311828613,198533268,Yahoo Finance,GOOGL,2026-09-18T13:25:36+08:00,confirmed
2006-08-15,9.362112045288086,9.551301002502441,9.324323654174805,9.533783912658691,9.443918228149414,267660072,Yahoo Finance,GOOGL,2026-09-18T13:25:36+08:00,confirmed
2006-08-16,9.596596717834473,9.72097110748291,9.562562942504883,9.702703475952148,9.611246109008789,233893872,Yahoo Finance,GOOGL,2026-09-18T13:25:36+08:00,confirmed
2006-08-17,9.669419288635254,9.759759902954102,9.6076078414917,9.654655456542969,9.563650131225586,203004792,Yahoo Finance,GOOGL,2026-09-18T13:25:36+08:00,confirmed
2006-08-18,9.6674165725708,9.68693733215332,9.528278350830078,9.59359359741211,9.503164291381836,197889912,Yahoo Finance,GOOGL,2026-09-18T13:25:36+08:00,confirmed
2006-08-21,9.46196174621582,9.48448371887207,9.38988971710205,9.44194221496582,9.35294246673584,160771068,Yahoo Finance,GOOGL,2026-09-18T13:25:36+08:00,confirmed
2006-08-22,9.452703475952148,9.49099063873291,9.380379676818848,9.466716766357422,9.377484321594238,166397436,Yahoo Finance,GOOGL,2026-09-18T13:25:36+08:00,confirmed
2006-08-23,9.45044994354248,9.466216087341309,9.325825691223145,9.345094680786133,9.257006645202637,145546308,Yahoo Finance,GOOGL,2026-09-18T13:25:36+08:00,confirmed
2006-08-24,9.370369911193848,9.419419288635254,9.315815925598145,9.3526029586792,9.264444351196289,139160700,Yahoo Finance,GOOGL,2026-09-18T13:25:36+08:00,confirmed
2006-08-25,9.336336135864258,9.3923921585083,9.321822166442871,9.340841293334961,9.252795219421387,98569332,Yahoo Finance,GOOGL,2026-09-18T13:25:36+08:00,confirmed
2006-08-28,9.399649620056152,9.533283233642578,9.384384155273438,9.533283233642578,9.443422317504883,166393440,Yahoo Finance,GOOGL,2026-09-18T13:25:36+08:00,confirmed
2006-08-29,9.52902889251709,9.567567825317383,9.439438819885254,9.483233451843262,9.393845558166504,178221600,Yahoo Finance,GOOGL,2026-09-18T13:25:36+08:00,confirmed
2006-08-30,9.489740371704102,9.625876426696777,9.472222328186035,9.528278350830078,9.43846607208252,161614224,Yahoo Finance,GOOGL,2026-09-18T13:25:36+08:00,confirmed
2006-08-31,9.546796798706055,9.563312530517578,9.46446418762207,9.472723007202148,9.383432388305664,118277604,Yahoo Finance,GOOGL,2026-09-18T13:25:36+08:00,confirmed
2006-09-01,9.534283638000488,9.541542053222656,9.439188957214355,9.47447395324707,9.385168075561523,106809084,Yahoo Finance,GOOGL,2026-09-18T13:25:36+08:00,confirmed
2006-09-05,9.506256103515625,9.644644737243652,9.44544506072998,9.618618965148926,9.5279541015625,162809028,Yahoo Finance,GOOGL,2026-09-18T13:25:36+08:00,confirmed
2006-09-06,9.56206226348877,9.589339256286621,9.501001358032227,9.513012886047363,9.423341751098633,148815036,Yahoo Finance,GOOGL,2026-09-18T13:25:36+08:00,confirmed
2006-09-07,9.494243621826172,9.553302764892578,9.444443702697754,9.471721649169922,9.382442474365234,153526320,Yahoo Finance,GOOGL,2026-09-18T13:25:36+08:00,confirmed
2006-09-08,9.427427291870117,9.529278755187988,9.427427291870117,9.455705642700195,9.3665771484375,123212664,Yahoo Finance,GOOGL,2026-09-18T13:25:36+08:00,confirmed
2006-09-11,9.46596622467041,9.626876831054688,9.453703880310059,9.611862182617188,9.521260261535645,180986832,Yahoo Finance,GOOGL,2026-09-18T13:25:36+08:00,confirmed
2006-09-12,9.634634971618652,9.828078269958496,9.631631851196289,9.807307243347168,9.714863777160645,217470312,Yahoo Finance,GOOGL,2026-09-18T13:25:36+08:00,confirmed
2006-09-13,9.888639450073242,10.179179191589355,9.8873872756958,10.174424171447754,10.078520774841309,390337272,Yahoo Finance,GOOGL,2026-09-18T13:25:36+08:00,confirmed
2006-09-14,10.1176176071167,10.167166709899902,10.058307647705078,10.109609603881836,10.014317512512207,214429356,Yahoo Finance,GOOGL,2026-09-18T13:25:36+08:00,confirmed
2006-09-15,10.197196960449219,10.26151180267334,10.178679466247559,10.257257461547852,10.160571098327637,313214472,Yahoo Finance,GOOGL,2026-09-18T13:25:36+08:00,confirmed
2006-09-18,10.260259628295898,10.477727890014648,10.246996879577637,10.377628326416016,10.279807090759277,283983732,Yahoo Finance,GOOGL,2026-09-18T13:25:36+08:00,confirmed
2006-09-19,10.396897315979004,10.397647857666016,9.828328132629395,10.105355262756348,10.010102272033691,571144284,Yahoo Finance,GOOGL,2026-09-18T13:25:36+08:00,confirmed
2006-09-20,10.187687873840332,10.194945335388184,9.875374794006348,9.934934616088867,9.841288566589355,365546088,Yahoo Finance,GOOGL,2026-09-18T13:25:36+08:00,confirmed
2006-09-21,10.017518043518066,10.221470832824707,10.00650691986084,10.18143081665039,10.085460662841797,427256316,Yahoo Finance,GOOGL,2026-09-18T13:25:36+08:00,confirmed
2006-09-22,10.134634971618652,10.196446418762207,10.04404354095459,10.104604721069336,10.009358406066895,185798016,Yahoo Finance,GOOGL,2026-09-18T13:25:36+08:00,confirmed
2006-09-25,10.149649620056152,10.246496200561523,10.072572708129883,10.109609603881836,10.014317512512207,229262508,Yahoo Finance,GOOGL,2026-09-18T13:25:36+08:00,confirmed
2006-09-26,10.147647857666016,10.202201843261719,10.054304122924805,10.18193244934082,10.085958480834961,211364424,Yahoo Finance,GOOGL,2026-09-18T13:25:36+08:00,confirmed
2006-09-27,10.167668342590332,10.290790557861328,10.069318771362305,10.083083152770996,9.988038063049316,234832932,Yahoo Finance,GOOGL,2026-09-18T13:25:36+08:00,confirmed
2006-09-28,10.112112045288086,10.184684753417969,10.023524284362793,10.099599838256836,10.004400253295898,204091704,Yahoo Finance,GOOGL,2026-09-18T13:25:36+08:00,confirmed
2006-09-29,10.138387680053711,10.150650978088379,10.045294761657715,10.057558059692383,9.962754249572754,132303564,Yahoo Finance,GOOGL,2026-09-18T13:25:36+08:00,confirmed
2006-10-02,10.057558059692383,10.160160064697266,10.030030250549316,10.046046257019043,9.951351165771484,145929924,Yahoo Finance,GOOGL,2026-09-18T13:25:36+08:00,confirmed
2006-10-03,10.042291641235352,10.171671867370605,9.964715003967285,10.11111068725586,10.0158052444458,218369412,Yahoo Finance,GOOGL,2026-09-18T13:25:36+08:00,confirmed
2006-10-04,10.134384155273438,10.404655456542969,10.086336135864258,10.402902603149414,10.304844856262207,266205528,Yahoo Finance,GOOGL,2026-09-18T13:25:36+08:00,confirmed
2006-10-05,10.377878189086914,10.466465950012207,10.281782150268555,10.305556297302246,10.208415031433105,231360408,Yahoo Finance,GOOGL,2026-09-18T13:25:36+08:00,confirmed
2006-10-06,10.265766143798828,10.558307647705078,10.254003524780273,10.523022651672363,10.423832893371582,293166540,Yahoo Finance,GOOGL,2026-09-18T13:25:36+08:00,confirmed
2006-10-09,10.630631446838379,10.80955982208252,10.59609603881836,10.735735893249512,10.634540557861328,303028668,Yahoo Finance,GOOGL,2026-09-18T13:25:36+08:00,confirmed
2006-10-10,10.799799919128418,10.957206726074219,10.570320129394531,10.676926612854004,10.576286315917969,391152456,Yahoo Finance,GOOGL,2026-09-18T13:25:36+08:00,confirmed
2006-10-11,10.636136054992676,10.758508682250977,10.604604721069336,10.673172950744629,10.572566986083984,225190584,Yahoo Finance,GOOGL,2026-09-18T13:25:36+08:00,confirmed
2006-10-12,10.724724769592285,10.752753257751465,10.610610961914062,10.696697235107422,10.595870971679688,193566240,Yahoo Finance,GOOGL,2026-09-18T13:25:36+08:00,confirmed
2006-10-13,10.704705238342285,10.748248100280762,10.649649620056152,10.693193435668945,10.592399597167969,144755100,Yahoo Finance,GOOGL,2026-09-18T13:25:36+08:00,confirmed
2006-10-16,10.703203201293945,10.740740776062012,10.54404354095459,10.554304122924805,10.454818725585938,172603224,Yahoo Finance,GOOGL,2026-09-18T13:25:36+08:00,confirmed
2006-10-17,10.518017768859863,10.604353904724121,10.42792797088623,10.526527404785156,10.427305221557617,208231560,Yahoo Finance,GOOGL,2026-09-18T13:25:36+08:00,confirmed
2006-10-18,10.585334777832031,10.629379272460938,10.447948455810547,10.493243217468262,10.394333839416504,240451308,Yahoo Finance,GOOGL,2026-09-18T13:25:36+08:00,confirmed
2006-10-19,10.516265869140625,10.748248100280762,10.499750137329102,10.662161827087402,10.561660766601562,459679860,Yahoo Finance,GOOGL,2026-09-18T13:25:36+08:00,confirmed
2006-10-20,11.486235618591309,11.51401424407959,11.35110092163086,11.503252983093262,11.394822120666504,465450084,Yahoo Finance,GOOGL,2026-09-18T13:25:36+08:00,confirmed
2006-10-23,11.56856918334961,12.128128051757812,11.520771026611328,12.031532287597656,11.918124198913574,603575820,Yahoo Finance,GOOGL,2026-09-18T13:25:36+08:00,confirmed
2006-10-24,11.91891860961914,11.958457946777344,11.797046661376953,11.844594955444336,11.732949256896973,346061592,Yahoo Finance,GOOGL,2026-09-18T13:25:36+08:00,confirmed
2006-10-25,11.949198722839355,12.224724769592285,11.889639854431152,12.177177429199219,12.062395095825195,367132500,Yahoo Finance,GOOGL,2026-09-18T13:25:36+08:00,confirmed
2006-10-26,12.204203605651855,12.311310768127441,12.117116928100586,12.139639854431152,12.025211334228516,280986732,Yahoo Finance,GOOGL,2026-09-18T13:25:36+08:00,confirmed
2006-10-27,12.109609603881836,12.143142700195312,11.824073791503906,11.891892433166504,11.779800415039062,263895840,Yahoo Finance,GOOGL,2026-09-18T13:25:36+08:00,confirmed
2006-10-30,11.8823823928833,12.023524284362793,11.762011528015137,11.926176071166992,11.813760757446289,262261476,Yahoo Finance,GOOGL,2026-09-18T13:25:36+08:00,confirmed
2006-10-31,11.963462829589844,12.066065788269043,11.857857704162598,11.921671867370605,11.809298515319824,251164584,Yahoo Finance,GOOGL,2026-09-18T13:25:36+08:00,confirmed
2006-11-01,11.98098087310791,11.990240097045898,11.643142700195312,11.699198722839355,11.588922500610352,216834948,Yahoo Finance,GOOGL,2026-09-18T13:25:36+08:00,confirmed
2006-11-02,11.699198722839355,11.85510540008545,11.671171188354492,11.759510040283203,11.648663520812988,209258532,Yahoo Finance,GOOGL,2026-09-18T13:25:36+08:00,confirmed
2006-11-03,11.817567825317383,11.855606079101562,11.638137817382812,11.806806564331055,11.695515632629395,196111692,Yahoo Finance,GOOGL,2026-09-18T13:25:36+08:00,confirmed
2006-11-06,11.85610580444336,12.003503799438477,11.820070266723633,11.935686111450195,11.823180198669434,199460340,Yahoo Finance,GOOGL,2026-09-18T13:25:36+08:00,confirmed
2006-11-07,11.935686111450195,11.987486839294434,11.806056022644043,11.826075553894043,11.714603424072266,195688116,Yahoo Finance,GOOGL,2026-09-18T13:25:36+08:00,confirmed
2006-11-08,11.77052116394043,12.055556297302246,11.726726531982422,11.886886596679688,11.77484130859375,318281400,Yahoo Finance,GOOGL,2026-09-18T13:25:36+08:00,confirmed
2006-11-09,11.924424171447754,11.999249458312988,11.808307647705078,11.827577590942383,11.71609115600586,194972832,Yahoo Finance,GOOGL,2026-09-18T13:25:36+08:00,confirmed
2006-11-10,11.856355667114258,11.87987995147705,11.76901912689209,11.850601196289062,11.738897323608398,111756132,Yahoo Finance,GOOGL,2026-09-18T13:25:36+08:00,confirmed
2006-11-13,11.884384155273438,12.041291236877441,11.865365028381348,12.037788391113281,11.924321174621582,173502324,Yahoo Finance,GOOGL,2026-09-18T13:25:36+08:00,confirmed
2006-11-14,12.029529571533203,12.261011123657227,12.024524688720703,12.244745254516602,12.129325866699219,288647064,Yahoo Finance,GOOGL,2026-09-18T13:25:36+08:00,confirmed
2006-11-15,12.348097801208496,12.508758544921875,12.310561180114746,12.310561180114746,12.194520950317383,334493172,Yahoo Finance,GOOGL,2026-09-18T13:25:36+08:00,confirmed
2006-11-16,12.3873872756958,12.45445442199707,12.326326370239258,12.409910202026367,12.292935371398926,203500296,Yahoo Finance,GOOGL,2026-09-18T13:25:36+08:00,confirmed
2006-11-17,12.34359359741211,12.504003524780273,12.337336540222168,12.482232093811035,12.364575386047363,220219560,Yahoo Finance,GOOGL,2026-09-18T13:25:36+08:00,confirmed
2006-11-20,12.472472190856934,12.472472190856934,12.32857894897461,12.388639450073242,12.271864891052246,204775020,Yahoo Finance,GOOGL,2026-09-18T13:25:36+08:00,confirmed
2006-11-21,12.425926208496094,12.762763023376465,12.408158302307129,12.754003524780273,12.633783340454102,336762900,Yahoo Finance,GOOGL,2026-09-18T13:25:36+08:00,confirmed
2006-11-22,12.787036895751953,12.837838172912598,12.657156944274902,12.712963104248047,12.593130111694336,179847972,Yahoo Finance,GOOGL,2026-09-18T13:25:36+08:00,confirmed
2006-11-24,12.62512493133545,12.700200080871582,12.6126127243042,12.637638092041016,12.518516540527344,69238692,Yahoo Finance,GOOGL,2026-09-18T13:25:36+08:00,confirmed
2006-11-27,12.546796798706055,12.55705738067627,12.130881309509277,12.130881309509277,12.016534805297852,292695012,Yahoo Finance,GOOGL,2026-09-18T13:25:36+08:00,confirmed
2006-11-28,12.040289878845215,12.258758544921875,11.937687873840332,12.249750137329102,12.134284019470215,311592096,Yahoo Finance,GOOGL,2026-09-18T13:25:36+08:00,confirmed
2006-11-29,12.368368148803711,12.380881309509277,12.068318367004395,12.128377914428711,12.014055252075195,252359388,Yahoo Finance,GOOGL,2026-09-18T13:25:36+08:00,confirmed
2006-11-30,12.116867065429688,12.272272109985352,12.050801277160645,12.1323823928833,12.018023490905762,222876900,Yahoo Finance,GOOGL,2026-09-18T13:25:36+08:00,confirmed
2006-12-01,12.161662101745605,12.221972465515137,11.97447395324707,12.032032012939453,11.918617248535156,225030744,Yahoo Finance,GOOGL,2026-09-18T13:25:36+08:00,confirmed
2006-12-04,12.08708667755127,12.197948455810547,11.995745658874512,12.133382797241211,12.019012451171875,195800004,Yahoo Finance,GOOGL,2026-09-18T13:25:36+08:00,confirmed
2006-12-05,12.197196960449219,12.248248100280762,12.134384155273438,12.187187194824219,12.072311401367188,163955880,Yahoo Finance,GOOGL,2026-09-18T13:25:36+08:00,confirmed
2006-12-06,12.186185836791992,12.322321891784668,12.12512493133545,12.22998046875,12.114700317382812,177833988,Yahoo Finance,GOOGL,2026-09-18T13:25:36+08:00,confirmed
2006-12-07,12.268017768859863,12.307307243347168,12.072572708129883,12.078078269958496,11.964231491088867,186385428,Yahoo Finance,GOOGL,2026-09-18T13:25:36+08:00,confirmed
2006-12-08,12.060561180114746,12.227227210998535,12.012011528015137,12.11486530303955,12.000670433044434,158837004,Yahoo Finance,GOOGL,2026-09-18T13:25:36+08:00,confirmed
2006-12-11,12.13513469696045,12.234734535217285,12.107107162475586,12.110360145568848,11.996208190917969,130405464,Yahoo Finance,GOOGL,2026-09-18T13:25:36+08:00,confirmed
2006-12-12,12.108358383178711,12.171171188354492,12.01901912689209,12.056556701660156,11.942911148071289,167072760,Yahoo Finance,GOOGL,2026-09-18T13:25:36+08:00,confirmed
2006-12-13,12.129379272460938,12.149649620056152,11.937437057495117,11.986737251281738,11.873748779296875,186297516,Yahoo Finance,GOOGL,2026-09-18T13:25:36+08:00,confirmed
2006-12-14,12.018267631530762,12.105855941772461,11.943443298339844,12.065065383911133,11.951339721679688,189766044,Yahoo Finance,GOOGL,2026-09-18T13:25:36+08:00,confirmed
2006-12-15,12.078078269958496,12.11486530303955,12.008008003234863,12.019519805908203,11.906225204467773,207424368,Yahoo Finance,GOOGL,2026-09-18T13:25:36+08:00,confirmed
2006-12-18,12.074825286865234,12.080580711364746,11.529529571533203,11.581582069396973,11.472414016723633,320343336,Yahoo Finance,GOOGL,2026-09-18T13:25:36+08:00,confirmed
2006-12-19,11.55455493927002,11.744494438171387,11.473974227905273,11.727477073669434,11.616933822631836,263216520,Yahoo Finance,GOOGL,2026-09-18T13:25:36+08:00,confirmed
2006-12-20,11.761761665344238,11.799299240112305,11.569820404052734,11.584083557128906,11.474892616271973,174537288,Yahoo Finance,GOOGL,2026-09-18T13:25:36+08:00,confirmed
2006-12-21,11.61611557006836,11.642892837524414,11.319820404052734,11.41641616821289,11.30880355834961,277853868,Yahoo Finance,GOOGL,2026-09-18T13:25:36+08:00,confirmed
2006-12-22,11.448948860168457,11.477477073669434,11.329580307006836,11.400900840759277,11.293437004089355,159372468,Yahoo Finance,GOOGL,2026-09-18T13:25:36+08:00,confirmed
2006-12-26,11.424424171447754,11.498248100280762,11.376126289367676,11.449700355529785,11.341776847839355,82889028,Yahoo Finance,GOOGL,2026-09-18T13:25:36+08:00,confirmed
2006-12-27,11.51151180267334,11.713713645935059,11.488988876342773,11.712462425231934,11.602060317993164,169090740,Yahoo Finance,GOOGL,2026-09-18T13:25:36+08:00,confirmed
2006-12-28,11.689689636230469,11.726225852966309,11.567817687988281,11.575575828552246,11.466464042663574,124523352,Yahoo Finance,GOOGL,2026-09-18T13:25:36+08:00,confirmed
2006-12-29,11.564064025878906,11.623373031616211,11.508008003234863,11.523524284362793,11.41490364074707,102265632,Yahoo Finance,GOOGL,2026-09-18T13:25:36+08:00,confirmed
2007-01-03,11.661662101745605,11.928427696228027,11.539289474487305,11.701451301574707,11.591153144836426,307951740,Yahoo Finance,GOOGL,2026-09-18T13:25:36+08:00,confirmed
2007-01-04,11.736737251281738,12.110860824584961,11.720470428466797,12.09359359741211,11.979598999023438,315188496,Yahoo Finance,GOOGL,2026-09-18T13:25:36+08:00,confirmed
2007-01-05,12.074575424194336,12.199700355529785,11.964715003967285,12.19194221496582,12.077019691467285,274609116,Yahoo Finance,GOOGL,2026-09-18T13:25:36+08:00,confirmed
2007-01-08,12.20445442199707,12.25900936126709,12.06706714630127,12.101601600646973,11.987531661987305,189985824,Yahoo Finance,GOOGL,2026-09-18T13:25:36+08:00,confirmed
2007-01-09,12.148398399353027,12.218467712402344,12.042041778564453,12.149649620056152,12.035125732421875,215040744,Yahoo Finance,GOOGL,2026-09-18T13:25:36+08:00,confirmed
2007-01-10,12.122873306274414,12.35110092163086,12.06306266784668,12.248748779296875,12.133293151855469,238501260,Yahoo Finance,GOOGL,2026-09-18T13:25:36+08:00,confirmed
2007-01-11,12.442441940307617,12.556305885314941,12.416916847229004,12.505505561828613,12.387627601623535,288039672,Yahoo Finance,GOOGL,2026-09-18T13:25:36+08:00,confirmed
2007-01-12,12.562312126159668,12.637638092041016,12.512513160705566,12.637638092041016,12.518516540527344,178769052,Yahoo Finance,GOOGL,2026-09-18T13:25:36+08:00,confirmed
2007-01-16,12.701451301574707,12.837838172912598,12.595094680786133,12.619620323181152,12.500667572021484,302453244,Yahoo Finance,GOOGL,2026-09-18T13:25:36+08:00,confirmed
2007-01-17,12.597347259521484,12.70695686340332,12.371871948242188,12.444443702697754,12.327141761779785,267696036,Yahoo Finance,GOOGL,2026-09-18T13:25:36+08:00,confirmed
2007-01-18,12.375374794006348,12.424424171447754,12.197948455810547,12.207958221435547,12.092885971069336,237042720,Yahoo Finance,GOOGL,2026-09-18T13:25:36+08:00,confirmed
2007-01-19,12.211711883544922,12.281281471252441,12.180681228637695,12.256006240844727,12.140480041503906,198932868,Yahoo Finance,GOOGL,2026-09-18T13:25:36+08:00,confirmed
2007-01-22,12.324825286865234,12.32857894897461,11.97447395324707,12.03303337097168,11.919611930847168,215955828,Yahoo Finance,GOOGL,2026-09-18T13:25:36+08:00,confirmed
2007-01-23,12.031782150268555,12.130881309509277,11.944193840026855,11.988238334655762,11.875235557556152,186433380,Yahoo Finance,GOOGL,2026-09-18T13:25:36+08:00,confirmed
2007-01-24,12.123373031616211,12.501001358032227,12.094344139099121,12.489238739013672,12.371517181396484,242129628,Yahoo Finance,GOOGL,2026-09-18T13:25:36+08:00,confirmed
2007-01-25,12.537537574768066,12.62512493133545,12.153654098510742,12.21446418762207,12.09933090209961,254485260,Yahoo Finance,GOOGL,2026-09-18T13:25:36+08:00,confirmed
2007-01-26,12.28553581237793,12.459959983825684,12.18793773651123,12.408408164978027,12.291447639465332,219640140,Yahoo Finance,GOOGL,2026-09-18T13:25:36+08:00,confirmed
2007-01-29,12.462462425231934,12.481230735778809,12.274774551391602,12.324073791503906,12.207905769348145,190836972,Yahoo Finance,GOOGL,2026-09-18T13:25:36+08:00,confirmed
2007-01-30,12.362361907958984,12.462462425231934,12.292793273925781,12.370369911193848,12.253767013549805,167052780,Yahoo Finance,GOOGL,2026-09-18T13:25:36+08:00,confirmed
2007-01-31,12.424674987792969,12.637638092041016,12.400150299072266,12.550049781799316,12.431753158569336,487755756,Yahoo Finance,GOOGL,2026-09-18T13:25:36+08:00,confirmed
2007-02-01,12.662663459777832,12.66291332244873,12.050299644470215,12.055806159973145,11.942167282104492,625721652,Yahoo Finance,GOOGL,2026-09-18T13:25:36+08:00,confirmed
2007-02-02,12.077326774597168,12.137137413024902,11.957206726074219,12.04955005645752,11.9359712600708,251208540,Yahoo Finance,GOOGL,2026-09-18T13:25:36+08:00,confirmed
2007-02-05,11.949448585510254,11.96196174621582,11.66641616821289,11.690690994262695,11.580493927001953,287987724,Yahoo Finance,GOOGL,2026-09-18T13:25:36+08:00,confirmed
2007-02-06,11.714214324951172,11.844344139099121,11.693193435668945,11.798798561096191,11.687582969665527,212663124,Yahoo Finance,GOOGL,2026-09-18T13:25:36+08:00,confirmed
2007-02-07,11.857357025146484,11.870620727539062,11.731230735778809,11.762011528015137,11.651143074035645,164627208,Yahoo Finance,GOOGL,2026-09-18T13:25:36+08:00,confirmed
2007-02-08,11.712963104248047,11.855606079101562,11.640390396118164,11.787537574768066,11.67642879486084,162904932,Yahoo Finance,GOOGL,2026-09-18T13:25:36+08:00,confirmed
2007-02-09,11.80305290222168,11.828828811645508,11.549049377441406,11.558809280395508,11.44985580444336,194149656,Yahoo Finance,GOOGL,2026-09-18T13:25:36+08:00,confirmed
2007-02-12,11.528529167175293,11.571320533752441,11.386886596679688,11.468718528747559,11.360614776611328,229949820,Yahoo Finance,GOOGL,2026-09-18T13:25:36+08:00,confirmed
2007-02-13,11.490240097045898,11.58108139038086,11.44294261932373,11.488988876342773,11.380693435668945,162341496,Yahoo Finance,GOOGL,2026-09-18T13:25:36+08:00,confirmed
2007-02-14,11.51151180267334,11.739990234375,11.491991996765137,11.659910202026367,11.550004959106445,227724048,Yahoo Finance,GOOGL,2026-09-18T13:25:36+08:00,confirmed
2007-02-15,11.661662101745605,11.664915084838867,11.529529571533203,11.548297882080078,11.439443588256836,161534304,Yahoo Finance,GOOGL,2026-09-18T13:25:36+08:00,confirmed
2007-02-16,11.581582069396973,11.76551628112793,11.56306266784668,11.760259628295898,11.649408340454102,246832920,Yahoo Finance,GOOGL,2026-09-18T13:25:36+08:00,confirmed
2007-02-20,11.723472595214844,11.830580711364746,11.629379272460938,11.814313888549805,11.702953338623047,162541296,Yahoo Finance,GOOGL,2026-09-18T13:25:36+08:00,confirmed
2007-02-21,11.757758140563965,11.978979110717773,11.705204963684082,11.908408164978027,11.796160697937012,225398376,Yahoo Finance,GOOGL,2026-09-18T13:25:36+08:00,confirmed
2007-02-22,11.979228973388672,12.118118286132812,11.871622085571289,11.908158302307129,11.79591178894043,229526244,Yahoo Finance,GOOGL,2026-09-18T13:25:36+08:00,confirmed
2007-02-23,11.905655860900879,11.935686111450195,11.706707000732422,11.777276992797852,11.666264533996582,155148696,Yahoo Finance,GOOGL,2026-09-18T13:25:36+08:00,confirmed
2007-02-26,11.8325834274292,11.893142700195312,11.605355262756348,11.63488483428955,11.525214195251465,158637204,Yahoo Finance,GOOGL,2026-09-18T13:25:36+08:00,confirmed
2007-02-27,11.386385917663574,11.50650691986084,11.19044017791748,11.230480194091797,11.124622344970703,372139488,Yahoo Finance,GOOGL,2026-09-18T13:25:36+08:00,confirmed
2007-02-28,11.27152156829834,11.353102684020996,11.08708667755127,11.247496604919434,11.14147663116455,320970708,Yahoo Finance,GOOGL,2026-09-18T13:25:36+08:00,confirmed
2007-03-01,11.077828407287598,11.321822166442871,11.011011123657227,11.21696662902832,11.111235618591309,347060592,Yahoo Finance,GOOGL,2026-09-18T13:25:36+08:00,confirmed
2007-03-02,11.13888931274414,11.228729248046875,10.977977752685547,10.977977752685547,10.874500274658203,263080656,Yahoo Finance,GOOGL,2026-09-18T13:25:36+08:00,confirmed
2007-03-05,10.93643569946289,11.148649215698242,10.935935974121094,11.034785270690918,10.930770874023438,253949796,Yahoo Finance,GOOGL,2026-09-18T13:25:36+08:00,confirmed
2007-03-06,11.197948455810547,11.486486434936523,11.195695877075195,11.450200080871582,11.342269897460938,301046652,Yahoo Finance,GOOGL,2026-09-18T13:25:36+08:00,confirmed
2007-03-07,11.578828811645508,11.590089797973633,11.368618965148926,11.4024019241333,11.294923782348633,261102636,Yahoo Finance,GOOGL,2026-09-18T13:25:36+08:00,confirmed
2007-03-08,11.491991996765137,11.649148941040039,11.363863945007324,11.379379272460938,11.272119522094727,214297488,Yahoo Finance,GOOGL,2026-09-18T13:25:36+08:00,confirmed
2007-03-09,11.461461067199707,11.471470832824707,11.263764381408691,11.335334777832031,11.228487968444824,198908892,Yahoo Finance,GOOGL,2026-09-18T13:25:36+08:00,confirmed
2007-03-12,11.325575828552246,11.392642974853516,11.28903865814209,11.38012981414795,11.27286148071289,138477384,Yahoo Finance,GOOGL,2026-09-18T13:25:36+08:00,confirmed
2007-03-13,11.26401424407959,11.30955982208252,11.081831932067871,11.086836814880371,10.982333183288574,254836908,Yahoo Finance,GOOGL,2026-09-18T13:25:36+08:00,confirmed
2007-03-14,11.091841697692871,11.227727890014648,10.98598575592041,11.211211204528809,11.1055326461792,320355324,Yahoo Finance,GOOGL,2026-09-18T13:25:36+08:00,confirmed
2007-03-15,11.207708358764648,11.256756782531738,11.109609603881836,11.165916442871094,11.0606689453125,157610232,Yahoo Finance,GOOGL,2026-09-18T13:25:36+08:00,confirmed
2007-03-16,11.1524019241333,11.178679466247559,11.008257865905762,11.032281875610352,10.928291320800781,226137636,Yahoo Finance,GOOGL,2026-09-18T13:25:36+08:00,confirmed
2007-03-19,11.092342376708984,11.223724365234375,11.026777267456055,11.19194221496582,11.086444854736328,207700092,Yahoo Finance,GOOGL,2026-09-18T13:25:36+08:00,confirmed
2007-03-20,11.155905723571777,11.201201438903809,11.10110092163086,11.143142700195312,11.038107872009277,136723140,Yahoo Finance,GOOGL,2026-09-18T13:25:36+08:00,confirmed
2007-03-21,11.143644332885742,11.425676345825195,11.141390800476074,11.425174713134766,11.31748104095459,231700068,Yahoo Finance,GOOGL,2026-09-18T13:25:36+08:00,confirmed
2007-03-22,11.401652336120605,11.565815925598145,11.324575424194336,11.562562942504883,11.453573226928711,227000772,Yahoo Finance,GOOGL,2026-09-18T13:25:36+08:00,confirmed
2007-03-23,11.547798156738281,11.596345901489258,11.438438415527344,11.557307243347168,11.448368072509766,164287548,Yahoo Finance,GOOGL,2026-09-18T13:25:36+08:00,confirmed
2007-03-26,11.525275230407715,11.636636734008789,11.401902198791504,11.636636734008789,11.526949882507324,188223588,Yahoo Finance,GOOGL,2026-09-18T13:25:36+08:00,confirmed
2007-03-27,11.600350379943848,11.6423921585083,11.52001953125,11.602102279663086,11.492740631103516,149498352,Yahoo Finance,GOOGL,2026-09-18T13:25:36+08:00,confirmed
2007-03-28,11.558307647705078,11.647647857666016,11.515265464782715,11.55855941772461,11.44960880279541,183480336,Yahoo Finance,GOOGL,2026-09-18T13:25:36+08:00,confirmed
2007-03-29,11.625374794006348,11.661662101745605,11.386385917663574,11.53453540802002,11.425812721252441,159380460,Yahoo Finance,GOOGL,2026-09-18T13:25:36+08:00,confirmed
2007-03-30,11.564064025878906,11.596596717834473,11.414915084838867,11.46546459197998,11.357391357421875,135072792,Yahoo Finance,GOOGL,2026-09-18T13:25:36+08:00,confirmed
2007-04-02,11.45545482635498,11.474724769592285,11.314313888549805,11.474724769592285,11.36656379699707,137802060,Yahoo Finance,GOOGL,2026-09-18T13:25:36+08:00,confirmed
2007-04-03,11.612862586975098,11.868118286132812,11.611612319946289,11.826827049255371,11.715347290039062,259811928,Yahoo Finance,GOOGL,2026-09-18T13:25:36+08:00,confirmed
2007-04-04,11.815315246582031,11.836836814880371,11.751251220703125,11.787286758422852,11.676179885864258,151000848,Yahoo Finance,GOOGL,2026-09-18T13:25:36+08:00,confirmed
2007-04-05,11.794294357299805,11.814064025878906,11.752251625061035,11.79955005645752,11.688326835632324,108523368,Yahoo Finance,GOOGL,2026-09-18T13:25:36+08:00,confirmed
2007-04-09,11.836336135864258,11.836836814880371,11.651400566101074,11.71696662902832,11.606522560119629,122361516,Yahoo Finance,GOOGL,2026-09-18T13:25:36+08:00,confirmed
2007-04-10,11.688939094543457,11.781532287597656,11.640641212463379,11.674174308776855,11.564133644104004,119052828,Yahoo Finance,GOOGL,2026-09-18T13:25:36+08:00,confirmed
2007-04-11,11.663163185119629,11.746747016906738,11.576827049255371,11.62487506866455,11.515298843383789,152327520,Yahoo Finance,GOOGL,2026-09-18T13:25:36+08:00,confirmed
2007-04-12,11.611612319946289,11.711711883544922,11.567567825317383,11.696446418762207,11.586194038391113,108207684,Yahoo Finance,GOOGL,2026-09-18T13:25:36+08:00,confirmed
2007-04-13,11.722972869873047,11.73098087310791,11.595596313476562,11.66891860961914,11.558926582336426,111680208,Yahoo Finance,GOOGL,2026-09-18T13:25:36+08:00,confirmed
2007-04-16,11.723222732543945,11.936687469482422,11.71546459197998,11.868618965148926,11.756746292114258,202912884,Yahoo Finance,GOOGL,2026-09-18T13:25:36+08:00,confirmed
2007-04-17,11.856857299804688,11.921671867370605,11.801801681518555,11.831831932067871,11.720306396484375,128275596,Yahoo Finance,GOOGL,2026-09-18T13:25:36+08:00,confirmed
2007-04-18,11.793292999267578,12.009510040283203,11.75,11.912161827087402,11.799877166748047,226593180,Yahoo Finance,GOOGL,2026-09-18T13:25:36+08:00,confirmed
2007-04-19,11.874374389648438,12.060811042785645,11.75150203704834,11.80305290222168,11.691797256469727,439943616,Yahoo Finance,GOOGL,2026-09-18T13:25:36+08:00,confirmed
2007-04-20,12.275275230407715,12.324825286865234,12.062562942504883,12.074073791503906,11.960264205932617,485973540,Yahoo Finance,GOOGL,2026-09-18T13:25:36+08:00,confirmed
2007-04-23,12.014514923095703,12.137137413024902,11.968467712402344,11.988988876342773,11.875981330871582,226757016,Yahoo Finance,GOOGL,2026-09-18T13:25:36+08:00,confirmed
2007-04-24,11.977227210998535,12.01151180267334,11.900650978088379,11.950200080871582,11.837556838989258,147640212,Yahoo Finance,GOOGL,2026-09-18T13:25:36+08:00,confirmed
2007-04-25,12.012011528015137,12.046296119689941,11.914665222167969,11.961711883544922,11.848960876464844,158513328,Yahoo Finance,GOOGL,2026-09-18T13:25:36+08:00,confirmed
2007-04-26,11.96446418762207,12.123373031616211,11.939689636230469,12.041542053222656,11.9280366897583,164831004,Yahoo Finance,GOOGL,2026-09-18T13:25:36+08:00,confirmed
2007-04-27,12.013764381408691,12.07207202911377,11.970219612121582,11.987236976623535,11.874244689941406,116910972,Yahoo Finance,GOOGL,2026-09-18T13:25:36+08:00,confirmed
2007-04-30,11.990740776062012,12.045796394348145,11.796296119689941,11.796296119689941,11.685105323791504,145502352,Yahoo Finance,GOOGL,2026-09-18T13:25:36+08:00,confirmed
2007-05-01,11.816567420959473,11.83208179473877,11.615865707397461,11.736737251281738,11.626107215881348,146181672,Yahoo Finance,GOOGL,2026-09-18T13:25:36+08:00,confirmed
2007-05-02,11.727977752685547,11.788788795471191,11.654905319213867,11.656155586242676,11.546283721923828,122385492,Yahoo Finance,GOOGL,2026-09-18T13:25:36+08:00,confirmed
2007-05-03,11.667166709899902,11.863614082336426,11.64389419555664,11.8425931930542,11.730965614318848,143624232,Yahoo Finance,GOOGL,2026-09-18T13:25:36+08:00,confirmed
2007-05-04,11.764764785766602,11.882883071899414,11.658658981323242,11.789790153503418,11.678661346435547,157842000,Yahoo Finance,GOOGL,2026-09-18T13:25:36+08:00,confirmed
2007-05-07,11.815315246582031,11.832331657409668,11.673422813415527,11.693443298339844,11.583219528198242,120683196,Yahoo Finance,GOOGL,2026-09-18T13:25:36+08:00,confirmed
2007-05-08,11.664915084838867,11.71596622467041,11.62987995147705,11.68193244934082,11.571817398071289,116087796,Yahoo Finance,GOOGL,2026-09-18T13:25:36+08:00,confirmed
2007-05-09,11.665414810180664,11.805054664611816,11.608609199523926,11.742993354797363,11.632304191589355,155440404,Yahoo Finance,GOOGL,2026-09-18T13:25:36+08:00,confirmed
2007-05-10,11.687687873840332,11.748998641967773,11.537036895751953,11.548297882080078,11.439443588256836,147304548,Yahoo Finance,GOOGL,2026-09-18T13:25:36+08:00,confirmed
2007-05-11,11.557307243347168,11.686687469482422,11.536537170410156,11.680179595947266,11.57008171081543,117646236,Yahoo Finance,GOOGL,2026-09-18T13:25:36+08:00,confirmed
2007-05-14,11.648649215698242,11.699448585510254,11.51151180267334,11.556056022644043,11.447129249572754,154753092,Yahoo Finance,GOOGL,2026-09-18T13:25:36+08:00,confirmed
2007-05-15,11.560561180114746,11.575075149536133,11.446697235107422,11.461461067199707,11.353424072265625,164595240,Yahoo Finance,GOOGL,2026-09-18T13:25:36+08:00,confirmed
2007-05-16,11.561561584472656,11.840339660644531,11.486987113952637,11.82707691192627,11.715595245361328,261905832,Yahoo Finance,GOOGL,2026-09-18T13:25:36+08:00,confirmed
2007-05-17,11.823323249816895,11.8923921585083,11.782032012939453,11.785785675048828,11.67469310760498,186237576,Yahoo Finance,GOOGL,2026-09-18T13:25:36+08:00,confirmed
2007-05-18,11.812562942504883,11.829328536987305,11.755505561828613,11.769769668579102,11.658827781677246,147688164,Yahoo Finance,GOOGL,2026-09-18T13:25:36+08:00,confirmed
2007-05-21,11.75,11.991991996765137,11.679679870605469,11.776777267456055,11.66576862335205,246125628,Yahoo Finance,GOOGL,2026-09-18T13:25:36+08:00,confirmed
2007-05-22,11.836836814880371,11.987236976623535,11.836836814880371,11.908408164978027,11.796160697937012,153406440,Yahoo Finance,GOOGL,2026-09-18T13:25:36+08:00,confirmed
2007-05-23,12.032532691955566,12.097347259521484,11.855606079101562,11.86111068725586,11.749308586120605,202205592,Yahoo Finance,GOOGL,2026-09-18T13:25:36+08:00,confirmed
2007-05-24,11.890641212463379,11.991991996765137,11.799299240112305,11.87012004852295,11.758233070373535,166777056,Yahoo Finance,GOOGL,2026-09-18T13:25:36+08:00,confirmed
2007-05-25,12.004505157470703,12.135886192321777,11.943694114685059,12.100099563598633,11.986043930053711,213726060,Yahoo Finance,GOOGL,2026-09-18T13:25:36+08:00,confirmed
2007-05-29,12.137137413024902,12.307307243347168,12.112112045288086,12.189940452575684,12.075039863586426,208511280,Yahoo Finance,GOOGL,2026-09-18T13:25:36+08:00,confirmed
2007-05-30,12.124625205993652,12.48348331451416,12.08708667755127,12.477477073669434,12.35986614227295,289542168,Yahoo Finance,GOOGL,2026-09-18T13:25:36+08:00,confirmed
2007-05-31,12.526527404785156,12.732232093811035,12.438939094543457,12.460209846496582,12.34276008605957,356615028,Yahoo Finance,GOOGL,2026-09-18T13:25:36+08:00,confirmed
2007-06-01,12.537537574768066,12.638137817382812,12.460710525512695,12.522522926330566,12.404484748840332,191768040,Yahoo Finance,GOOGL,2026-09-18T13:25:36+08:00,confirmed
2007-06-04,12.460209846496582,12.77552604675293,12.452201843261719,12.689438819885254,12.569828987121582,283755960,Yahoo Finance,GOOGL,2026-09-18T13:25:36+08:00,confirmed
2007-06-05,12.75650691986084,12.987988471984863,12.67792797088623,12.983983993530273,12.861598014831543,417466116,Yahoo Finance,GOOGL,2026-09-18T13:25:36+08:00,confirmed
2007-06-06,12.931681632995605,13.032532691955566,12.894393920898438,12.969219207763672,12.846972465515137,315152532,Yahoo Finance,GOOGL,2026-09-18T13:25:36+08:00,confirmed
2007-06-07,13.006756782531738,13.175676345825195,12.825575828552246,12.889389038085938,12.767894744873047,424794780,Yahoo Finance,GOOGL,2026-09-18T13:25:36+08:00,confirmed
2007-06-08,12.91791820526123,13.004003524780273,12.749249458312988,12.900150299072266,12.778554916381836,254073672,Yahoo Finance,GOOGL,2026-09-18T13:25:36+08:00,confirmed
2007-06-11,12.863363265991211,12.969219207763672,12.762763023376465,12.796296119689941,12.675677299499512,185722092,Yahoo Finance,GOOGL,2026-09-18T13:25:36+08:00,confirmed
2007-06-12,12.730480194091797,12.80455493927002,12.591841697692871,12.631881713867188,12.51281452178955,256523220,Yahoo Finance,GOOGL,2026-09-18T13:25:36+08:00,confirmed
2007-06-13,12.689940452575684,12.726225852966309,12.479729652404785,12.643644332885742,12.524465560913086,281078640,Yahoo Finance,GOOGL,2026-09-18T13:25:36+08:00,confirmed
2007-06-14,12.647147178649902,12.659660339355469,12.555054664611816,12.58358383178711,12.464970588684082,184663152,Yahoo Finance,GOOGL,2026-09-18T13:25:36+08:00,confirmed
2007-06-15,12.717467308044434,12.737737655639648,12.543292999267578,12.659910202026367,12.540576934814453,246717036,Yahoo Finance,GOOGL,2026-09-18T13:25:36+08:00,confirmed
2007-06-18,12.667166709899902,12.91291332244873,12.618618965148926,12.892892837524414,12.77136516571045,193242564,Yahoo Finance,GOOGL,2026-09-18T13:25:36+08:00,confirmed
2007-06-19,12.863113403320312,12.944193840026855,12.801301002502441,12.870620727539062,12.749300956726074,174037788,Yahoo Finance,GOOGL,2026-09-18T13:25:36+08:00,confirmed
2007-06-20,12.93693733215332,12.981732368469238,12.739238739013672,12.762011528015137,12.641716003417969,173354472,Yahoo Finance,GOOGL,2026-09-18T13:25:36+08:00,confirmed
2007-06-21,12.787286758422852,12.895145416259766,12.669670104980469,12.865615844726562,12.744344711303711,176211612,Yahoo Finance,GOOGL,2026-09-18T13:25:36+08:00,confirmed
2007-06-22,12.923422813415527,13.137887954711914,12.915414810180664,13.137638092041016,13.013802528381348,287859852,Yahoo Finance,GOOGL,2026-09-18T13:25:36+08:00,confirmed
2007-06-25,13.237737655639648,13.388137817382812,13.0975980758667,13.198698997497559,13.074288368225098,316683000,Yahoo Finance,GOOGL,2026-09-18T13:25:36+08:00,confirmed
2007-06-26,13.331582069396973,13.343342781066895,13.169169425964355,13.269769668579102,13.144688606262207,227352420,Yahoo Finance,GOOGL,2026-09-18T13:25:36+08:00,confirmed
2007-06-27,13.138137817382812,13.212963104248047,13.002001762390137,13.170419692993164,13.04627513885498,244679076,Yahoo Finance,GOOGL,2026-09-18T13:25:36+08:00,confirmed
2007-06-28,13.13513469696045,13.250750541687012,13.108107566833496,13.138387680053711,13.014544486999512,166569264,Yahoo Finance,GOOGL,2026-09-18T13:25:36+08:00,confirmed
2007-06-29,13.163663864135742,13.198198318481445,12.999499320983887,13.080580711364746,12.957282066345215,155068776,Yahoo Finance,GOOGL,2026-09-18T13:25:36+08:00,confirmed
2007-07-02,13.150400161743164,13.30955982208252,13.118118286132812,13.272772789001465,13.147662162780762,139364496,Yahoo Finance,GOOGL,2026-09-18T13:25:36+08:00,confirmed
2007-07-03,13.289790153503418,13.373373031616211,13.200700759887695,13.371871948242188,13.245829582214355,74797128,Yahoo Finance,GOOGL,2026-09-18T13:25:36+08:00,confirmed
2007-07-05,13.4024019241333,13.623623847961426,13.31706714630127,13.554304122924805,13.426541328430176,197518284,Yahoo Finance,GOOGL,2026-09-18T13:25:36+08:00,confirmed
2007-07-06,13.544795036315918,13.610360145568848,13.481732368469238,13.49849796295166,13.371261596679688,109770120,Yahoo Finance,GOOGL,2026-09-18T13:25:36+08:00,confirmed
2007-07-09,13.58858871459961,13.732232093811035,13.52001953125,13.577577590942383,13.449594497680664,149042808,Yahoo Finance,GOOGL,2026-09-18T13:25:36+08:00,confirmed
2007-07-10,13.608358383178711,13.688689231872559,13.554804801940918,13.597097396850586,13.468932151794434,154085760,Yahoo Finance,GOOGL,2026-09-18T13:25:36+08:00,confirmed
2007-07-11,13.603854179382324,13.676176071166992,13.513764381408691,13.625374794006348,13.496941566467285,132239628,Yahoo Finance,GOOGL,2026-09-18T13:25:36+08:00,confirmed
2007-07-12,13.660160064697266,13.696697235107422,13.51901912689209,13.646897315979004,13.518260955810547,137526336,Yahoo Finance,GOOGL,2026-09-18T13:25:36+08:00,confirmed
2007-07-13,13.711461067199707,13.830580711364746,13.694945335388184,13.817817687988281,13.687570571899414,209274516,Yahoo Finance,GOOGL,2026-09-18T13:25:36+08:00,confirmed
2007-07-16,13.771270751953125,13.97847843170166,13.746496200561523,13.83858871459961,13.708144187927246,263716020,Yahoo Finance,GOOGL,2026-09-18T13:25:36+08:00,confirmed
2007-07-17,13.88988971710205,13.957206726074219,13.823323249816895,13.88888931274414,13.757973670959473,172970856,Yahoo Finance,GOOGL,2026-09-18T13:25:36+08:00,confirmed
2007-07-18,13.86111068725586,13.876376152038574,13.608859062194824,13.751251220703125,13.62163257598877,242956800,Yahoo Finance,GOOGL,2026-09-18T13:25:36+08:00,confirmed
2007-07-19,13.850350379943848,13.851852416992188,13.56956958770752,13.72847843170166,13.59907341003418,444642912,Yahoo Finance,GOOGL,2026-09-18T13:25:36+08:00,confirmed
2007-07-20,12.810310363769531,13.0925931930542,12.750249862670898,13.016016006469727,12.893327713012695,710181108,Yahoo Finance,GOOGL,2026-09-18T13:25:36+08:00,confirmed
2007-07-23,12.988238334655762,13.013012886047363,12.816567420959473,12.825575828552246,12.704682350158691,254013732,Yahoo Finance,GOOGL,2026-09-18T13:25:36+08:00,confirmed
2007-07-24,12.745244979858398,12.980230331420898,12.69044017791748,12.862862586975098,12.741618156433105,222661116,Yahoo Finance,GOOGL,2026-09-18T13:25:36+08:00,confirmed
2007-07-25,12.937437057495117,12.938438415527344,12.651652336120605,12.756756782531738,12.63651180267334,221578200,Yahoo Finance,GOOGL,2026-09-18T13:25:36+08:00,confirmed
2007-07-26,12.731230735778809,12.827577590942383,12.48448371887207,12.712713241577148,12.592884063720703,275060664,Yahoo Finance,GOOGL,2026-09-18T13:25:36+08:00,confirmed
2007-07-27,12.72597599029541,12.928427696228027,12.650150299072266,12.810059547424316,12.689311981201172,220143636,Yahoo Finance,GOOGL,2026-09-18T13:25:36+08:00,confirmed
2007-07-30,12.835836410522461,12.996496200561523,12.775275230407715,12.915665626525879,12.79392147064209,158373468,Yahoo Finance,GOOGL,2026-09-18T13:25:36+08:00,confirmed
2007-07-31,13.018769264221191,13.02402400970459,12.762763023376465,12.762763023376465,12.642460823059082,170649180,Yahoo Finance,GOOGL,2026-09-18T13:25:36+08:00,confirmed
2007-08-01,12.775275230407715,12.925676345825195,12.716216087341309,12.836336135864258,12.715339660644531,176950872,Yahoo Finance,GOOGL,2026-09-18T13:25:36+08:00,confirmed
2007-08-02,12.855855941772461,12.887638092041016,12.737737655639648,12.78803825378418,12.667499542236328,126069804,Yahoo Finance,GOOGL,2026-09-18T13:25:36+08:00,confirmed
2007-08-03,12.76401424407959,12.842843055725098,12.5875883102417,12.5875883102417,12.468937873840332,126920952,Yahoo Finance,GOOGL,2026-09-18T13:25:36+08:00,confirmed
2007-08-06,12.5875883102417,12.76651668548584,12.575075149536133,12.762763023376465,12.642460823059082,145913940,Yahoo Finance,GOOGL,2026-09-18T13:25:36+08:00,confirmed
2007-08-07,12.75650691986084,13.010009765625,12.738739013671875,12.913413047790527,12.791691780090332,170401428,Yahoo Finance,GOOGL,2026-09-18T13:25:36+08:00,confirmed
2007-08-08,12.996496200561523,13.157657623291016,12.940190315246582,13.157657623291016,13.0336332321167,162589248,Yahoo Finance,GOOGL,2026-09-18T13:25:36+08:00,confirmed
2007-08-09,13.03303337097168,13.183684349060059,12.878628730773926,12.881131172180176,12.759712219238281,193666140,Yahoo Finance,GOOGL,2026-09-18T13:25:36+08:00,confirmed
2007-08-10,12.767267227172852,12.98098087310791,12.653403282165527,12.906657218933105,12.784998893737793,234772992,Yahoo Finance,GOOGL,2026-09-18T13:25:36+08:00,confirmed
2007-08-13,13.00150203704834,13.006756782531738,12.83858871459961,12.900400161743164,12.778800010681152,127044828,Yahoo Finance,GOOGL,2026-09-18T13:25:36+08:00,confirmed
2007-08-14,12.905905723571777,12.947948455810547,12.712713241577148,12.727727890014648,12.607756614685059,145202652,Yahoo Finance,GOOGL,2026-09-18T13:25:36+08:00,confirmed
2007-08-15,12.737737655639648,12.805054664611816,12.430179595947266,12.451201438903809,12.33383560180664,216163620,Yahoo Finance,GOOGL,2026-09-18T13:25:36+08:00,confirmed
2007-08-16,12.312812805175781,12.423172950744629,12.023524284362793,12.300299644470215,12.184356689453125,345478176,Yahoo Finance,GOOGL,2026-09-18T13:25:36+08:00,confirmed
2007-08-17,12.448448181152344,12.537537574768066,12.303553581237793,12.513513565063477,12.395561218261719,218956824,Yahoo Finance,GOOGL,2026-09-18T13:25:36+08:00,confirmed
2007-08-20,12.574073791503906,12.576577186584473,12.4124116897583,12.46045970916748,12.34300708770752,107784108,Yahoo Finance,GOOGL,2026-09-18T13:25:36+08:00,confirmed
2007-08-21,12.48598575592041,12.716716766357422,12.456707000732422,12.67792797088623,12.558425903320312,144279576,Yahoo Finance,GOOGL,2026-09-18T13:25:36+08:00,confirmed
2007-08-22,12.761761665344238,12.919169425964355,12.743993759155273,12.831582069396973,12.71063232421875,129977892,Yahoo Finance,GOOGL,2026-09-18T13:25:36+08:00,confirmed
2007-08-23,12.91291332244873,12.916166305541992,12.687687873840332,12.817567825317383,12.696749687194824,122944932,Yahoo Finance,GOOGL,2026-09-18T13:25:36+08:00,confirmed
2007-08-24,12.828078269958496,12.901652336120605,12.725225448608398,12.887887954711914,12.766406059265137,98809092,Yahoo Finance,GOOGL,2026-09-18T13:25:36+08:00,confirmed
2007-08-27,12.873623847961426,12.949198722839355,12.797798156738281,12.844344139099121,12.723272323608398,92910996,Yahoo Finance,GOOGL,2026-09-18T13:25:36+08:00,confirmed
2007-08-28,12.801051139831543,12.8873872756958,12.6574068069458,12.672673225402832,12.553221702575684,130825044,Yahoo Finance,GOOGL,2026-09-18T13:25:36+08:00,confirmed
2007-08-29,12.708708763122559,12.845344543457031,12.693443298339844,12.834835052490234,12.713852882385254,101870028,Yahoo Finance,GOOGL,2026-09-18T13:25:36+08:00,confirmed
2007-08-30,12.821822166442871,12.897897720336914,12.777276992797852,12.797798156738281,12.677164077758789,105961932,Yahoo Finance,GOOGL,2026-09-18T13:25:36+08:00,confirmed
2007-08-31,12.840339660644531,12.925424575805664,12.79955005645752,12.894144058227539,12.772604942321777,118984896,Yahoo Finance,GOOGL,2026-09-18T13:25:36+08:00,confirmed
2007-09-04,12.888387680053711,13.213212966918945,12.878377914428711,13.141892433166504,13.018017768859863,147600252,Yahoo Finance,GOOGL,2026-09-18T13:25:36+08:00,confirmed
2007-09-05,13.098097801208496,13.250249862670898,13.069318771362305,13.208208084106445,13.083706855773926,132383484,Yahoo Finance,GOOGL,2026-09-18T13:25:36+08:00,confirmed
2007-09-06,13.247246742248535,13.25900936126709,12.968969345092773,13.10110092163086,12.977609634399414,144890964,Yahoo Finance,GOOGL,2026-09-18T13:25:36+08:00,confirmed
2007-09-07,12.95945930480957,13.04404354095459,12.93293285369873,12.996747016906738,12.87424087524414,146397456,Yahoo Finance,GOOGL,2026-09-18T13:25:36+08:00,confirmed
2007-09-10,13.045044898986816,13.064814567565918,12.784785270690918,12.87487506866455,12.75351619720459,128902968,Yahoo Finance,GOOGL,2026-09-18T13:25:36+08:00,confirmed
2007-09-11,12.937687873840332,13.054304122924805,12.906155586242676,13.046296119689941,12.923322677612305,108035856,Yahoo Finance,GOOGL,2026-09-18T13:25:36+08:00,confirmed
2007-09-12,13.026275634765625,13.212713241577148,12.987988471984863,13.079328536987305,12.956043243408203,119320560,Yahoo Finance,GOOGL,2026-09-18T13:25:36+08:00,confirmed
2007-09-13,13.114615440368652,13.193443298339844,13.09359359741211,13.132633209228516,13.008845329284668,75568356,Yahoo Finance,GOOGL,2026-09-18T13:25:36+08:00,confirmed
2007-09-14,13.093092918395996,13.27001953125,13.06856918334961,13.231982231140137,13.107257843017578,110485404,Yahoo Finance,GOOGL,2026-09-18T13:25:36+08:00,confirmed
2007-09-17,13.17642593383789,13.245244979858398,13.11486530303955,13.145646095275879,13.021734237670898,87812100,Yahoo Finance,GOOGL,2026-09-18T13:25:36+08:00,confirmed
2007-09-18,13.176176071166992,13.444695472717285,13.11987018585205,13.395145416259766,13.268882751464844,168459372,Yahoo Finance,GOOGL,2026-09-18T13:25:36+08:00,confirmed
2007-09-19,13.495244979858398,13.75,13.4849853515625,13.684934616088867,13.555939674377441,220854924,Yahoo Finance,GOOGL,2026-09-18T13:25:36+08:00,confirmed
2007-09-20,13.688689231872559,13.933934211730957,13.664414405822754,13.834585189819336,13.704180717468262,220779000,Yahoo Finance,GOOGL,2026-09-18T13:25:36+08:00,confirmed
2007-09-21,13.922422409057617,14.033783912658691,13.834585189819336,14.01651668548584,13.884398460388184,320147532,Yahoo Finance,GOOGL,2026-09-18T13:25:36+08:00,confirmed
2007-09-24,14.03903865814209,14.300801277160645,14.01401424407959,14.214715003967285,14.080726623535156,211668120,Yahoo Finance,GOOGL,2026-09-18T13:25:36+08:00,confirmed
2007-09-25,14.114113807678223,14.253252983093262,14.085585594177246,14.239238739013672,14.105019569396973,109114776,Yahoo Finance,GOOGL,2026-09-18T13:25:36+08:00,confirmed
2007-09-26,14.274273872375488,14.309059143066406,14.109358787536621,14.218217849731445,14.084196090698242,133710156,Yahoo Finance,GOOGL,2026-09-18T13:25:36+08:00,confirmed
2007-09-27,14.307558059692383,14.307807922363281,14.158658981323242,14.201702117919922,14.067835807800293,82169748,Yahoo Finance,GOOGL,2026-09-18T13:25:36+08:00,confirmed
2007-09-28,14.189188957214355,14.253003120422363,14.117116928100586,14.195945739746094,14.0621337890625,105474420,Yahoo Finance,GOOGL,2026-09-18T13:25:36+08:00,confirmed
2007-10-01,14.263513565063477,14.623373031616211,14.254505157470703,14.578328132629395,14.440913200378418,188263548,Yahoo Finance,GOOGL,2026-09-18T13:25:36+08:00,confirmed
2007-10-02,14.599099159240723,14.935185432434082,14.514764785766602,14.624374389648438,14.486523628234863,282417300,Yahoo Finance,GOOGL,2026-09-18T13:25:36+08:00,confirmed
2007-10-03,14.670921325683594,14.73948860168457,14.523524284362793,14.61511516571045,14.477354049682617,155024820,Yahoo Finance,GOOGL,2026-09-18T13:25:36+08:00,confirmed
2007-10-04,14.641892433166504,14.641892433166504,14.440940856933594,14.490240097045898,14.353655815124512,119348532,Yahoo Finance,GOOGL,2026-09-18T13:25:36+08:00,confirmed
2007-10-05,14.692441940307617,14.914915084838867,14.689940452575684,14.86611557006836,14.725987434387207,202545252,Yahoo Finance,GOOGL,2026-09-18T13:25:36+08:00,confirmed
2007-10-08,14.88988971710205,15.271772384643555,14.863614082336426,15.255756378173828,15.111955642700195,200918880,Yahoo Finance,GOOGL,2026-09-18T13:25:36+08:00,confirmed
2007-10-09,15.393142700195312,15.61011028289795,15.224974632263184,15.39489459991455,15.249783515930176,350361288,Yahoo Finance,GOOGL,2026-09-18T13:25:36+08:00,confirmed
2007-10-10,15.54955005645752,15.657657623291016,15.43543529510498,15.650400161743164,15.50287914276123,215208576,Yahoo Finance,GOOGL,2026-09-18T13:25:36+08:00,confirmed
2007-10-11,15.856857299804688,16.051300048828125,15.240240097045898,15.565566062927246,15.418844223022461,471488040,Yahoo Finance,GOOGL,2026-09-18T13:25:36+08:00,confirmed
2007-10-12,15.61511516571045,15.97597599029541,15.471470832824707,15.950700759887695,15.800349235534668,272675052,Yahoo Finance,GOOGL,2026-09-18T13:25:36+08:00,confirmed
2007-10-15,15.977727890014648,16.01251220703125,15.404153823852539,15.518267631530762,15.371991157531738,277474248,Yahoo Finance,GOOGL,2026-09-18T13:25:36+08:00,confirmed
2007-10-16,15.477727890014648,15.663663864135742,15.315065383911133,15.415414810180664,15.270109176635742,240770988,Yahoo Finance,GOOGL,2026-09-18T13:25:36+08:00,confirmed
2007-10-17,15.777027130126953,15.865865707397461,15.555304527282715,15.852852821350098,15.703424453735352,240978780,Yahoo Finance,GOOGL,2026-09-18T13:25:36+08:00,confirmed
2007-10-18,15.901150703430176,16.05030059814453,15.728227615356445,16.006507873535156,15.855628967285156,491076432,Yahoo Finance,GOOGL,2026-09-18T13:25:36+08:00,confirmed
2007-10-19,16.380380630493164,16.478729248046875,16.096847534179688,16.13388442993164,15.981803894042969,630928440,Yahoo Finance,GOOGL,2026-09-18T13:25:36+08:00,confirmed
2007-10-22,15.982732772827148,16.39139175415039,15.92292308807373,16.2850341796875,16.13153076171875,266309424,Yahoo Finance,GOOGL,2026-09-18T13:25:36+08:00,confirmed
2007-10-23,16.54779815673828,16.95695686340332,16.516517639160156,16.911161422729492,16.751754760742188,271476252,Yahoo Finance,GOOGL,2026-09-18T13:25:36+08:00,confirmed
2007-10-24,16.834585189819336,16.953704833984375,16.50550651550293,16.912412643432617,16.752994537353516,295871832,Yahoo Finance,GOOGL,2026-09-18T13:25:36+08:00,confirmed
2007-10-25,16.983983993530273,16.991241455078125,16.60535430908203,16.72947883605957,16.57178497314453,231588180,Yahoo Finance,GOOGL,2026-09-18T13:25:36+08:00,confirmed
2007-10-26,16.867618560791016,16.930429458618164,16.718217849731445,16.881881713867188,16.722753524780273,134021844,Yahoo Finance,GOOGL,2026-09-18T13:25:36+08:00,confirmed
2007-10-29,16.961210250854492,17.017017364501953,16.819068908691406,16.99774742126465,16.837526321411133,122529348,Yahoo Finance,GOOGL,2026-09-18T13:25:36+08:00,confirmed
2007-10-30,16.95470428466797,17.5152645111084,16.95470428466797,17.38663673400879,17.222749710083008,275747976,Yahoo Finance,GOOGL,2026-09-18T13:25:36+08:00,confirmed
2007-10-31,17.5347843170166,17.69269371032715,17.418418884277344,17.69269371032715,17.525922775268555,274796928,Yahoo Finance,GOOGL,2026-09-18T13:25:36+08:00,confirmed
2007-11-01,17.587337493896484,17.86086082458496,17.562061309814453,17.597848892211914,17.431968688964844,260826912,Yahoo Finance,GOOGL,2026-09-18T13:25:36+08:00,confirmed
2007-11-02,17.78053092956543,17.857357025146484,17.450950622558594,17.799049377441406,17.631277084350586,233426340,Yahoo Finance,GOOGL,2026-09-18T13:25:36+08:00,confirmed
2007-11-05,17.692441940307617,18.274023056030273,17.669418334960938,18.159408569335938,17.988237380981445,354992652,Yahoo Finance,GOOGL,2026-09-18T13:25:36+08:00,confirmed
2007-11-06,18.457456588745117,18.563312530517578,18.143142700195312,18.563312530517578,18.388334274291992,337114548,Yahoo Finance,GOOGL,2026-09-18T13:25:36+08:00,confirmed
2007-11-07,18.546796798706055,18.69969940185547,18.09659767150879,18.341842651367188,18.1689510345459,330609060,Yahoo Finance,GOOGL,2026-09-18T13:25:36+08:00,confirmed
2007-11-08,18.38338279724121,18.390640258789062,16.94644546508789,17.36336326599121,17.19969367980957,659827512,Yahoo Finance,GOOGL,2026-09-18T13:25:36+08:00,confirmed
2007-11-09,16.91141128540039,17.064064025878906,16.546796798706055,16.61586570739746,16.459243774414062,455068476,Yahoo Finance,GOOGL,2026-09-18T13:25:36+08:00,confirmed
2007-11-12,16.4599609375,16.7650146484375,15.670921325683594,15.817567825317383,15.668472290039062,408682908,Yahoo Finance,GOOGL,2026-09-18T13:25:36+08:00,confirmed
2007-11-13,16.14089012145996,16.539539337158203,15.817567825317383,16.5302791595459,16.374462127685547,337478184,Yahoo Finance,GOOGL,2026-09-18T13:25:36+08:00,confirmed
2007-11-14,16.848848342895508,16.90415382385254,15.922673225402832,16.05805778503418,15.906696319580078,323464212,Yahoo Finance,GOOGL,2026-09-18T13:25:36+08:00,confirmed
2007-11-15,15.980230331420898,16.203704833984375,15.615615844726562,15.757006645202637,15.608481407165527,278429292,Yahoo Finance,GOOGL,2026-09-18T13:25:36+08:00,confirmed
2007-11-16,15.864363670349121,15.903153419494629,15.415916442871094,15.856607437133789,15.70714282989502,361350288,Yahoo Finance,GOOGL,2026-09-18T13:25:36+08:00,confirmed
2007-11-19,15.755505561828613,15.935185432434082,15.477977752685547,15.661911964416504,15.5142822265625,220874904,Yahoo Finance,GOOGL,2026-09-18T13:25:36+08:00,confirmed
2007-11-20,15.92792797088623,16.493993759155273,15.8375883102417,16.2297306060791,16.07674789428711,393230376,Yahoo Finance,GOOGL,2026-09-18T13:25:36+08:00,confirmed
2007-11-21,16.11035919189453,16.766016006469727,16.06806755065918,16.529529571533203,16.373722076416016,280259460,Yahoo Finance,GOOGL,2026-09-18T13:25:36+08:00,confirmed
2007-11-23,16.766767501831055,16.973974227905273,16.71946907043457,16.93443489074707,16.774808883666992,109438452,Yahoo Finance,GOOGL,2026-09-18T13:25:36+08:00,confirmed
2007-11-26,17.022022247314453,17.352352142333984,16.64164161682129,16.666667938232422,16.50956916809082,271332396,Yahoo Finance,GOOGL,2026-09-18T13:25:36+08:00,confirmed
2007-11-27,16.886886596679688,16.927677154541016,16.27277374267578,16.85610580444336,16.697219848632812,355823820,Yahoo Finance,GOOGL,2026-09-18T13:25:36+08:00,confirmed
2007-11-28,17.069820404052734,17.374874114990234,16.82032012939453,17.323823928833008,17.16053009033203,316343340,Yahoo Finance,GOOGL,2026-09-18T13:25:36+08:00,confirmed
2007-11-29,17.286035537719727,17.587337493896484,17.21146011352539,17.442441940307617,17.278026580810547,248071680,Yahoo Finance,GOOGL,2026-09-18T13:25:36+08:00,confirmed
2007-11-30,17.79279327392578,17.794294357299805,17.069820404052734,17.342342376708984,17.178874969482422,315504180,Yahoo Finance,GOOGL,2026-09-18T13:25:36+08:00,confirmed
2007-12-03,17.292543411254883,17.392391204833984,17.04554557800293,17.05530548095703,16.894542694091797,172830996,Yahoo Finance,GOOGL,2026-09-18T13:25:36+08:00,confirmed
2007-12-04,16.9747257232666,17.31731605529785,16.944944381713867,17.12112045288086,16.95973777770996,169102728,Yahoo Finance,GOOGL,2026-09-18T13:25:36+08:00,confirmed
2007-12-05,17.335586547851562,17.490741729736328,17.20470428466797,17.4802303314209,17.315462112426758,168215616,Yahoo Finance,GOOGL,2026-09-18T13:25:36+08:00,confirmed
2007-12-06,17.462461471557617,17.93193244934082,17.44269371032715,17.899398803710938,17.73067855834961,196163640,Yahoo Finance,GOOGL,2026-09-18T13:25:36+08:00,confirmed
2007-12-07,17.892642974853516,17.967967987060547,17.7802791595459,17.88964080810547,17.721012115478516,153929916,Yahoo Finance,GOOGL,2026-09-18T13:25:36+08:00,confirmed
2007-12-10,17.917667388916016,18.138137817382812,17.867868423461914,17.978477478027344,17.80901527404785,154093752,Yahoo Finance,GOOGL,2026-09-18T13:25:36+08:00,confirmed
2007-12-11,18.016517639160156,18.04279327392578,17.48698616027832,17.49749755859375,17.332565307617188,245318436,Yahoo Finance,GOOGL,2026-09-18T13:25:36+08:00,confirmed
2007-12-12,17.867868423461914,17.87587547302246,17.2297306060791,17.501251220703125,17.33628273010254,246117636,Yahoo Finance,GOOGL,2026-09-18T13:25:36+08:00,confirmed
2007-12-13,17.425174713134766,17.457958221435547,17.04729652404785,17.368619918823242,17.20490264892578,201430368,Yahoo Finance,GOOGL,2026-09-18T13:25:36+08:00,confirmed
2007-12-14,17.204954147338867,17.510009765625,17.198699951171875,17.266265869140625,17.103511810302734,146793060,Yahoo Finance,GOOGL,2026-09-18T13:25:36+08:00,confirmed
2007-12-17,17.21721649169922,17.402902603149414,16.60835838317871,16.74749755859375,16.589635848999023,219220560,Yahoo Finance,GOOGL,2026-09-18T13:25:36+08:00,confirmed
2007-12-18,16.87087059020996,16.93468475341797,16.328828811645508,16.850601196289062,16.691770553588867,286381332,Yahoo Finance,GOOGL,2026-09-18T13:25:36+08:00,confirmed
2007-12-19,16.872121810913086,17.004505157470703,16.741741180419922,16.951200485229492,16.791418075561523,176667156,Yahoo Finance,GOOGL,2026-09-18T13:25:36+08:00,confirmed
2007-12-20,17.162912368774414,17.29229164123535,17.03228187561035,17.259510040283203,17.096824645996094,176711112,Yahoo Finance,GOOGL,2026-09-18T13:25:36+08:00,confirmed
2007-12-21,17.46446418762207,17.498998641967773,17.34834861755371,17.43468475341797,17.270347595214844,215064720,Yahoo Finance,GOOGL,2026-09-18T13:25:36+08:00,confirmed
2007-12-24,17.392141342163086,17.535785675048828,17.343843460083008,17.535785675048828,17.370492935180664,65070864,Yahoo Finance,GOOGL,2026-09-18T13:25:36+08:00,confirmed
2007-12-26,17.49224281311035,17.84834861755371,17.47272300720215,17.788789749145508,17.621112823486328,101098800,Yahoo Finance,GOOGL,2026-09-18T13:25:36+08:00,confirmed
2007-12-27,17.69444465637207,17.917917251586914,17.536035537719727,17.536035537719727,17.370738983154297,117582300,Yahoo Finance,GOOGL,2026-09-18T13:25:36+08:00,confirmed
2007-12-28,17.64089012145996,17.716466903686523,17.430931091308594,17.58083152770996,17.41511344909668,102405492,Yahoo Finance,GOOGL,2026-09-18T13:25:36+08:00,confirmed
2007-12-31,17.481731414794922,17.579830169677734,17.281782150268555,17.304304122924805,17.141193389892578,94952952,Yahoo Finance,GOOGL,2026-09-18T13:25:36+08:00,confirmed
2008-01-02,17.339088439941406,17.451702117919922,16.9602108001709,17.146896362304688,16.98526954650879,172103724,Yahoo Finance,GOOGL,2026-09-18T13:25:36+08:00,confirmed
2008-01-03,17.148649215698242,17.188438415527344,16.929929733276367,17.150400161743164,16.98874282836914,129969900,Yahoo Finance,GOOGL,2026-09-18T13:25:36+08:00,confirmed
2008-01-04,17.009258270263672,17.041040420532227,16.39139175415039,16.44144058227539,16.28646469116211,214177608,Yahoo Finance,GOOGL,2026-09-18T13:25:36+08:00,confirmed
2008-01-07,16.364864349365234,16.57357406616211,15.949700355529785,16.24749755859375,16.094348907470703,255879864,Yahoo Finance,GOOGL,2026-09-18T13:25:36+08:00,confirmed
2008-01-08,16.341341018676758,16.51551628112793,15.790790557861328,15.807807922363281,15.658803939819336,213350436,Yahoo Finance,GOOGL,2026-09-18T13:25:36+08:00,confirmed
2008-01-09,15.766766548156738,16.349849700927734,15.578328132629395,16.346345901489258,16.192264556884766,269318412,Yahoo Finance,GOOGL,2026-09-18T13:25:36+08:00,confirmed
2008-01-10,16.14139175415039,16.44644546508789,16.018768310546875,16.18443489074707,16.031883239746094,253114632,Yahoo Finance,GOOGL,2026-09-18T13:25:36+08:00,confirmed
2008-01-11,16.08358383178711,16.253002166748047,15.768519401550293,15.972222328186035,15.82166862487793,198880920,Yahoo Finance,GOOGL,2026-09-18T13:25:36+08:00,confirmed
2008-01-14,16.2947940826416,16.45145034790039,16.147396087646484,16.361862182617188,16.2076358795166,177722100,Yahoo Finance,GOOGL,2026-09-18T13:25:36+08:00,confirmed
2008-01-15,16.163663864135742,16.24249267578125,15.900400161743164,15.957206726074219,15.806794166564941,222505272,Yahoo Finance,GOOGL,2026-09-18T13:25:36+08:00,confirmed
2008-01-16,15.739990234375,16.015766143798828,15.063312530517578,15.414163589477539,15.26887035369873,421977600,Yahoo Finance,GOOGL,2026-09-18T13:25:36+08:00,confirmed
2008-01-17,15.53453540802002,15.659158706665039,14.965214729309082,15.034785270690918,14.893067359924316,328343328,Yahoo Finance,GOOGL,2026-09-18T13:25:36+08:00,confirmed
2008-01-18,15.224224090576172,15.2650146484375,14.976225852966309,15.021270751953125,14.879681587219238,341242416,Yahoo Finance,GOOGL,2026-09-18T13:25:36+08:00,confirmed
2008-01-22,14.064814567565918,14.952451705932617,14.04404354095459,14.623373031616211,14.485533714294434,379679940,Yahoo Finance,GOOGL,2026-09-18T13:25:36+08:00,confirmed
2008-01-23,14.031782150268555,14.214214324951172,12.987988471984863,13.729228973388672,13.599818229675293,677949372,Yahoo Finance,GOOGL,2026-09-18T13:25:36+08:00,confirmed
2008-01-24,13.983983993530273,14.506756782531738,13.867366790771484,14.376626968383789,14.24111270904541,375659964,Yahoo Finance,GOOGL,2026-09-18T13:25:36+08:00,confirmed
2008-01-25,14.810059547424316,14.88988971710205,14.168668746948242,14.174174308776855,14.040568351745605,278361360,Yahoo Finance,GOOGL,2026-09-18T13:25:36+08:00,confirmed
2008-01-28,14.288538932800293,14.320320129394531,13.728729248046875,13.913413047790527,13.782264709472656,232435332,Yahoo Finance,GOOGL,2026-09-18T13:25:36+08:00,confirmed
2008-01-29,14.025775909423828,14.047296524047852,13.530280113220215,13.776777267456055,13.646916389465332,251068680,Yahoo Finance,GOOGL,2026-09-18T13:25:36+08:00,confirmed
2008-01-30,13.74349308013916,14.024774551391602,13.601350784301758,13.720470428466797,13.591141700744629,317266416,Yahoo Finance,GOOGL,2026-09-18T13:25:36+08:00,confirmed
2008-01-31,13.488739013671875,14.339339256286621,13.370620727539062,14.121622085571289,13.98851203918457,594257148,Yahoo Finance,GOOGL,2026-09-18T13:25:36+08:00,confirmed
2008-02-01,13.22998046875,13.430179595947266,12.762763023376465,12.910409927368164,12.788717269897461,703315980,Yahoo Finance,GOOGL,2026-09-18T13:25:36+08:00,confirmed
2008-02-04,12.73948860168457,12.832331657409668,12.326075553894043,12.398147583007812,12.281283378601074,525757716,Yahoo Finance,GOOGL,2026-09-18T13:25:36+08:00,confirmed
2008-02-05,12.247998237609863,12.737737655639648,12.225225448608398,12.682682991027832,12.56313705444336,447683868,Yahoo Finance,GOOGL,2026-09-18T13:25:36+08:00,confirmed
2008-02-06,12.791291236877441,12.792041778564453,12.460710525512695,12.555304527282715,12.436958312988281,305150544,Yahoo Finance,GOOGL,2026-09-18T13:25:36+08:00,confirmed
2008-02-07,12.433934211730957,12.8676176071167,12.381381034851074,12.636385917663574,12.517274856567383,316838844,Yahoo Finance,GOOGL,2026-09-18T13:25:36+08:00,confirmed
2008-02-08,12.747998237609863,12.956206321716309,12.730230331420898,12.930179595947266,12.808300018310547,272882844,Yahoo Finance,GOOGL,2026-09-18T13:25:36+08:00,confirmed
2008-02-11,13.026025772094727,13.105855941772461,12.847847938537598,13.042041778564453,12.919109344482422,232806960,Yahoo Finance,GOOGL,2026-09-18T13:25:36+08:00,confirmed
2008-02-12,13.097847938537598,13.278278350830078,12.83858871459961,12.965214729309082,12.843005180358887,266225508,Yahoo Finance,GOOGL,2026-09-18T13:25:36+08:00,confirmed
2008-02-13,13.075575828552246,13.388137817382812,12.980230331420898,13.378878593444824,13.25277042388916,264723012,Yahoo Finance,GOOGL,2026-09-18T13:25:36+08:00,confirmed
2008-02-14,13.472222328186035,13.53954029083252,13.288288116455078,13.31956958770752,13.19402027130127,258808932,Yahoo Finance,GOOGL,2026-09-18T13:25:36+08:00,confirmed
2008-02-15,13.22097110748291,13.329830169677734,13.121371269226074,13.254254341125488,13.12932014465332,209394396,Yahoo Finance,GOOGL,2026-09-18T13:25:36+08:00,confirmed
2008-02-19,13.386886596679688,13.38988971710205,12.675174713134766,12.736486434936523,12.616432189941406,253761984,Yahoo Finance,GOOGL,2026-09-18T13:25:36+08:00,confirmed
2008-02-20,12.600350379943848,12.78803825378418,12.482982635498047,12.737737655639648,12.617670059204102,266221512,Yahoo Finance,GOOGL,2026-09-18T13:25:36+08:00,confirmed
2008-02-21,12.834083557128906,12.843092918395996,12.5,12.584083557128906,12.465465545654297,226884888,Yahoo Finance,GOOGL,2026-09-18T13:25:36+08:00,confirmed
2008-02-22,12.564064025878906,12.737737655639648,12.451201438903809,12.707708358764648,12.587925910949707,220415364,Yahoo Finance,GOOGL,2026-09-18T13:25:36+08:00,confirmed
2008-02-25,12.66141128540039,12.675174713134766,12.155655860900879,12.173172950744629,12.058429718017578,334577088,Yahoo Finance,GOOGL,2026-09-18T13:25:36+08:00,confirmed
2008-02-26,11.541542053222656,11.673422813415527,11.182432174682617,11.616366386413574,11.50687026977539,930560508,Yahoo Finance,GOOGL,2026-09-18T13:25:36+08:00,confirmed
2008-02-27,11.514764785766602,11.899148941040039,11.502503395080566,11.833333015441895,11.721792221069336,404471124,Yahoo Finance,GOOGL,2026-09-18T13:25:36+08:00,confirmed
2008-02-28,11.774273872375488,11.989238739013672,11.695695877075195,11.896647453308105,11.784509658813477,263212524,Yahoo Finance,GOOGL,2026-09-18T13:25:36+08:00,confirmed
2008-02-29,11.80855941772461,12.005505561828613,11.627878189086914,11.791291236877441,11.680148124694824,376638984,Yahoo Finance,GOOGL,2026-09-18T13:25:36+08:00,confirmed
2008-03-03,11.79955005645752,11.829830169677734,11.26401424407959,11.43693733215332,11.329132080078125,301877820,Yahoo Finance,GOOGL,2026-09-18T13:25:36+08:00,confirmed
2008-03-04,11.285035133361816,11.345344543457031,10.905405044555664,11.126126289367676,11.02125072479248,544323132,Yahoo Finance,GOOGL,2026-09-18T13:25:36+08:00,confirmed
2008-03-05,11.1423921585083,11.365615844726562,11.11111068725586,11.203703880310059,11.09809684753418,297166536,Yahoo Finance,GOOGL,2026-09-18T13:25:36+08:00,confirmed
2008-03-06,11.203453063964844,11.343844413757324,10.790289878845215,10.828328132629395,10.7262601852417,298505196,Yahoo Finance,GOOGL,2026-09-18T13:25:36+08:00,confirmed
2008-03-07,10.732732772827148,11.011011123657227,10.666666984558105,10.844594955444336,10.742374420166016,322549128,Yahoo Finance,GOOGL,2026-09-18T13:25:36+08:00,confirmed
2008-03-10,10.731480598449707,10.785785675048828,10.336336135864258,10.350851058959961,10.25328254699707,319184496,Yahoo Finance,GOOGL,2026-09-18T13:25:36+08:00,confirmed
2008-03-11,10.642142295837402,11.014764785766602,10.626876831054688,11.007006645202637,10.903253555297852,352722924,Yahoo Finance,GOOGL,2026-09-18T13:25:36+08:00,confirmed
2008-03-12,11.011260986328125,11.208208084106445,10.962713241577148,11.01551628112793,10.911683082580566,265809924,Yahoo Finance,GOOGL,2026-09-18T13:25:36+08:00,confirmed
2008-03-13,10.827577590942383,11.185686111450195,10.730230331420898,11.086336135864258,10.981836318969727,308754936,Yahoo Finance,GOOGL,2026-09-18T13:25:36+08:00,confirmed
2008-03-14,11.085585594177246,11.244745254516602,10.776275634765625,10.958958625793457,10.855660438537598,262713024,Yahoo Finance,GOOGL,2026-09-18T13:25:36+08:00,confirmed
2008-03-17,10.71045970916748,10.853604316711426,10.31306266784668,10.507257461547852,10.408215522766113,315212472,Yahoo Finance,GOOGL,2026-09-18T13:25:36+08:00,confirmed
2008-03-18,10.735235214233398,11.032032012939453,10.64889907836914,10.989990234375,10.886398315429688,289198512,Yahoo Finance,GOOGL,2026-09-18T13:25:36+08:00,confirmed
2008-03-19,11.038788795471191,11.198698997497559,10.802553176879883,10.810811042785645,10.708909034729004,246912840,Yahoo Finance,GOOGL,2026-09-18T13:25:36+08:00,confirmed
2008-03-20,10.693694114685059,10.903403282165527,10.447948455810547,10.849599838256836,10.747331619262695,396139464,Yahoo Finance,GOOGL,2026-09-18T13:25:36+08:00,confirmed
2008-03-24,10.971721649169922,11.656155586242676,10.953953742980957,11.52552604675293,11.416886329650879,270269460,Yahoo Finance,GOOGL,2026-09-18T13:25:36+08:00,confirmed
2008-03-25,11.447948455810547,11.448198318481445,11.161161422729492,11.280780792236328,11.17444896697998,233030736,Yahoo Finance,GOOGL,2026-09-18T13:25:36+08:00,confirmed
2008-03-26,11.326075553894043,11.583333015441895,11.24349308013916,11.466216087341309,11.358136177062988,208818972,Yahoo Finance,GOOGL,2026-09-18T13:25:36+08:00,confirmed
2008-03-27,11.161161422729492,11.226475715637207,11.023273468017578,11.113113403320312,11.00836181640625,233054712,Yahoo Finance,GOOGL,2026-09-18T13:25:36+08:00,confirmed
2008-03-28,11.197697639465332,11.350601196289062,10.868618965148926,10.962963104248047,10.859625816345215,174872952,Yahoo Finance,GOOGL,2026-09-18T13:25:36+08:00,confirmed
2008-03-31,10.901902198791504,11.078328132629395,10.811060905456543,11.022772789001465,10.91887092590332,177678144,Yahoo Finance,GOOGL,2026-09-18T13:25:36+08:00,confirmed
2008-04-01,11.204705238342285,11.674174308776855,11.18293285369873,11.654403686523438,11.544550895690918,243480276,Yahoo Finance,GOOGL,2026-09-18T13:25:36+08:00,confirmed
2008-04-02,11.759259223937988,11.905405044555664,11.521270751953125,11.654153823852539,11.544302940368652,239720040,Yahoo Finance,GOOGL,2026-09-18T13:25:36+08:00,confirmed
2008-04-03,11.554804801940918,11.593844413757324,11.21446418762207,11.389389038085938,11.28203296661377,270864864,Yahoo Finance,GOOGL,2026-09-18T13:25:36+08:00,confirmed
2008-04-04,11.436687469482422,11.957708358764648,11.41641616821289,11.78903865814209,11.6779146194458,235652112,Yahoo Finance,GOOGL,2026-09-18T13:25:36+08:00,confirmed
2008-04-07,11.937687873840332,12.148147583007812,11.850099563598633,11.932432174682617,11.819955825805664,237502260,Yahoo Finance,GOOGL,2026-09-18T13:25:36+08:00,confirmed
2008-04-08,11.837838172912598,11.865365028381348,11.561812400817871,11.70695686340332,11.596607208251953,181698120,Yahoo Finance,GOOGL,2026-09-18T13:25:36+08:00,confirmed
2008-04-09,11.739990234375,11.811812400817871,11.449950218200684,11.616366386413574,11.50687026977539,241682076,Yahoo Finance,GOOGL,2026-09-18T13:25:36+08:00,confirmed
2008-04-10,11.635636329650879,11.858358383178711,11.557807922363281,11.738739013671875,11.62808895111084,202693104,Yahoo Finance,GOOGL,2026-09-18T13:25:36+08:00,confirmed
2008-04-11,11.613363265991211,11.693193435668945,11.386636734008789,11.447697639465332,11.339792251586914,166621212,Yahoo Finance,GOOGL,2026-09-18T13:25:36+08:00,confirmed
2008-04-14,11.44044017791748,11.447697639465332,11.2650146484375,11.302803039550781,11.196263313293457,153550296,Yahoo Finance,GOOGL,2026-09-18T13:25:36+08:00,confirmed
2008-04-15,11.464715003967285,11.504505157470703,11.104104042053223,11.182182312011719,11.076778411865234,182920896,Yahoo Finance,GOOGL,2026-09-18T13:25:36+08:00,confirmed
2008-04-16,11.121121406555176,11.468467712402344,11.036035537719727,11.387137413024902,11.279801368713379,304922772,Yahoo Finance,GOOGL,2026-09-18T13:25:36+08:00,confirmed
2008-04-17,11.402152061462402,11.495745658874512,11.174174308776855,11.249750137329102,11.143710136413574,533585880,Yahoo Finance,GOOGL,2026-09-18T13:25:36+08:00,confirmed
2008-04-18,13.393644332885742,13.706206321716309,13.1323823928833,13.498748779296875,13.371509552001953,728694576,Yahoo Finance,GOOGL,2026-09-18T13:25:36+08:00,confirmed
2008-04-21,13.498248100280762,13.578328132629395,13.27052116394043,13.458208084106445,13.331352233886719,297290412,Yahoo Finance,GOOGL,2026-09-18T13:25:36+08:00,confirmed
2008-04-22,13.452703475952148,14.034785270690918,13.452451705932617,13.88888931274414,13.757973670959473,317222460,Yahoo Finance,GOOGL,2026-09-18T13:25:36+08:00,confirmed
2008-04-23,13.962462425231934,13.996747016906738,13.537286758422852,13.675926208496094,13.547016143798828,196663140,Yahoo Finance,GOOGL,2026-09-18T13:25:36+08:00,confirmed
2008-04-24,13.796046257019043,13.876126289367676,13.51401424407959,13.589590072631836,13.461494445800781,165238596,Yahoo Finance,GOOGL,2026-09-18T13:25:36+08:00,confirmed
2008-04-25,13.739238739013672,13.838838577270508,13.581831932067871,13.61511516571045,13.486778259277344,166409424,Yahoo Finance,GOOGL,2026-09-18T13:25:36+08:00,confirmed
2008-04-28,13.660660743713379,13.934184074401855,13.48848819732666,13.816817283630371,13.686579704284668,160183656,Yahoo Finance,GOOGL,2026-09-18T13:25:36+08:00,confirmed
2008-04-29,13.78453540802002,14.099099159240723,13.76401424407959,13.975726127624512,13.84399127960205,173666160,Yahoo Finance,GOOGL,2026-09-18T13:25:36+08:00,confirmed
2008-04-30,14.069318771362305,14.636136054992676,13.975726127624512,14.371622085571289,14.23615550994873,315803880,Yahoo Finance,GOOGL,2026-09-18T13:25:36+08:00,confirmed
2008-05-01,14.472222328186035,14.888137817382812,14.438689231872559,14.841841697692871,14.701942443847656,263847888,Yahoo Finance,GOOGL,2026-09-18T13:25:36+08:00,confirmed
2008-05-02,14.977227210998535,15.076326370239258,14.496996879577637,14.546796798706055,14.40967845916748,279672048,Yahoo Finance,GOOGL,2026-09-18T13:25:36+08:00,confirmed
2008-05-05,14.986486434936523,14.989990234375,14.69294261932373,14.8873872756958,14.74705982208252,250988760,Yahoo Finance,GOOGL,2026-09-18T13:25:36+08:00,confirmed
2008-05-06,14.789790153503418,14.814814567565918,14.589590072631836,14.673673629760742,14.535359382629395,184986828,Yahoo Finance,GOOGL,2026-09-18T13:25:36+08:00,confirmed
2008-05-07,14.77152156829834,15.002251625061035,14.425174713134766,14.48948860168457,14.352910995483398,264255480,Yahoo Finance,GOOGL,2026-09-18T13:25:36+08:00,confirmed
2008-05-08,14.669670104980469,14.747246742248535,14.487236976623535,14.589839935302734,14.452316284179688,204711084,Yahoo Finance,GOOGL,2026-09-18T13:25:36+08:00,confirmed
2008-05-09,14.48948860168457,14.639639854431152,14.296796798706055,14.344344139099121,14.209134101867676,179216604,Yahoo Finance,GOOGL,2026-09-18T13:25:36+08:00,confirmed
2008-05-12,14.383132934570312,14.683432579040527,14.236987113952637,14.638137817382812,14.500157356262207,194361444,Yahoo Finance,GOOGL,2026-09-18T13:25:36+08:00,confirmed
2008-05-13,14.670419692993164,14.713462829589844,14.478227615356445,14.589590072631836,14.452069282531738,206333460,Yahoo Finance,GOOGL,2026-09-18T13:25:36+08:00,confirmed
2008-05-14,14.676926612854004,14.79454517364502,14.395646095275879,14.421921730041504,14.285982131958008,174856968,Yahoo Finance,GOOGL,2026-09-18T13:25:36+08:00,confirmed
2008-05-15,14.48948860168457,14.588337898254395,14.404655456542969,14.53954029083252,14.402488708496094,173534292,Yahoo Finance,GOOGL,2026-09-18T13:25:36+08:00,confirmed
2008-05-16,14.550299644470215,14.631631851196289,14.472472190856934,14.516265869140625,14.379434585571289,170793036,Yahoo Finance,GOOGL,2026-09-18T13:25:36+08:00,confirmed
2008-05-19,14.478227615356445,14.736737251281738,14.352352142333984,14.452451705932617,14.31622314453125,223955820,Yahoo Finance,GOOGL,2026-09-18T13:25:36+08:00,confirmed
2008-05-20,14.38012981414795,14.576577186584473,14.33708667755127,14.47947883605957,14.342994689941406,132411456,Yahoo Finance,GOOGL,2026-09-18T13:25:36+08:00,confirmed
2008-05-21,14.477477073669434,14.549799919128418,13.71096134185791,13.763513565063477,13.633779525756836,258465276,Yahoo Finance,GOOGL,2026-09-18T13:25:36+08:00,confirmed
2008-05-22,13.812562942504883,13.869118690490723,13.519769668579102,13.750249862670898,13.620640754699707,202848948,Yahoo Finance,GOOGL,2026-09-18T13:25:36+08:00,confirmed
2008-05-23,13.687687873840332,13.838838577270508,13.458708763122559,13.629129409790039,13.500661849975586,177082740,Yahoo Finance,GOOGL,2026-09-18T13:25:36+08:00,confirmed
2008-05-27,13.637638092041016,14.079078674316406,13.60986042022705,14.036537170410156,13.904229164123535,154465380,Yahoo Finance,GOOGL,2026-09-18T13:25:36+08:00,confirmed
2008-05-28,14.212713241577148,14.301551818847656,14.041542053222656,14.220219612121582,14.086181640625,161853984,Yahoo Finance,GOOGL,2026-09-18T13:25:36+08:00,confirmed
2008-05-29,14.384134292602539,14.661662101745605,14.344344139099121,14.589590072631836,14.452069282531738,193606200,Yahoo Finance,GOOGL,2026-09-18T13:25:36+08:00,confirmed
2008-05-30,14.601350784301758,14.762763023376465,14.547046661376953,14.659660339355469,14.521478652954102,128878992,Yahoo Finance,GOOGL,2026-09-18T13:25:36+08:00,confirmed
2008-06-02,14.57707691192627,14.611862182617188,14.296046257019043,14.389389038085938,14.253754615783691,146821032,Yahoo Finance,GOOGL,2026-09-18T13:25:36+08:00,confirmed
2008-06-03,14.426926612854004,14.527027130126953,14.029278755187988,14.196697235107422,14.06287956237793,172039788,Yahoo Finance,GOOGL,2026-09-18T13:25:36+08:00,confirmed
2008-06-04,14.1473970413208,14.46446418762207,14.127878189086914,14.319820404052734,14.18484115600586,134393472,Yahoo Finance,GOOGL,2026-09-18T13:25:36+08:00,confirmed
2008-06-05,14.44144058227539,14.715716361999512,14.419670104980469,14.672171592712402,14.533870697021484,156511332,Yahoo Finance,GOOGL,2026-09-18T13:25:36+08:00,confirmed
2008-06-06,14.508257865905762,14.532532691955566,14.189188957214355,14.189188957214355,14.055441856384277,189190620,Yahoo Finance,GOOGL,2026-09-18T13:25:36+08:00,confirmed
2008-06-09,14.215716361999512,14.264264106750488,13.648649215698242,13.960710525512695,13.829117774963379,211320468,Yahoo Finance,GOOGL,2026-09-18T13:25:36+08:00,confirmed
2008-06-10,13.752753257751465,13.98448371887207,13.683182716369629,13.868118286132812,13.737398147583008,146149704,Yahoo Finance,GOOGL,2026-09-18T13:25:36+08:00,confirmed
2008-06-11,13.919919967651367,13.947446823120117,13.62512493133545,13.643644332885742,13.515039443969727,152363484,Yahoo Finance,GOOGL,2026-09-18T13:25:36+08:00,confirmed
2008-06-12,13.732732772827148,13.963964462280273,13.685686111450195,13.8375883102417,13.707155227661133,219444336,Yahoo Finance,GOOGL,2026-09-18T13:25:36+08:00,confirmed
2008-06-13,14.051301002502441,14.406907081604004,14.047548294067383,14.302051544189453,14.167240142822266,247128624,Yahoo Finance,GOOGL,2026-09-18T13:25:36+08:00,confirmed
2008-06-16,14.176676750183105,14.491991996765137,14.176676750183105,14.334585189819336,14.199466705322266,141570288,Yahoo Finance,GOOGL,2026-09-18T13:25:36+08:00,confirmed
2008-06-17,14.423172950744629,14.466216087341309,14.223724365234375,14.250750541687012,14.116423606872559,138377484,Yahoo Finance,GOOGL,2026-09-18T13:25:36+08:00,confirmed
2008-06-18,14.126876831054688,14.238988876342773,13.992993354797363,14.07357406616211,13.94091796875,135112752,Yahoo Finance,GOOGL,2026-09-18T13:25:36+08:00,confirmed
2008-06-19,13.897647857666016,14.108609199523926,13.78403377532959,14.01901912689209,13.886876106262207,227096676,Yahoo Finance,GOOGL,2026-09-18T13:25:36+08:00,confirmed
2008-06-20,13.938438415527344,13.938438415527344,13.626376152038574,13.674424171447754,13.545528411865234,239084676,Yahoo Finance,GOOGL,2026-09-18T13:25:36+08:00,confirmed
2008-06-23,13.647647857666016,13.8425931930542,13.564064025878906,13.64389419555664,13.515288352966309,145290564,Yahoo Finance,GOOGL,2026-09-18T13:25:36+08:00,confirmed
2008-06-24,13.642142295837402,13.793543815612793,13.390891075134277,13.571070671081543,13.44314956665039,186717096,Yahoo Finance,GOOGL,2026-09-18T13:25:36+08:00,confirmed
2008-06-25,13.637887954711914,13.958958625793457,13.605355262756348,13.788788795471191,13.658815383911133,164723112,Yahoo Finance,GOOGL,2026-09-18T13:25:36+08:00,confirmed
2008-06-26,13.61611557006836,13.636886596679688,13.219719886779785,13.233734130859375,13.108992576599121,226153620,Yahoo Finance,GOOGL,2026-09-18T13:25:36+08:00,confirmed
2008-06-27,13.205204963684082,13.263262748718262,12.89013957977295,13.214964866638184,13.090400695800781,217682100,Yahoo Finance,GOOGL,2026-09-18T13:25:36+08:00,confirmed
2008-06-30,13.325075149536133,13.463462829589844,13.089590072631836,13.173673629760742,13.04949951171875,150461388,Yahoo Finance,GOOGL,2026-09-18T13:25:36+08:00,confirmed
2008-07-01,13.002503395080566,13.43143081665039,12.93793773651123,13.381631851196289,13.255495071411133,198197604,Yahoo Finance,GOOGL,2026-09-18T13:25:36+08:00,confirmed
2008-07-02,13.426176071166992,13.523022651672363,13.164665222167969,13.189188957214355,13.064867973327637,168751080,Yahoo Finance,GOOGL,2026-09-18T13:25:36+08:00,confirmed
2008-07-03,13.285284996032715,13.494243621826172,13.200700759887695,13.438438415527344,13.311767578125,95923980,Yahoo Finance,GOOGL,2026-09-18T13:25:36+08:00,confirmed
2008-07-07,13.571070671081543,13.738739013671875,13.403403282165527,13.611360549926758,13.48305892944336,170037792,Yahoo Finance,GOOGL,2026-09-18T13:25:36+08:00,confirmed
2008-07-08,13.663413047790527,13.893644332885742,13.513513565063477,13.877126693725586,13.746322631835938,197098704,Yahoo Finance,GOOGL,2026-09-18T13:25:36+08:00,confirmed
2008-07-09,13.782782554626465,13.905905723571777,13.531782150268555,13.552302360534668,13.424558639526367,165993840,Yahoo Finance,GOOGL,2026-09-18T13:25:36+08:00,confirmed
2008-07-10,13.638639450073242,13.751251220703125,13.281281471252441,13.527777671813965,13.40026569366455,173094732,Yahoo Finance,GOOGL,2026-09-18T13:25:36+08:00,confirmed
2008-07-11,13.425926208496094,13.501001358032227,12.998748779296875,13.358358383178711,13.232441902160645,199056744,Yahoo Finance,GOOGL,2026-09-18T13:25:36+08:00,confirmed
2008-07-14,13.48848819732666,13.5150146484375,12.899148941040039,13.053553581237793,12.930510520935059,176815008,Yahoo Finance,GOOGL,2026-09-18T13:25:36+08:00,confirmed
2008-07-15,12.919919967651367,13.200700759887695,12.540040016174316,12.915164947509766,12.793426513671875,242597160,Yahoo Finance,GOOGL,2026-09-18T13:25:36+08:00,confirmed
2008-07-16,12.863863945007324,13.425926208496094,12.777777671813965,13.403403282165527,13.277063369750977,189498312,Yahoo Finance,GOOGL,2026-09-18T13:25:36+08:00,confirmed
2008-07-17,13.367366790771484,13.439689636230469,13.125625610351562,13.349349021911621,13.223517417907715,351144504,Yahoo Finance,GOOGL,2026-09-18T13:25:36+08:00,confirmed
2008-07-18,12.471220970153809,12.486987113952637,11.966716766357422,12.045044898986816,11.93150806427002,451244304,Yahoo Finance,GOOGL,2026-09-18T13:25:36+08:00,confirmed
2008-07-21,12.03403377532959,12.114363670349121,11.654153823852539,11.731732368469238,11.621149063110352,235823940,Yahoo Finance,GOOGL,2026-09-18T13:25:36+08:00,confirmed
2008-07-22,11.679679870605469,12.018267631530762,11.651652336120605,11.939689636230469,11.827146530151367,187472340,Yahoo Finance,GOOGL,2026-09-18T13:25:36+08:00,confirmed
2008-07-23,12.052302360534668,12.443193435668945,11.96446418762207,12.242742538452148,12.12734317779541,195568236,Yahoo Finance,GOOGL,2026-09-18T13:25:36+08:00,confirmed
2008-07-24,12.429929733276367,12.434184074401855,11.9024019241333,11.9024019241333,11.790209770202637,141494364,Yahoo Finance,GOOGL,2026-09-18T13:25:36+08:00,confirmed
2008-07-25,12.174424171447754,12.340591430664062,12.04955005645752,12.311812400817871,12.195761680603027,127212660,Yahoo Finance,GOOGL,2026-09-18T13:25:36+08:00,confirmed
2008-07-28,12.31456470489502,12.31456470489502,11.89013957977295,11.939940452575684,11.827392578125,126273600,Yahoo Finance,GOOGL,2026-09-18T13:25:36+08:00,confirmed
2008-07-29,11.994494438171387,12.193694114685059,11.96196174621582,12.089839935302734,11.975881576538086,111999888,Yahoo Finance,GOOGL,2026-09-18T13:25:36+08:00,confirmed
2008-07-30,12.149649620056152,12.162663459777832,11.83208179473877,12.079580307006836,11.965719223022461,139488372,Yahoo Finance,GOOGL,2026-09-18T13:25:36+08:00,confirmed
2008-07-31,11.875876426696777,12.034283638000488,11.797798156738281,11.855606079101562,11.743856430053711,114489396,Yahoo Finance,GOOGL,2026-09-18T13:25:36+08:00,confirmed
2008-08-01,11.824575424194336,11.842342376708984,11.574073791503906,11.708208084106445,11.597846984863281,120195684,Yahoo Finance,GOOGL,2026-09-18T13:25:36+08:00,confirmed
2008-08-04,11.714715003967285,11.83708667755127,11.559059143066406,11.586586952209473,11.477372169494629,99380520,Yahoo Finance,GOOGL,2026-09-18T13:25:36+08:00,confirmed
2008-08-05,11.701451301574707,12.01401424407959,11.669919967651367,12.008257865905762,11.895068168640137,143236620,Yahoo Finance,GOOGL,2026-09-18T13:25:36+08:00,confirmed
2008-08-06,11.971220970153809,12.25650691986084,11.824575424194336,12.170671463012695,12.055951118469238,134896968,Yahoo Finance,GOOGL,2026-09-18T13:25:36+08:00,confirmed
2008-08-07,12.06206226348877,12.112112045288086,11.922171592712402,11.989990234375,11.876971244812012,110841048,Yahoo Finance,GOOGL,2026-09-18T13:25:36+08:00,confirmed
2008-08-08,12.015766143798828,12.406155586242676,11.904153823852539,12.387638092041016,12.270873069763184,149422428,Yahoo Finance,GOOGL,2026-09-18T13:25:36+08:00,confirmed
2008-08-11,12.324073791503906,12.734734535217285,12.306806564331055,12.533534049987793,12.415393829345703,169402428,Yahoo Finance,GOOGL,2026-09-18T13:25:36+08:00,confirmed
2008-08-12,12.562562942504883,12.665916442871094,12.462462425231934,12.577828407287598,12.459270477294922,110117772,Yahoo Finance,GOOGL,2026-09-18T13:25:36+08:00,confirmed
2008-08-13,12.552553176879883,12.60110092163086,12.359358787536621,12.513262748718262,12.395313262939453,144874980,Yahoo Finance,GOOGL,2026-09-18T13:25:36+08:00,confirmed
2008-08-14,12.454955101013184,12.702953338623047,12.419670104980469,12.649900436401367,12.530661582946777,116627256,Yahoo Finance,GOOGL,2026-09-18T13:25:36+08:00,confirmed
2008-08-15,12.687437057495117,12.779278755187988,12.650150299072266,12.76651668548584,12.646181106567383,141686172,Yahoo Finance,GOOGL,2026-09-18T13:25:36+08:00,confirmed
2008-08-18,12.758758544921875,12.762763023376465,12.400150299072266,12.469969749450684,12.352429389953613,133222644,Yahoo Finance,GOOGL,2026-09-18T13:25:36+08:00,confirmed
2008-08-19,12.273022651672363,12.46946907043457,12.17792797088623,12.274774551391602,12.159073829650879,121738140,Yahoo Finance,GOOGL,2026-09-18T13:25:36+08:00,confirmed
2008-08-20,12.380379676818848,12.429679870605469,12.076326370239258,12.137137413024902,12.022732734680176,159124716,Yahoo Finance,GOOGL,2026-09-18T13:25:36+08:00,confirmed
2008-08-21,12.085084915161133,12.259759902954102,11.993743896484375,12.175424575805664,12.060659408569336,140423436,Yahoo Finance,GOOGL,2026-09-18T13:25:36+08:00,confirmed
2008-08-22,12.299799919128418,12.384384155273438,12.249249458312988,12.277027130126953,12.161303520202637,91796112,Yahoo Finance,GOOGL,2026-09-18T13:25:36+08:00,confirmed
2008-08-25,12.164915084838867,12.437437057495117,12.04955005645752,12.087336540222168,11.97340202331543,80491428,Yahoo Finance,GOOGL,2026-09-18T13:25:36+08:00,confirmed
2008-08-26,12.098599433898926,12.098599433898926,11.776527404785156,11.865865707397461,11.754018783569336,132195672,Yahoo Finance,GOOGL,2026-09-18T13:25:36+08:00,confirmed
2008-08-27,11.85510540008545,11.882633209228516,11.632633209228516,11.726225852966309,11.615694046020508,175308516,Yahoo Finance,GOOGL,2026-09-18T13:25:36+08:00,confirmed
2008-08-28,11.824073791503906,11.923172950744629,11.77001953125,11.856355667114258,11.744597434997559,121066812,Yahoo Finance,GOOGL,2026-09-18T13:25:36+08:00,confirmed
2008-08-29,11.755505561828613,11.787036895751953,11.569820404052734,11.593844413757324,11.484560012817383,153774072,Yahoo Finance,GOOGL,2026-09-18T13:25:36+08:00,confirmed
2008-09-02,11.931180953979492,12.066567420959473,11.547046661376953,11.642892837524414,11.533146858215332,244215540,Yahoo Finance,GOOGL,2026-09-18T13:25:36+08:00,confirmed
2008-09-03,11.72998046875,11.869118690490723,11.501001358032227,11.621871948242188,11.512324333190918,172411416,Yahoo Finance,GOOGL,2026-09-18T13:25:36+08:00,confirmed
2008-09-04,11.51151180267334,11.5925931930542,11.246246337890625,11.267767906188965,11.1615571975708,193746060,Yahoo Finance,GOOGL,2026-09-18T13:25:36+08:00,confirmed
2008-09-05,11.148398399353027,11.322822570800781,11.013012886047363,11.117366790771484,11.012575149536133,181190628,Yahoo Finance,GOOGL,2026-09-18T13:25:36+08:00,confirmed
2008-09-08,11.311812400817871,11.334835052490234,10.449198722839355,10.509259223937988,10.410198211669922,360355284,Yahoo Finance,GOOGL,2026-09-18T13:25:36+08:00,confirmed
2008-09-09,10.589839935302734,10.820320129394531,10.385384559631348,10.476977348327637,10.37822151184082,288894816,Yahoo Finance,GOOGL,2026-09-18T13:25:36+08:00,confirmed
2008-09-10,10.622371673583984,10.622623443603516,10.252251625061035,10.364363670349121,10.266668319702148,248822928,Yahoo Finance,GOOGL,2026-09-18T13:25:36+08:00,confirmed
2008-09-11,10.218969345092773,10.888137817382812,10.169670104980469,10.854604721069336,10.752288818359375,258597144,Yahoo Finance,GOOGL,2026-09-18T13:25:36+08:00,confirmed
2008-09-12,10.766016006469727,11.060811042785645,10.735735893249512,10.952451705932617,10.849213600158691,240878880,Yahoo Finance,GOOGL,2026-09-18T13:25:36+08:00,confirmed
2008-09-15,10.610610961914062,11.060310363769531,10.603352546691895,10.857357025146484,10.75501537322998,262433304,Yahoo Finance,GOOGL,2026-09-18T13:25:36+08:00,confirmed
2008-09-16,10.659660339355469,11.243243217468262,10.647897720336914,11.084334373474121,10.979852676391602,279348372,Yahoo Finance,GOOGL,2026-09-18T13:25:36+08:00,confirmed
2008-09-17,10.972972869873047,10.98948860168457,10.346345901489258,10.372623443603516,10.274852752685547,364710924,Yahoo Finance,GOOGL,2026-09-18T13:25:36+08:00,confirmed
2008-09-18,10.576577186584473,10.990489959716797,10.272772789001465,10.987988471984863,10.884415626525879,343232424,Yahoo Finance,GOOGL,2026-09-18T13:25:36+08:00,confirmed
2008-09-19,11.536537170410156,11.563312530517578,11.093092918395996,11.239990234375,11.134042739868164,399839760,Yahoo Finance,GOOGL,2026-09-18T13:25:36+08:00,confirmed
2008-09-22,11.364615440368652,11.364615440368652,10.735735893249512,10.764264106750488,10.662799835205078,176115708,Yahoo Finance,GOOGL,2026-09-18T13:25:36+08:00,confirmed
2008-09-23,10.84209156036377,11.030780792236328,10.653654098510742,10.742491722106934,10.64123249053955,207959832,Yahoo Finance,GOOGL,2026-09-18T13:25:36+08:00,confirmed
2008-09-24,10.769268989562988,11.136136054992676,10.763513565063477,10.888639450073242,10.786002159118652,169510320,Yahoo Finance,GOOGL,2026-09-18T13:25:36+08:00,confirmed
2008-09-25,10.981982231140137,11.261260986328125,10.910409927368164,11.001001358032227,10.89730453491211,200611188,Yahoo Finance,GOOGL,2026-09-18T13:25:36+08:00,confirmed
2008-09-26,10.710710525512695,10.939940452575684,10.536286354064941,10.786787033081055,10.685111045837402,211488300,Yahoo Finance,GOOGL,2026-09-18T13:25:36+08:00,confirmed
2008-09-29,10.498248100280762,10.598347663879395,9.527276992797852,9.53453540802002,9.444663047790527,430085484,Yahoo Finance,GOOGL,2026-09-18T13:25:36+08:00,confirmed
2008-09-30,9.909408569335938,10.637638092041016,9.817817687988281,10.023022651672363,9.928544998168945,123328548,Yahoo Finance,GOOGL,2026-09-18T13:25:36+08:00,confirmed
2008-10-01,10.28903865814209,10.434934616088867,10.0875883102417,10.303302764892578,10.206184387207031,249142608,Yahoo Finance,GOOGL,2026-09-18T13:25:36+08:00,confirmed
2008-10-02,10.2550048828125,10.259759902954102,9.659660339355469,9.772022247314453,9.679911613464355,239156604,Yahoo Finance,GOOGL,2026-09-18T13:25:36+08:00,confirmed
2008-10-03,9.943694114685059,10.322822570800781,9.586336135864258,9.682432174682617,9.591166496276855,319396284,Yahoo Finance,GOOGL,2026-09-18T13:25:36+08:00,confirmed
2008-10-06,9.358859062194824,9.409158706665039,8.93793773651123,9.28954029083252,9.20197868347168,448375176,Yahoo Finance,GOOGL,2026-09-18T13:25:36+08:00,confirmed
2008-10-07,9.3425931930542,9.38388442993164,8.642892837524414,8.65890884399414,8.577290534973145,441733824,Yahoo Finance,GOOGL,2026-09-18T13:25:36+08:00,confirmed
2008-10-08,8.262262344360352,8.983734130859375,8.160910606384277,8.461211204528809,8.381454467773438,472582944,Yahoo Finance,GOOGL,2026-09-18T13:25:36+08:00,confirmed
2008-10-09,8.621622085571289,8.722972869873047,8.049799919128418,8.232732772827148,8.155129432678223,322677000,Yahoo Finance,GOOGL,2026-09-18T13:25:36+08:00,confirmed
2008-10-10,7.836836814880371,8.555806159973145,7.765264987945557,8.308307647705078,8.22999382019043,423488088,Yahoo Finance,GOOGL,2026-09-18T13:25:36+08:00,confirmed
2008-10-13,8.903654098510742,9.558307647705078,8.6524019241333,9.535035133361816,9.445158004760742,355863780,Yahoo Finance,GOOGL,2026-09-18T13:25:36+08:00,confirmed
2008-10-14,9.848097801208496,9.872371673583984,8.933934211730957,9.076827049255371,8.9912691116333,311080608,Yahoo Finance,GOOGL,2026-09-18T13:25:36+08:00,confirmed
2008-10-15,8.87512493133545,8.983983993530273,8.479228973388672,8.487737655639648,8.407732009887695,268587144,Yahoo Finance,GOOGL,2026-09-18T13:25:36+08:00,confirmed
2008-10-16,8.327326774597168,8.92142105102539,7.743743896484375,8.834334373474121,8.751060485839844,648938412,Yahoo Finance,GOOGL,2026-09-18T13:25:36+08:00,confirmed
2008-10-17,9.48348331451416,9.659660339355469,9.097847938537598,9.322822570800781,9.234945297241211,569398032,Yahoo Finance,GOOGL,2026-09-18T13:25:36+08:00,confirmed
2008-10-20,9.503252983093262,9.53403377532959,8.998748779296875,9.492491722106934,9.403017044067383,269865864,Yahoo Finance,GOOGL,2026-09-18T13:25:36+08:00,confirmed
2008-10-21,9.319068908691406,9.604104042053223,9.059059143066406,9.077828407287598,8.992260932922363,231048720,Yahoo Finance,GOOGL,2026-09-18T13:25:36+08:00,confirmed
2008-10-22,8.933684349060059,9.25150203704834,8.608609199523926,8.900650978088379,8.816752433776855,262137600,Yahoo Finance,GOOGL,2026-09-18T13:25:36+08:00,confirmed
2008-10-23,8.850099563598633,8.958958625793457,8.458208084106445,8.816817283630371,8.733710289001465,258896844,Yahoo Finance,GOOGL,2026-09-18T13:25:36+08:00,confirmed
2008-10-24,8.169919967651367,8.77052116394043,8.126626968383789,8.490740776062012,8.41070556640625,294065640,Yahoo Finance,GOOGL,2026-09-18T13:25:36+08:00,confirmed
2008-10-27,8.378628730773926,8.58358383178711,8.148147583007812,8.245494842529297,8.167771339416504,247779972,Yahoo Finance,GOOGL,2026-09-18T13:25:36+08:00,confirmed
2008-10-28,8.484734535217285,9.241991996765137,8.22097110748291,9.227977752685547,9.140995979309082,323891784,Yahoo Finance,GOOGL,2026-09-18T13:25:36+08:00,confirmed
2008-10-29,9.15390396118164,9.284283638000488,8.81806755065918,8.958958625793457,8.87451171875,389873736,Yahoo Finance,GOOGL,2026-09-18T13:25:36+08:00,confirmed
2008-10-30,9.220721244812012,9.309309005737305,8.968217849731445,9.001251220703125,8.91640567779541,319236444,Yahoo Finance,GOOGL,2026-09-18T13:25:36+08:00,confirmed
2008-10-31,8.91291332244873,9.308307647705078,8.865615844726562,8.992993354797363,8.908226013183594,296635068,Yahoo Finance,GOOGL,2026-09-18T13:25:36+08:00,confirmed
2008-11-03,8.948448181152344,9.083833694458008,8.544294357299805,8.670921325683594,8.589189529418945,237941820,Yahoo Finance,GOOGL,2026-09-18T13:25:36+08:00,confirmed
2008-11-04,8.844844818115234,9.318318367004395,8.646145820617676,9.182682991027832,9.0961275100708,293702004,Yahoo Finance,GOOGL,2026-09-18T13:25:36+08:00,confirmed
2008-11-05,9.062812805175781,9.231230735778809,8.541291236877441,8.56456470489502,8.483834266662598,277582140,Yahoo Finance,GOOGL,2026-09-18T13:25:36+08:00,confirmed
2008-11-06,8.507758140563965,8.619118690490723,8.153403282165527,8.288788795471191,8.210658073425293,342649008,Yahoo Finance,GOOGL,2026-09-18T13:25:36+08:00,confirmed
2008-11-07,8.336336135864258,8.537286758422852,8.141390800476074,8.286787033081055,8.208675384521484,187064748,Yahoo Finance,GOOGL,2026-09-18T13:25:36+08:00,confirmed
2008-11-10,8.208208084106445,8.244243621826172,7.7444939613342285,7.977477073669434,7.902280807495117,322880796,Yahoo Finance,GOOGL,2026-09-18T13:25:36+08:00,confirmed
2008-11-11,7.724975109100342,7.915414810180664,7.52052116394043,7.7942938804626465,7.7208251953125,405458136,Yahoo Finance,GOOGL,2026-09-18T13:25:36+08:00,confirmed
2008-11-12,7.55880880355835,7.820069789886475,7.20120096206665,7.282281875610352,7.213639259338379,401641956,Yahoo Finance,GOOGL,2026-09-18T13:25:36+08:00,confirmed
2008-11-13,7.301551818847656,7.8328328132629395,7.007007122039795,7.809810161590576,7.736194133758545,528858612,Yahoo Finance,GOOGL,2026-09-18T13:25:36+08:00,confirmed
2008-11-14,7.588839054107666,8.132883071899414,7.5715718269348145,7.758257865905762,7.685128211975098,380303316,Yahoo Finance,GOOGL,2026-09-18T13:25:36+08:00,confirmed
2008-11-17,7.582582950592041,7.7617621421813965,7.45620584487915,7.5105109214782715,7.439716815948486,301450248,Yahoo Finance,GOOGL,2026-09-18T13:25:36+08:00,confirmed
2008-11-18,7.546796798706055,7.600851058959961,7.140891075134277,7.442943096160889,7.372785568237305,333510156,Yahoo Finance,GOOGL,2026-09-18T13:25:36+08:00,confirmed
2008-11-19,7.392141819000244,7.512261867523193,6.971470832824707,7.01151180267334,6.94542121887207,313070616,Yahoo Finance,GOOGL,2026-09-18T13:25:36+08:00,confirmed
2008-11-20,6.879128932952881,7.080581188201904,6.482481956481934,6.495494842529297,6.434268474578857,390784824,Yahoo Finance,GOOGL,2026-09-18T13:25:36+08:00,confirmed
2008-11-21,6.569318771362305,6.740991115570068,6.188689231872559,6.567317008972168,6.5054144859313965,409370220,Yahoo Finance,GOOGL,2026-09-18T13:25:36+08:00,confirmed
2008-11-24,6.7382378578186035,6.7555060386657715,6.231481075286865,6.442441940307617,6.381715297698975,401785812,Yahoo Finance,GOOGL,2026-09-18T13:25:36+08:00,confirmed
2008-11-25,6.723723888397217,7.1736741065979,6.689690113067627,7.058308124542236,6.991776466369629,430417152,Yahoo Finance,GOOGL,2026-09-18T13:25:36+08:00,confirmed
2008-11-26,7.014013767242432,7.393894195556641,6.911911964416504,7.3095598220825195,7.240660190582275,254009736,Yahoo Finance,GOOGL,2026-09-18T13:25:36+08:00,confirmed
2008-11-28,7.2717719078063965,7.4186692237854,7.214213848114014,7.3313307762146,7.26222562789917,102517380,Yahoo Finance,GOOGL,2026-09-18T13:25:36+08:00,confirmed
2008-12-01,7.174173831939697,7.191691875457764,6.656156063079834,6.656405925750732,6.593662261962891,228219552,Yahoo Finance,GOOGL,2026-09-18T13:25:36+08:00,confirmed
2008-12-02,6.75,6.951450824737549,6.571071147918701,6.884634971618652,6.819740295410156,233354412,Yahoo Finance,GOOGL,2026-09-18T13:25:36+08:00,confirmed
2008-12-03,6.753003120422363,7.041040897369385,6.640140056610107,6.992743015289307,6.926828861236572,235955808,Yahoo Finance,GOOGL,2026-09-18T13:25:36+08:00,confirmed
2008-12-04,6.920169830322266,7.094344139099121,6.72597599029541,6.865365028381348,6.800652027130127,195268536,Yahoo Finance,GOOGL,2026-09-18T13:25:36+08:00,confirmed
2008-12-05,6.782281875610352,7.113112926483154,6.607107162475586,7.106856822967529,7.039867877960205,260587152,Yahoo Finance,GOOGL,2026-09-18T13:25:36+08:00,confirmed
2008-12-08,7.257007122039795,7.743743896484375,7.057056903839111,7.560309886932373,7.489046573638916,325446228,Yahoo Finance,GOOGL,2026-09-18T13:25:36+08:00,confirmed
2008-12-09,7.449699878692627,7.957958221435547,7.432682991027832,7.656907081604004,7.584732532501221,275320404,Yahoo Finance,GOOGL,2026-09-18T13:25:36+08:00,confirmed
2008-12-10,7.738739013671875,7.880380153656006,7.620369911193848,7.7282280921936035,7.65538215637207,209270520,Yahoo Finance,GOOGL,2026-09-18T13:25:36+08:00,confirmed
2008-12-11,7.6118621826171875,7.829830169677734,7.452452182769775,7.513012886047363,7.442195415496826,246920832,Yahoo Finance,GOOGL,2026-09-18T13:25:36+08:00,confirmed
2008-12-12,7.400149822235107,7.919670104980469,7.357357025146484,7.901902198791504,7.827417850494385,228655116,Yahoo Finance,GOOGL,2026-09-18T13:25:36+08:00,confirmed
2008-12-15,7.858108043670654,7.97022008895874,7.635385036468506,7.774525165557861,7.701242446899414,269246484,Yahoo Finance,GOOGL,2026-09-18T13:25:36+08:00,confirmed
2008-12-16,7.870871067047119,8.245745658874512,7.789539813995361,8.14013957977295,8.063411712646484,282101616,Yahoo Finance,GOOGL,2026-09-18T13:25:36+08:00,confirmed
2008-12-17,7.973974227905273,8.061310768127441,7.818317890167236,7.888888835906982,7.814527988433838,231356412,Yahoo Finance,GOOGL,2026-09-18T13:25:36+08:00,confirmed
2008-12-18,7.925425052642822,8.016766548156738,7.735485076904297,7.764764785766602,7.6915740966796875,190349460,Yahoo Finance,GOOGL,2026-09-18T13:25:36+08:00,confirmed
2008-12-19,7.782533168792725,7.95270299911499,7.732732772827148,7.762012004852295,7.688847541809082,224279496,Yahoo Finance,GOOGL,2026-09-18T13:25:36+08:00,confirmed
2008-12-22,7.72172212600708,7.745244979858398,7.2730231285095215,7.435184955596924,7.365100860595703,156547296,Yahoo Finance,GOOGL,2026-09-18T13:25:36+08:00,confirmed
2008-12-23,7.51826810836792,7.5903401374816895,7.424173831939697,7.457958221435547,7.387659072875977,150956892,Yahoo Finance,GOOGL,2026-09-18T13:25:36+08:00,confirmed
2008-12-24,7.5445451736450195,7.666165828704834,7.4669671058654785,7.5813307762146,7.50986909866333,76783140,Yahoo Finance,GOOGL,2026-09-18T13:25:36+08:00,confirmed
2008-12-26,7.609358787536621,7.639139175415039,7.46521520614624,7.516517162322998,7.445666313171387,78285636,Yahoo Finance,GOOGL,2026-09-18T13:25:36+08:00,confirmed
2008-12-29,7.513012886047363,7.542041778564453,7.296796798706055,7.442943096160889,7.372785568237305,147927924,Yahoo Finance,GOOGL,2026-09-18T13:25:36+08:00,confirmed
2008-12-30,7.527527809143066,7.6779279708862305,7.47522497177124,7.585334777832031,7.513835906982422,153586260,Yahoo Finance,GOOGL,2026-09-18T13:25:36+08:00,confirmed
2008-12-31,7.612613201141357,7.782783031463623,7.5728230476379395,7.698948860168457,7.626379013061523,115356528,Yahoo Finance,GOOGL,2026-09-18T13:25:36+08:00,confirmed
2009-01-02,7.722723007202148,8.053553581237793,7.645144939422607,8.041041374206543,7.965246677398682,144275580,Yahoo Finance,GOOGL,2026-09-18T13:25:36+08:00,confirmed
2009-01-05,8.03303337097168,8.289289474487305,7.882883071899414,8.20945930480957,8.13207721710205,195364440,Yahoo Finance,GOOGL,2026-09-18T13:25:36+08:00,confirmed
2009-01-06,8.332833290100098,8.528529167175293,8.16791820526123,8.35986042022705,8.281061172485352,256750992,Yahoo Finance,GOOGL,2026-09-18T13:25:36+08:00,confirmed
2009-01-07,8.216216087341309,8.281030654907227,7.97672700881958,8.058307647705078,7.982348918914795,179600220,Yahoo Finance,GOOGL,2026-09-18T13:25:36+08:00,confirmed
2009-01-08,7.964964866638184,8.137887954711914,7.941441059112549,8.137887954711914,8.06118106842041,143883972,Yahoo Finance,GOOGL,2026-09-18T13:25:36+08:00,confirmed
2009-01-09,8.195695877075195,8.195695877075195,7.842843055725098,7.884634971618652,7.810314655303955,173446380,Yahoo Finance,GOOGL,2026-09-18T13:25:36+08:00,confirmed
2009-01-12,7.915666103363037,7.98173189163208,7.763514041900635,7.825075149536133,7.751316070556641,132039828,Yahoo Finance,GOOGL,2026-09-18T13:25:36+08:00,confirmed
2009-01-13,7.802052021026611,8.023022651672363,7.767518043518066,7.865866184234619,7.791722297668457,177122700,Yahoo Finance,GOOGL,2026-09-18T13:25:36+08:00,confirmed
2009-01-14,7.757758140563965,7.852852821350098,7.45120096206665,7.531782150268555,7.460787296295166,218497284,Yahoo Finance,GOOGL,2026-09-18T13:25:36+08:00,confirmed
2009-01-15,7.446697235107422,7.597096920013428,7.176927089691162,7.482232093811035,7.4117045402526855,237142620,Yahoo Finance,GOOGL,2026-09-18T13:25:36+08:00,confirmed
2009-01-16,7.6331329345703125,7.713963985443115,7.399899959564209,7.49924898147583,7.428560256958008,208767024,Yahoo Finance,GOOGL,2026-09-18T13:25:36+08:00,confirmed
2009-01-20,7.485986232757568,7.4949951171875,7.075826168060303,7.075826168060303,7.009129524230957,201726072,Yahoo Finance,GOOGL,2026-09-18T13:25:36+08:00,confirmed
2009-01-21,7.21596622467041,7.595095157623291,7.21596622467041,7.584585189819336,7.513092994689941,196783020,Yahoo Finance,GOOGL,2026-09-18T13:25:36+08:00,confirmed
2009-01-22,7.458457946777344,7.741490840911865,7.386136054992676,7.670169830322266,7.597870826721191,330349320,Yahoo Finance,GOOGL,2026-09-18T13:25:36+08:00,confirmed
2009-01-23,7.7394890785217285,8.307307243347168,7.613112926483154,8.125625610351562,8.049033164978027,428882688,Yahoo Finance,GOOGL,2026-09-18T13:25:36+08:00,confirmed
2009-01-26,8.129379272460938,8.208208084106445,8.022022247314453,8.104854583740234,8.028457641601562,184243572,Yahoo Finance,GOOGL,2026-09-18T13:25:36+08:00,confirmed
2009-01-27,8.169419288635254,8.35510540008545,8.11486530303955,8.295294761657715,8.217103004455566,196894908,Yahoo Finance,GOOGL,2026-09-18T13:25:36+08:00,confirmed
2009-01-28,8.457958221435547,8.81706714630127,8.416166305541992,8.725475311279297,8.643229484558105,307348344,Yahoo Finance,GOOGL,2026-09-18T13:25:36+08:00,confirmed
2009-01-29,8.622121810913086,8.63488483428955,8.511260986328125,8.591591835021973,8.510608673095703,291060648,Yahoo Finance,GOOGL,2026-09-18T13:25:36+08:00,confirmed
2009-01-30,8.625876426696777,8.728729248046875,8.408408164978027,8.471721649169922,8.391867637634277,186693120,Yahoo Finance,GOOGL,2026-09-18T13:25:36+08:00,confirmed
2009-02-02,8.365615844726562,8.633633613586426,8.308307647705078,8.522772789001465,8.442436218261719,208067724,Yahoo Finance,GOOGL,2026-09-18T13:25:36+08:00,confirmed
2009-02-03,8.572822570800781,8.58358383178711,8.354104042053223,8.519769668579102,8.439461708068848,261997740,Yahoo Finance,GOOGL,2026-09-18T13:25:36+08:00,confirmed
2009-02-04,8.510259628295898,8.86987018585205,8.487737655639648,8.58358383178711,8.50267505645752,272423304,Yahoo Finance,GOOGL,2026-09-18T13:25:36+08:00,confirmed
2009-02-05,8.531281471252441,8.893392562866211,8.433432579040527,8.851852416992188,8.768414497375488,290285424,Yahoo Finance,GOOGL,2026-09-18T13:25:36+08:00,confirmed
2009-02-06,8.920419692993164,9.354604721069336,8.89489459991455,9.291291236877441,9.20371150970459,281242476,Yahoo Finance,GOOGL,2026-09-18T13:25:36+08:00,confirmed
2009-02-09,9.291291236877441,9.53453540802002,9.191692352294922,9.478729248046875,9.389382362365723,198892908,Yahoo Finance,GOOGL,2026-09-18T13:25:36+08:00,confirmed
2009-02-10,9.40890884399414,9.44694709777832,8.956206321716309,8.971721649169922,8.887152671813965,283863852,Yahoo Finance,GOOGL,2026-09-18T13:25:36+08:00,confirmed
2009-02-11,8.982732772827148,9.134134292602539,8.833833694458008,8.959959983825684,8.875502586364746,209054736,Yahoo Finance,GOOGL,2026-09-18T13:25:36+08:00,confirmed
2009-02-12,8.837838172912598,9.099599838256836,8.795796394348145,9.085334777832031,8.999695777893066,221789988,Yahoo Finance,GOOGL,2026-09-18T13:25:36+08:00,confirmed
2009-02-13,9.063814163208008,9.083833694458008,8.889639854431152,8.950950622558594,8.86658000946045,165702132,Yahoo Finance,GOOGL,2026-09-18T13:25:36+08:00,confirmed
2009-02-17,8.67142105102539,8.685935974121094,8.500750541687012,8.575075149536133,8.494246482849121,226988784,Yahoo Finance,GOOGL,2026-09-18T13:25:36+08:00,confirmed
2009-02-18,8.689689636230469,8.843342781066895,8.52152156829834,8.836586952209473,8.753293991088867,240739020,Yahoo Finance,GOOGL,2026-09-18T13:25:36+08:00,confirmed
2009-02-19,8.945695877075195,9.004003524780273,8.543793678283691,8.574575424194336,8.493751525878906,199348452,Yahoo Finance,GOOGL,2026-09-18T13:25:36+08:00,confirmed
2009-02-20,8.459710121154785,8.731732368469238,8.383382797241211,8.669919967651367,8.588194847106934,248435316,Yahoo Finance,GOOGL,2026-09-18T13:25:36+08:00,confirmed
2009-02-23,8.683684349060059,8.753753662109375,8.246996879577637,8.259759902954102,8.181904792785645,208635156,Yahoo Finance,GOOGL,2026-09-18T13:25:36+08:00,confirmed
2009-02-24,8.283783912658691,8.749249458312988,8.28053092956543,8.64489459991455,8.563407897949219,243592164,Yahoo Finance,GOOGL,2026-09-18T13:25:36+08:00,confirmed
2009-02-25,8.562312126159668,8.816315650939941,8.481480598449707,8.54955005645752,8.468962669372559,257306436,Yahoo Finance,GOOGL,2026-09-18T13:25:36+08:00,confirmed
2009-02-26,8.657657623291016,8.821070671081543,8.437437057495117,8.43793773651123,8.358400344848633,223999776,Yahoo Finance,GOOGL,2026-09-18T13:25:36+08:00,confirmed
2009-02-27,8.33208179473877,8.604104042053223,8.286035537719727,8.458208084106445,8.378479957580566,216583200,Yahoo Finance,GOOGL,2026-09-18T13:25:36+08:00,confirmed
2009-03-02,8.341591835021973,8.526025772094727,8.158158302307129,8.187187194824219,8.110015869140625,231308460,Yahoo Finance,GOOGL,2026-09-18T13:25:36+08:00,confirmed
2009-03-03,8.260009765625,8.350601196289062,8.066817283630371,8.145145416259766,8.068370819091797,260731008,Yahoo Finance,GOOGL,2026-09-18T13:25:36+08:00,confirmed
2009-03-04,8.08708667755127,8.233233451843262,7.892392158508301,7.98098087310791,7.905752658843994,312423264,Yahoo Finance,GOOGL,2026-09-18T13:25:36+08:00,confirmed
2009-03-05,7.919919967651367,7.984984874725342,7.573574066162109,7.648649215698242,7.576552391052246,260934804,Yahoo Finance,GOOGL,2026-09-18T13:25:36+08:00,confirmed
2009-03-06,7.688188076019287,7.762513160705566,7.363614082336426,7.7219719886779785,7.6491851806640625,289078632,Yahoo Finance,GOOGL,2026-09-18T13:25:36+08:00,confirmed
2009-03-09,7.507007122039795,7.671922206878662,7.24349308013916,7.279530048370361,7.210912704467773,258593148,Yahoo Finance,GOOGL,2026-09-18T13:25:36+08:00,confirmed
2009-03-10,7.463714122772217,7.770269870758057,7.363614082336426,7.7119622230529785,7.639269828796387,268938792,Yahoo Finance,GOOGL,2026-09-18T13:25:36+08:00,confirmed
2009-03-11,7.760260105133057,8.008008003234863,7.650400161743164,7.9557061195373535,7.8807148933410645,236707056,Yahoo Finance,GOOGL,2026-09-18T13:25:36+08:00,confirmed
2009-03-12,7.946445941925049,8.133132934570312,7.849099159240723,8.096345901489258,8.02003002166748,200763036,Yahoo Finance,GOOGL,2026-09-18T13:25:36+08:00,confirmed
2009-03-13,8.160660743713379,8.194695472717285,7.983734130859375,8.118618965148926,8.042091369628906,156099744,Yahoo Finance,GOOGL,2026-09-18T13:25:36+08:00,confirmed
2009-03-16,8.15790843963623,8.25150203704834,7.972723007202148,8.000249862670898,7.924839496612549,197674128,Yahoo Finance,GOOGL,2026-09-18T13:25:36+08:00,confirmed
2009-03-17,8.012513160705566,8.391892433166504,7.985235214233398,8.391892433166504,8.31279182434082,188311500,Yahoo Finance,GOOGL,2026-09-18T13:25:36+08:00,confirmed
2009-03-18,8.378628730773926,8.508508682250977,8.20945930480957,8.335836410522461,8.257262229919434,200287512,Yahoo Finance,GOOGL,2026-09-18T13:25:36+08:00,confirmed
2009-03-19,8.300299644470215,8.408408164978027,8.192692756652832,8.256756782531738,8.17892837524414,164283552,Yahoo Finance,GOOGL,2026-09-18T13:25:36+08:00,confirmed
2009-03-20,8.265766143798828,8.333083152770996,8.166666984558105,8.262262344360352,8.184381484985352,189326484,Yahoo Finance,GOOGL,2026-09-18T13:25:36+08:00,confirmed
2009-03-23,8.347347259521484,8.7449951171875,8.334083557128906,8.723724365234375,8.641494750976562,170689140,Yahoo Finance,GOOGL,2026-09-18T13:25:36+08:00,confirmed
2009-03-24,8.671171188354492,8.854854583740234,8.608609199523926,8.68793773651123,8.60604476928711,152647200,Yahoo Finance,GOOGL,2026-09-18T13:25:36+08:00,confirmed
2009-03-25,8.768769264221191,8.792291641235352,8.414665222167969,8.610360145568848,8.52919864654541,173278548,Yahoo Finance,GOOGL,2026-09-18T13:25:36+08:00,confirmed
2009-03-26,8.83708667755127,8.987988471984863,8.721220970153809,8.84109115600586,8.757755279541016,239891868,Yahoo Finance,GOOGL,2026-09-18T13:25:36+08:00,confirmed
2009-03-27,8.758758544921875,8.808809280395508,8.645395278930664,8.701201438903809,8.619185447692871,132779088,Yahoo Finance,GOOGL,2026-09-18T13:25:36+08:00,confirmed
2009-03-30,8.572321891784668,8.603854179382324,8.409660339355469,8.575825691223145,8.494987487792969,123640236,Yahoo Finance,GOOGL,2026-09-18T13:25:36+08:00,confirmed
2009-03-31,8.731982231140137,8.846596717834473,8.663163185119629,8.710209846496582,8.628108024597168,146065788,Yahoo Finance,GOOGL,2026-09-18T13:25:36+08:00,confirmed
2009-04-01,8.603102684020996,8.88988971710205,8.523774147033691,8.86111068725586,8.77758502960205,131915952,Yahoo Finance,GOOGL,2026-09-18T13:25:36+08:00,confirmed
2009-04-02,9.091841697692871,9.253252983093262,9.017017364501953,9.071572303771973,8.986063003540039,179340480,Yahoo Finance,GOOGL,2026-09-18T13:25:36+08:00,confirmed
2009-04-03,9.121622085571289,9.302302360534668,8.958958625793457,9.253753662109375,9.16652774810791,151440408,Yahoo Finance,GOOGL,2026-09-18T13:25:36+08:00,confirmed
2009-04-06,9.184184074401855,9.254755020141602,9.04404354095459,9.215214729309082,9.128351211547852,131080788,Yahoo Finance,GOOGL,2026-09-18T13:25:36+08:00,confirmed
2009-04-07,9.074073791503906,9.102852821350098,8.891641616821289,8.975225448608398,8.890625953674316,147056796,Yahoo Finance,GOOGL,2026-09-18T13:25:36+08:00,confirmed
2009-04-08,9.096596717834473,9.134134292602539,8.914163589477539,9.059059143066406,8.973669052124023,110497392,Yahoo Finance,GOOGL,2026-09-18T13:25:36+08:00,confirmed
2009-04-09,9.246747016906738,9.368118286132812,9.165414810180664,9.321822166442871,9.233953475952148,135168696,Yahoo Finance,GOOGL,2026-09-18T13:25:36+08:00,confirmed
2009-04-13,9.292543411254883,9.486987113952637,9.266766548156738,9.462211608886719,9.373021125793457,121881996,Yahoo Finance,GOOGL,2026-09-18T13:25:36+08:00,confirmed
2009-04-14,9.43293285369873,9.434184074401855,9.149148941040039,9.231982231140137,9.144962310791016,137006856,Yahoo Finance,GOOGL,2026-09-18T13:25:36+08:00,confirmed
2009-04-15,9.186687469482422,9.536035537719727,9.113113403320312,9.496996879577637,9.407478332519531,197030772,Yahoo Finance,GOOGL,2026-09-18T13:25:36+08:00,confirmed
2009-04-16,9.547046661376953,9.832331657409668,9.535035133361816,9.728227615356445,9.636529922485352,406996596,Yahoo Finance,GOOGL,2026-09-18T13:25:36+08:00,confirmed
2009-04-17,9.660160064697266,10.005505561828613,9.62987995147705,9.815815925598145,9.723292350769043,428802768,Yahoo Finance,GOOGL,2026-09-18T13:25:36+08:00,confirmed
2009-04-20,9.663413047790527,9.776025772094727,9.406657218933105,9.491991996765137,9.402519226074219,176978844,Yahoo Finance,GOOGL,2026-09-18T13:25:36+08:00,confirmed
2009-04-21,9.413663864135742,9.617116928100586,9.411911964416504,9.546296119689941,9.45631217956543,147668184,Yahoo Finance,GOOGL,2026-09-18T13:25:36+08:00,confirmed
2009-04-22,9.553302764892578,9.759759902954102,9.484734535217285,9.60610580444336,9.515558242797852,139931928,Yahoo Finance,GOOGL,2026-09-18T13:25:36+08:00,confirmed
2009-04-23,9.697446823120117,9.753503799438477,9.537286758422852,9.626876831054688,9.5361328125,104255640,Yahoo Finance,GOOGL,2026-09-18T13:25:36+08:00,confirmed
2009-04-24,9.660910606384277,9.839339256286621,9.522022247314453,9.746996879577637,9.655121803283691,135280584,Yahoo Finance,GOOGL,2026-09-18T13:25:36+08:00,confirmed
2009-04-27,9.618118286132812,9.746996879577637,9.578328132629395,9.658408164978027,9.567367553710938,91532376,Yahoo Finance,GOOGL,2026-09-18T13:25:36+08:00,confirmed
2009-04-28,9.603352546691895,9.73598575592041,9.54804801940918,9.602352142333984,9.5118408203125,117626256,Yahoo Finance,GOOGL,2026-09-18T13:25:36+08:00,confirmed
2009-04-29,9.65890884399414,9.884134292602539,9.655405044555664,9.796546936035156,9.704203605651855,144255600,Yahoo Finance,GOOGL,2026-09-18T13:25:36+08:00,confirmed
2009-04-30,9.90390396118164,10.103854179382324,9.87987995147705,9.909158706665039,9.815754890441895,174053772,Yahoo Finance,GOOGL,2026-09-18T13:25:36+08:00,confirmed
2009-05-01,9.885636329650879,9.949700355529785,9.798548698425293,9.852102279663086,9.759236335754395,97010892,Yahoo Finance,GOOGL,2026-09-18T13:25:36+08:00,confirmed
2009-05-04,9.964214324951172,10.070070266723633,9.879630088806152,10.05955982208252,9.964737892150879,127991880,Yahoo Finance,GOOGL,2026-09-18T13:25:36+08:00,confirmed
2009-05-05,10.009510040283203,10.13513469696045,9.941190719604492,10.084835052490234,9.989775657653809,95935968,Yahoo Finance,GOOGL,2026-09-18T13:25:36+08:00,confirmed
2009-05-06,10.179929733276367,10.217217445373535,10.035035133361816,10.096846580505371,10.001673698425293,105210684,Yahoo Finance,GOOGL,2026-09-18T13:25:36+08:00,confirmed
2009-05-07,10.1126127243042,10.13488483428955,9.822321891784668,9.925174713134766,9.831620216369629,119872008,Yahoo Finance,GOOGL,2026-09-18T13:25:36+08:00,confirmed
2009-05-08,10.081331253051758,10.263513565063477,9.88488483428955,10.193443298339844,10.097360610961914,154449396,Yahoo Finance,GOOGL,2026-09-18T13:25:36+08:00,confirmed
2009-05-11,10.080080032348633,10.310310363769531,10.040040016174316,10.209710121154785,10.113473892211914,102269628,Yahoo Finance,GOOGL,2026-09-18T13:25:36+08:00,confirmed
2009-05-12,10.26051139831543,10.285035133361816,9.887638092041016,9.985235214233398,9.891115188598633,151480368,Yahoo Finance,GOOGL,2026-09-18T13:25:36+08:00,confirmed
2009-05-13,9.862112045288086,9.919670104980469,9.718467712402344,9.748248100280762,9.656360626220703,113598288,Yahoo Finance,GOOGL,2026-09-18T13:25:36+08:00,confirmed
2009-05-14,9.729729652404785,9.815065383911133,9.626876831054688,9.697196960449219,9.605791091918945,117362520,Yahoo Finance,GOOGL,2026-09-18T13:25:36+08:00,confirmed
2009-05-15,9.787286758422852,9.8626127243042,9.736987113952637,9.759759902954102,9.667763710021973,120227652,Yahoo Finance,GOOGL,2026-09-18T13:25:36+08:00,confirmed
2009-05-18,9.878128051757812,9.942692756652832,9.644644737243652,9.930931091308594,9.837322235107422,133933932,Yahoo Finance,GOOGL,2026-09-18T13:25:36+08:00,confirmed
2009-05-19,9.9124116897583,10.051051139831543,9.834835052490234,9.981982231140137,9.887892723083496,113386500,Yahoo Finance,GOOGL,2026-09-18T13:25:36+08:00,confirmed
2009-05-20,10.062312126159668,10.151902198791504,9.88488483428955,9.939438819885254,9.845749855041504,91268640,Yahoo Finance,GOOGL,2026-09-18T13:25:36+08:00,confirmed
2009-05-21,9.9174165725708,10.08108139038086,9.855855941772461,9.922422409057617,9.828893661499023,108683208,Yahoo Finance,GOOGL,2026-09-18T13:25:36+08:00,confirmed
2009-05-22,9.92642593383789,9.976225852966309,9.809809684753418,9.847347259521484,9.75452709197998,68675256,Yahoo Finance,GOOGL,2026-09-18T13:25:36+08:00,confirmed
2009-05-26,9.80855941772461,10.13513469696045,9.759759902954102,10.119118690490723,10.023736000061035,124055820,Yahoo Finance,GOOGL,2026-09-18T13:25:36+08:00,confirmed
2009-05-27,10.151150703430176,10.306806564331055,10.130379676818848,10.149148941040039,10.053483009338379,121250628,Yahoo Finance,GOOGL,2026-09-18T13:25:36+08:00,confirmed
2009-05-28,10.227227210998535,10.300801277160645,10.125374794006348,10.270270347595215,10.173462867736816,106645248,Yahoo Finance,GOOGL,2026-09-18T13:25:36+08:00,confirmed
2009-05-29,10.31306266784668,10.441190719604492,10.277777671813965,10.441190719604492,10.342772483825684,105822072,Yahoo Finance,GOOGL,2026-09-18T13:25:36+08:00,confirmed
2009-06-01,10.478729248046875,10.750750541687012,10.473724365234375,10.674674987792969,10.574054718017578,132763104,Yahoo Finance,GOOGL,2026-09-18T13:25:36+08:00,confirmed
2009-06-02,10.666916847229004,10.759759902954102,10.595596313476562,10.720721244812012,10.619668006896973,104839056,Yahoo Finance,GOOGL,2026-09-18T13:25:36+08:00,confirmed
2009-06-03,10.660660743713379,10.822321891784668,10.610610961914062,10.802051544189453,10.700231552124023,141170688,Yahoo Finance,GOOGL,2026-09-18T13:25:36+08:00,confirmed
2009-06-04,10.893392562866211,11.042041778564453,10.873373031616211,11.018017768859863,10.914162635803223,145378476,Yahoo Finance,GOOGL,2026-09-18T13:25:36+08:00,confirmed
2009-06-05,11.137887954711914,11.194695472717285,10.997496604919434,11.119118690490723,11.014309883117676,147084768,Yahoo Finance,GOOGL,2026-09-18T13:25:36+08:00,confirmed
2009-06-08,10.99849796295166,11.03403377532959,10.863863945007324,10.980230331420898,10.876730918884277,123824052,Yahoo Finance,GOOGL,2026-09-18T13:25:36+08:00,confirmed
2009-06-09,10.975475311279297,11.023524284362793,10.804804801940918,10.901400566101074,10.79864501953125,130065804,Yahoo Finance,GOOGL,2026-09-18T13:25:36+08:00,confirmed
2009-06-10,10.916666984558105,10.958208084106445,10.677427291870117,10.825825691223145,10.723782539367676,134221644,Yahoo Finance,GOOGL,2026-09-18T13:25:36+08:00,confirmed
2009-06-11,10.805054664611816,10.854104042053223,10.719969749450684,10.735735893249512,10.634540557861328,114493392,Yahoo Finance,GOOGL,2026-09-18T13:25:36+08:00,confirmed
2009-06-12,10.682182312011719,10.703203201293945,10.540790557861328,10.631631851196289,10.531417846679688,116619264,Yahoo Finance,GOOGL,2026-09-18T13:25:36+08:00,confirmed
2009-06-15,10.54804801940918,10.54804801940918,10.360360145568848,10.429679870605469,10.331369400024414,149326524,Yahoo Finance,GOOGL,2026-09-18T13:25:36+08:00,confirmed
2009-06-16,10.493243217468262,10.537788391113281,10.395895957946777,10.410409927368164,10.312280654907227,121866012,Yahoo Finance,GOOGL,2026-09-18T13:25:36+08:00,confirmed
2009-06-17,10.415164947509766,10.503503799438477,10.299299240112305,10.389389038085938,10.291458129882812,139464396,Yahoo Finance,GOOGL,2026-09-18T13:25:36+08:00,confirmed
2009-06-18,10.4024019241333,10.477727890014648,10.335334777832031,10.361862182617188,10.264190673828125,123284592,Yahoo Finance,GOOGL,2026-09-18T13:25:36+08:00,confirmed
2009-06-19,10.465716361999512,10.522022247314453,10.37487506866455,10.512763023376465,10.413670539855957,170193636,Yahoo Finance,GOOGL,2026-09-18T13:25:36+08:00,confirmed
2009-06-22,10.434184074401855,10.447697639465332,10.057307243347168,10.193943977355957,10.097854614257812,164811024,Yahoo Finance,GOOGL,2026-09-18T13:25:36+08:00,confirmed
2009-06-23,10.17642593383789,10.2349853515625,10.073823928833008,10.152152061462402,10.056458473205566,115868016,Yahoo Finance,GOOGL,2026-09-18T13:25:36+08:00,confirmed
2009-06-24,10.228729248046875,10.316065788269043,10.174174308776855,10.242491722106934,10.145944595336914,98213688,Yahoo Finance,GOOGL,2026-09-18T13:25:36+08:00,confirmed
2009-06-25,10.185185432434082,10.40790843963623,10.17292308807373,10.404655456542969,10.3065824508667,121658220,Yahoo Finance,GOOGL,2026-09-18T13:25:36+08:00,confirmed
2009-06-26,10.352352142333984,10.716465950012207,10.338088035583496,10.643644332885742,10.543317794799805,130137732,Yahoo Finance,GOOGL,2026-09-18T13:25:36+08:00,confirmed
2009-06-29,10.660660743713379,10.705705642700195,10.566567420959473,10.614113807678223,10.514065742492676,86685228,Yahoo Finance,GOOGL,2026-09-18T13:25:36+08:00,confirmed
2009-06-30,10.610610961914062,10.690940856933594,10.46596622467041,10.550299644470215,10.450852394104004,103652244,Yahoo Finance,GOOGL,2026-09-18T13:25:36+08:00,confirmed
2009-07-01,10.615615844726562,10.670671463012695,10.464214324951172,10.485235214233398,10.386402130126953,92339568,Yahoo Finance,GOOGL,2026-09-18T13:25:36+08:00,confirmed
2009-07-02,10.395646095275879,10.395646095275879,10.18043041229248,10.222472190856934,10.126114845275879,100603296,Yahoo Finance,GOOGL,2026-09-18T13:25:36+08:00,confirmed
2009-07-06,10.172673225402832,10.276275634765625,10.051551818847656,10.250500679016113,10.153881072998047,90413496,Yahoo Finance,GOOGL,2026-09-18T13:25:36+08:00,confirmed
2009-07-07,10.216216087341309,10.239990234375,9.909408569335938,9.925676345825195,9.832118034362793,130241628,Yahoo Finance,GOOGL,2026-09-18T13:25:36+08:00,confirmed
2009-07-08,10.010009765625,10.160160064697266,9.961461067199707,10.072321891784668,9.97737979888916,137510352,Yahoo Finance,GOOGL,2026-09-18T13:25:36+08:00,confirmed
2009-07-09,10.163163185119629,10.371622085571289,10.155155181884766,10.27001953125,10.173212051391602,130892976,Yahoo Finance,GOOGL,2026-09-18T13:25:36+08:00,confirmed
2009-07-10,10.249750137329102,10.444695472717285,10.227727890014648,10.370369911193848,10.272619247436523,116946936,Yahoo Finance,GOOGL,2026-09-18T13:25:36+08:00,confirmed
2009-07-13,10.414665222167969,10.623623847961426,10.38988971710205,10.618118286132812,10.518031120300293,161666172,Yahoo Finance,GOOGL,2026-09-18T13:25:36+08:00,confirmed
2009-07-14,10.603352546691895,10.678929328918457,10.532281875610352,10.627878189086914,10.52769947052002,115716168,Yahoo Finance,GOOGL,2026-09-18T13:25:36+08:00,confirmed
2009-07-15,10.752251625061035,10.977977752685547,10.722972869873047,10.965214729309082,10.861857414245605,150928920,Yahoo Finance,GOOGL,2026-09-18T13:25:36+08:00,confirmed
2009-07-16,10.92792797088623,11.154905319213867,10.863363265991211,11.076075553894043,10.971673011779785,261917820,Yahoo Finance,GOOGL,2026-09-18T13:25:36+08:00,confirmed
2009-07-17,10.835836410522461,10.897897720336914,10.678177833557129,10.767017364501953,10.665528297424316,273889836,Yahoo Finance,GOOGL,2026-09-18T13:25:36+08:00,confirmed
2009-07-20,10.757758140563965,10.83208179473877,10.666916847229004,10.7650146484375,10.663542747497559,126013860,Yahoo Finance,GOOGL,2026-09-18T13:25:36+08:00,confirmed
2009-07-21,10.784283638000488,10.808307647705078,10.653654098510742,10.708208084106445,10.60727310180664,118609272,Yahoo Finance,GOOGL,2026-09-18T13:25:36+08:00,confirmed
2009-07-22,10.710710525512695,10.765766143798828,10.598097801208496,10.702953338623047,10.602066040039062,103364532,Yahoo Finance,GOOGL,2026-09-18T13:25:36+08:00,confirmed
2009-07-23,10.727727890014648,11.041291236877441,10.648147583007812,10.944443702697754,10.841280937194824,138988872,Yahoo Finance,GOOGL,2026-09-18T13:25:36+08:00,confirmed
2009-07-24,10.906155586242676,11.273524284362793,10.885886192321777,11.179179191589355,11.073805809020996,144930924,Yahoo Finance,GOOGL,2026-09-18T13:25:36+08:00,confirmed
2009-07-27,11.162161827087402,11.179929733276367,10.951201438903809,11.131131172180176,11.02620792388916,100075824,Yahoo Finance,GOOGL,2026-09-18T13:25:36+08:00,confirmed
2009-07-28,11.036035537719727,11.081331253051758,10.913413047790527,11.007257461547852,10.903504371643066,101198700,Yahoo Finance,GOOGL,2026-09-18T13:25:36+08:00,confirmed
2009-07-29,10.941692352294922,10.95595645904541,10.80805778503418,10.916916847229004,10.814013481140137,79400520,Yahoo Finance,GOOGL,2026-09-18T13:25:36+08:00,confirmed
2009-07-30,11.076326370239258,11.29804801940918,11.076326370239258,11.152152061462402,11.04703140258789,127816056,Yahoo Finance,GOOGL,2026-09-18T13:25:36+08:00,confirmed
2009-07-31,11.260761260986328,11.328828811645508,11.071822166442871,11.087336540222168,10.98282527923584,114301584,Yahoo Finance,GOOGL,2026-09-18T13:25:36+08:00,confirmed
2009-08-03,11.229729652404785,11.358859062194824,11.202201843261719,11.316567420959473,11.2098970413208,103508388,Yahoo Finance,GOOGL,2026-09-18T13:25:36+08:00,confirmed
2009-08-04,11.245494842529297,11.361360549926758,11.221972465515137,11.354604721069336,11.247576713562012,95496408,Yahoo Finance,GOOGL,2026-09-18T13:25:36+08:00,confirmed
2009-08-05,11.41141128540039,11.434184074401855,11.208208084106445,11.289790153503418,11.183371543884277,93586320,Yahoo Finance,GOOGL,2026-09-18T13:25:36+08:00,confirmed
2009-08-06,11.368868827819824,11.383382797241211,11.22447395324707,11.270270347595215,11.16403865814209,84351564,Yahoo Finance,GOOGL,2026-09-18T13:25:36+08:00,confirmed
2009-08-07,11.403153419494629,11.496996879577637,11.386136054992676,11.438939094543457,11.33111572265625,101622276,Yahoo Finance,GOOGL,2026-09-18T13:25:36+08:00,confirmed
2009-08-10,11.38988971710205,11.471721649169922,11.35610580444336,11.426676750183105,11.318968772888184,69610320,Yahoo Finance,GOOGL,2026-09-18T13:25:36+08:00,confirmed
2009-08-11,11.353102684020996,11.442192077636719,11.320820808410645,11.35986042022705,11.252781867980957,68431500,Yahoo Finance,GOOGL,2026-09-18T13:25:36+08:00,confirmed
2009-08-12,11.396647453308105,11.555304527282715,11.384384155273438,11.47597599029541,11.367802619934082,93562344,Yahoo Finance,GOOGL,2026-09-18T13:25:36+08:00,confirmed
2009-08-13,11.565315246582031,11.629630088806152,11.484233856201172,11.56856918334961,11.459524154663086,79728192,Yahoo Finance,GOOGL,2026-09-18T13:25:36+08:00,confirmed
2009-08-14,11.58108139038086,11.59109115600586,11.433684349060059,11.51151180267334,11.40300464630127,66936996,Yahoo Finance,GOOGL,2026-09-18T13:25:36+08:00,confirmed
2009-08-17,11.298798561096191,11.311060905456543,11.089089393615723,11.133382797241211,11.028440475463867,104703192,Yahoo Finance,GOOGL,2026-09-18T13:25:36+08:00,confirmed
2009-08-18,11.138639450073242,11.203703880310059,11.069068908691406,11.143142700195312,11.038107872009277,93949956,Yahoo Finance,GOOGL,2026-09-18T13:25:36+08:00,confirmed
2009-08-19,11.010761260986328,11.136136054992676,10.974974632263184,11.110360145568848,11.005634307861328,90109800,Yahoo Finance,GOOGL,2026-09-18T13:25:36+08:00,confirmed
2009-08-20,11.311310768127441,11.566065788269043,11.292041778564453,11.521772384643555,11.413166999816895,159796044,Yahoo Finance,GOOGL,2026-09-18T13:25:36+08:00,confirmed
2009-08-21,11.650150299072266,11.66391372680664,11.577828407287598,11.642642974853516,11.532898902893066,142277580,Yahoo Finance,GOOGL,2026-09-18T13:25:36+08:00,confirmed
2009-08-24,11.69544506072998,11.76401424407959,11.622121810913086,11.72998046875,11.619414329528809,98037864,Yahoo Finance,GOOGL,2026-09-18T13:25:36+08:00,confirmed
2009-08-25,11.739990234375,11.870620727539062,11.729729652404785,11.796046257019043,11.684857368469238,93546360,Yahoo Finance,GOOGL,2026-09-18T13:25:36+08:00,confirmed
2009-08-26,11.830830574035645,11.836836814880371,11.679179191589355,11.711711883544922,11.601317405700684,79432488,Yahoo Finance,GOOGL,2026-09-18T13:25:36+08:00,confirmed
2009-08-27,11.726225852966309,11.726225852966309,11.529780387878418,11.663163185119629,11.553227424621582,79876044,Yahoo Finance,GOOGL,2026-09-18T13:25:36+08:00,confirmed
2009-08-28,11.743243217468262,11.821070671081543,11.59609603881836,11.630379676818848,11.520750999450684,70793136,Yahoo Finance,GOOGL,2026-09-18T13:25:36+08:00,confirmed
2009-08-31,11.506256103515625,11.55805778503418,11.461461067199707,11.553302764892578,11.444400787353516,78237684,Yahoo Finance,GOOGL,2026-09-18T13:25:36+08:00,confirmed
2009-09-01,11.503503799438477,11.682182312011719,11.371871948242188,11.405405044555664,11.297897338867188,103692204,Yahoo Finance,GOOGL,2026-09-18T13:25:36+08:00,confirmed
2009-09-02,11.406907081604004,11.469719886779785,11.326075553894043,11.336586952209473,11.229728698730469,72119808,Yahoo Finance,GOOGL,2026-09-18T13:25:36+08:00,confirmed
2009-09-03,11.406907081604004,11.467718124389648,11.386385917663574,11.449448585510254,11.341526985168457,65782152,Yahoo Finance,GOOGL,2026-09-18T13:25:36+08:00,confirmed
2009-09-04,11.450700759887695,11.576577186584473,11.405905723571777,11.54404354095459,11.43522834777832,59908032,Yahoo Finance,GOOGL,2026-09-18T13:25:36+08:00,confirmed
2009-09-08,11.618868827819824,11.68643569946289,11.4074068069458,11.476977348327637,11.368796348571777,106161732,Yahoo Finance,GOOGL,2026-09-18T13:25:36+08:00,confirmed
2009-09-09,11.487988471984863,11.668417930603027,11.481480598449707,11.610860824584961,11.501418113708496,87728184,Yahoo Finance,GOOGL,2026-09-18T13:25:36+08:00,confirmed
2009-09-10,11.67792797088623,11.785284996032715,11.561561584472656,11.785284996032715,11.674196243286133,101282616,Yahoo Finance,GOOGL,2026-09-18T13:25:36+08:00,confirmed
2009-09-11,11.771772384643555,11.844344139099121,11.702451705932617,11.815315246582031,11.703943252563477,76039884,Yahoo Finance,GOOGL,2026-09-18T13:25:36+08:00,confirmed
2009-09-14,11.774524688720703,11.93193244934082,11.763012886047363,11.88988971710205,11.777813911437988,78948972,Yahoo Finance,GOOGL,2026-09-18T13:25:36+08:00,confirmed
2009-09-15,11.88888931274414,11.984734535217285,11.829580307006836,11.95044994354248,11.837804794311523,95828076,Yahoo Finance,GOOGL,2026-09-18T13:25:36+08:00,confirmed
2009-09-16,12.007006645202637,12.246496200561523,11.973974227905273,12.21946907043457,12.104287147521973,103308588,Yahoo Finance,GOOGL,2026-09-18T13:25:36+08:00,confirmed
2009-09-17,12.276527404785156,12.446697235107422,12.190940856933594,12.305304527282715,12.189314842224121,179144676,Yahoo Finance,GOOGL,2026-09-18T13:25:36+08:00,confirmed
2009-09-18,12.431681632995605,12.43693733215332,12.29304313659668,12.298798561096191,12.182870864868164,131208660,Yahoo Finance,GOOGL,2026-09-18T13:25:36+08:00,confirmed
2009-09-21,12.205705642700195,12.4849853515625,12.167668342590332,12.437437057495117,12.32020092010498,84571344,Yahoo Finance,GOOGL,2026-09-18T13:25:36+08:00,confirmed
2009-09-22,12.53553581237793,12.562312126159668,12.457708358764648,12.488988876342773,12.371268272399902,121526352,Yahoo Finance,GOOGL,2026-09-18T13:25:36+08:00,confirmed
2009-09-23,12.532032012939453,12.687687873840332,12.455204963684082,12.473974227905273,12.35639476776123,108059832,Yahoo Finance,GOOGL,2026-09-18T13:25:36+08:00,confirmed
2009-09-24,12.524273872375488,12.547798156738281,12.337336540222168,12.431681632995605,12.31450080871582,101002896,Yahoo Finance,GOOGL,2026-09-18T13:25:36+08:00,confirmed
2009-09-25,12.369620323181152,12.510761260986328,12.312312126159668,12.324323654174805,12.20815372467041,81902016,Yahoo Finance,GOOGL,2026-09-18T13:25:36+08:00,confirmed
2009-09-28,12.383382797241211,12.550049781799316,12.344844818115234,12.475726127624512,12.35813045501709,73498428,Yahoo Finance,GOOGL,2026-09-18T13:25:36+08:00,confirmed
2009-09-29,12.500750541687012,12.506256103515625,12.3375883102417,12.475726127624512,12.35813045501709,83884032,Yahoo Finance,GOOGL,2026-09-18T13:25:36+08:00,confirmed
2009-09-30,12.512513160705566,12.516016006469727,12.193193435668945,12.408658981323242,12.291695594787598,125542332,Yahoo Finance,GOOGL,2026-09-18T13:25:36+08:00,confirmed
2009-10-01,12.337336540222168,12.424174308776855,12.187187194824219,12.192192077636719,12.077269554138184,112415472,Yahoo Finance,GOOGL,2026-09-18T13:25:36+08:00,confirmed
2009-10-02,12.105606079101562,12.305806159973145,12.07707691192627,12.126626968383789,12.012320518493652,103927968,Yahoo Finance,GOOGL,2026-09-18T13:25:36+08:00,confirmed
2009-10-05,12.203453063964844,12.323073387145996,12.095596313476562,12.225225448608398,12.109989166259766,85698216,Yahoo Finance,GOOGL,2026-09-18T13:25:36+08:00,confirmed
2009-10-06,12.304804801940918,12.496747016906738,12.304804801940918,12.48098087310791,12.363334655761719,109182708,Yahoo Finance,GOOGL,2026-09-18T13:25:36+08:00,confirmed
2009-10-07,12.487486839294434,12.987737655639648,12.457708358764648,12.951451301574707,12.82936954498291,194773032,Yahoo Finance,GOOGL,2026-09-18T13:25:36+08:00,confirmed
2009-10-08,13.002251625061035,13.094344139099121,12.846345901489258,12.867366790771484,12.746077537536621,171979848,Yahoo Finance,GOOGL,2026-09-18T13:25:36+08:00,confirmed
2009-10-09,12.929179191589355,13.050801277160645,12.875374794006348,12.919169425964355,12.797393798828125,109414476,Yahoo Finance,GOOGL,2026-09-18T13:25:36+08:00,confirmed
2009-10-12,13.098599433898926,13.157156944274902,12.995996475219727,13.114113807678223,12.990499496459961,132755112,Yahoo Finance,GOOGL,2026-09-18T13:25:36+08:00,confirmed
2009-10-13,13.122873306274414,13.199700355529785,13.047548294067383,13.165916442871094,13.041816711425781,121374504,Yahoo Finance,GOOGL,2026-09-18T13:25:36+08:00,confirmed
2009-10-14,13.324825286865234,13.402902603149414,13.263262748718262,13.396395683288574,13.270122528076172,130205664,Yahoo Finance,GOOGL,2026-09-18T13:25:36+08:00,confirmed
2009-10-15,13.357107162475586,13.435935974121094,13.194945335388184,13.261011123657227,13.136012077331543,243771984,Yahoo Finance,GOOGL,2026-09-18T13:25:36+08:00,confirmed
2009-10-16,13.69694709777832,13.882633209228516,13.626876831054688,13.760009765625,13.630308151245117,353322324,Yahoo Finance,GOOGL,2026-09-18T13:25:36+08:00,confirmed
2009-10-19,13.83108139038086,13.853854179382324,13.731982231140137,13.816065788269043,13.685833930969238,128587284,Yahoo Finance,GOOGL,2026-09-18T13:25:36+08:00,confirmed
2009-10-20,13.804804801940918,13.8375883102417,13.531030654907227,13.806806564331055,13.67666244506836,161586252,Yahoo Finance,GOOGL,2026-09-18T13:25:36+08:00,confirmed
2009-10-21,13.76151180267334,13.997748374938965,13.738739013671875,13.791291236877441,13.661294937133789,146677176,Yahoo Finance,GOOGL,2026-09-18T13:25:36+08:00,confirmed
2009-10-22,13.763764381408691,13.88888931274414,13.713713645935059,13.86611557006836,13.73541259765625,93366540,Yahoo Finance,GOOGL,2026-09-18T13:25:36+08:00,confirmed
2009-10-23,13.895145416259766,13.961211204528809,13.793793678283691,13.85610580444336,13.72549819946289,95612292,Yahoo Finance,GOOGL,2026-09-18T13:25:36+08:00,confirmed
2009-10-26,13.907657623291016,14.055054664611816,13.786035537719727,13.869118690490723,13.738389015197754,118697184,Yahoo Finance,GOOGL,2026-09-18T13:25:36+08:00,confirmed
2009-10-27,13.78803825378418,13.877878189086914,13.6176176071167,13.72097110748291,13.591635704040527,128531340,Yahoo Finance,GOOGL,2026-09-18T13:25:36+08:00,confirmed
2009-10-28,13.71045970916748,13.763764381408691,13.469719886779785,13.521020889282227,13.393570899963379,102609288,Yahoo Finance,GOOGL,2026-09-18T13:25:36+08:00,confirmed
2009-10-29,13.588838577270508,13.80955982208252,13.538538932800293,13.790040016174316,13.660056114196777,100803096,Yahoo Finance,GOOGL,2026-09-18T13:25:36+08:00,confirmed
2009-10-30,13.763764381408691,13.768017768859863,13.369368553161621,13.41641616821289,13.289952278137207,138601260,Yahoo Finance,GOOGL,2026-09-18T13:25:36+08:00,confirmed
2009-11-02,13.44044017791748,13.5,13.219219207763672,13.363113403320312,13.237154006958008,127955916,Yahoo Finance,GOOGL,2026-09-18T13:25:36+08:00,confirmed
2009-11-03,13.263513565063477,13.450950622558594,13.220721244812012,13.445695877075195,13.31895637512207,95112792,Yahoo Finance,GOOGL,2026-09-18T13:25:36+08:00,confirmed
2009-11-04,13.533534049987793,13.651150703430176,13.423924446105957,13.521772384643555,13.394316673278809,93214692,Yahoo Finance,GOOGL,2026-09-18T13:25:36+08:00,confirmed
2009-11-05,13.600851058959961,13.758008003234863,13.580080032348633,13.72998046875,13.600561141967773,73834092,Yahoo Finance,GOOGL,2026-09-18T13:25:36+08:00,confirmed
2009-11-06,13.706707000732422,13.808307647705078,13.651150703430176,13.791291236877441,13.661294937133789,72994932,Yahoo Finance,GOOGL,2026-09-18T13:25:36+08:00,confirmed
2009-11-09,13.900150299072266,14.07857894897461,13.869620323181152,14.076827049255371,13.94413948059082,105890004,Yahoo Finance,GOOGL,2026-09-18T13:25:36+08:00,confirmed
2009-11-10,14.082331657409668,14.233734130859375,14.064064025878906,14.183182716369629,14.049490928649902,89142768,Yahoo Finance,GOOGL,2026-09-18T13:25:36+08:00,confirmed
2009-11-11,14.276275634765625,14.351852416992188,14.160660743713379,14.278278350830078,14.143691062927246,92695212,Yahoo Finance,GOOGL,2026-09-18T13:25:36+08:00,confirmed
2009-11-12,14.253252983093262,14.336836814880371,14.151652336120605,14.21045970916748,14.07651424407959,75376548,Yahoo Finance,GOOGL,2026-09-18T13:25:36+08:00,confirmed
2009-11-13,14.246496200561523,14.32707691192627,14.179429054260254,14.315566062927246,14.180627822875977,66605328,Yahoo Finance,GOOGL,2026-09-18T13:25:36+08:00,confirmed
2009-11-16,14.389389038085938,14.439188957214355,14.333833694458008,14.42142105102539,14.28548526763916,87880032,Yahoo Finance,GOOGL,2026-09-18T13:25:36+08:00,confirmed
2009-11-17,14.386136054992676,14.45195198059082,14.357357025146484,14.451702117919922,14.315479278564453,76591332,Yahoo Finance,GOOGL,2026-09-18T13:25:36+08:00,confirmed
2009-11-18,14.430681228637695,14.483983993530273,14.316065788269043,14.430681228637695,14.294655799865723,61922016,Yahoo Finance,GOOGL,2026-09-18T13:25:36+08:00,confirmed
2009-11-19,14.358609199523926,14.364363670349121,14.264264106750488,14.339089393615723,14.20392894744873,86633280,Yahoo Finance,GOOGL,2026-09-18T13:25:36+08:00,confirmed
2009-11-20,14.251751899719238,14.304304122924805,14.249249458312988,14.263262748718262,14.128816604614258,80167752,Yahoo Finance,GOOGL,2026-09-18T13:25:36+08:00,confirmed
2009-11-23,14.426676750183105,14.679679870605469,14.410910606384277,14.573323249816895,14.435956954956055,101798100,Yahoo Finance,GOOGL,2026-09-18T13:25:36+08:00,confirmed
2009-11-24,14.577577590942383,14.621871948242188,14.42792797088623,14.591841697692871,14.45429801940918,64143792,Yahoo Finance,GOOGL,2026-09-18T13:25:36+08:00,confirmed
2009-11-25,14.674924850463867,14.691190719604492,14.581831932067871,14.658158302307129,14.519990921020508,58389552,Yahoo Finance,GOOGL,2026-09-18T13:25:36+08:00,confirmed
2009-11-27,14.314313888549805,14.576075553894043,14.288538932800293,14.508508682250977,14.37175178527832,55328616,Yahoo Finance,GOOGL,2026-09-18T13:25:36+08:00,confirmed
2009-11-30,14.530280113220215,14.606355667114258,14.442192077636719,14.589590072631836,14.452069282531738,68934996,Yahoo Finance,GOOGL,2026-09-18T13:25:36+08:00,confirmed
2009-12-01,14.717967987060547,14.795294761657715,14.589590072631836,14.76151180267334,14.622368812561035,92719188,Yahoo Finance,GOOGL,2026-09-18T13:25:36+08:00,confirmed
2009-12-02,14.789790153503418,14.840089797973633,14.670169830322266,14.702451705932617,14.563865661621094,66461472,Yahoo Finance,GOOGL,2026-09-18T13:25:36+08:00,confirmed
2009-12-03,14.740740776062012,14.801051139831543,14.639639854431152,14.658158302307129,14.519990921020508,57090852,Yahoo Finance,GOOGL,2026-09-18T13:25:36+08:00,confirmed
2009-12-04,14.840339660644531,14.885636329650879,14.493993759155273,14.63988971710205,14.501893997192383,100443456,Yahoo Finance,GOOGL,2026-09-18T13:25:36+08:00,confirmed
2009-12-07,14.61987018585205,14.731982231140137,14.53954029083252,14.670921325683594,14.532632827758789,65382552,Yahoo Finance,GOOGL,2026-09-18T13:25:36+08:00,confirmed
2009-12-08,14.602102279663086,14.781281471252441,14.56456470489502,14.690940856933594,14.552465438842773,60899040,Yahoo Finance,GOOGL,2026-09-18T13:25:36+08:00,confirmed
2009-12-09,14.702201843261719,14.747998237609863,14.604104042053223,14.740240097045898,14.601298332214355,71168760,Yahoo Finance,GOOGL,2026-09-18T13:25:36+08:00,confirmed
2009-12-10,14.775775909423828,14.882633209228516,14.775025367736816,14.802302360534668,14.662775993347168,66665268,Yahoo Finance,GOOGL,2026-09-18T13:25:36+08:00,confirmed
2009-12-11,14.881881713867188,14.883633613586426,14.707958221435547,14.777527809143066,14.63823413848877,68731200,Yahoo Finance,GOOGL,2026-09-18T13:25:36+08:00,confirmed
2009-12-14,14.898649215698242,14.947697639465332,14.830080032348633,14.908158302307129,14.767635345458984,76459464,Yahoo Finance,GOOGL,2026-09-18T13:25:36+08:00,confirmed
2009-12-15,14.847347259521484,14.924424171447754,14.78954029083252,14.843342781066895,14.703429222106934,91124784,Yahoo Finance,GOOGL,2026-09-18T13:25:36+08:00,confirmed
2009-12-16,14.97998046875,15.024273872375488,14.930931091308594,14.958958625793457,14.817955017089844,112263624,Yahoo Finance,GOOGL,2026-09-18T13:25:36+08:00,confirmed
2009-12-17,14.925926208496094,14.95595645904541,14.858859062194824,14.863363265991211,14.723260879516602,105446448,Yahoo Finance,GOOGL,2026-09-18T13:25:36+08:00,confirmed
2009-12-18,14.915665626525879,14.988238334655762,14.88988971710205,14.925424575805664,14.784737586975098,141118740,Yahoo Finance,GOOGL,2026-09-18T13:25:36+08:00,confirmed
2009-12-21,14.955204963684082,15.011011123657227,14.906657218933105,14.981982231140137,14.8407621383667,102745152,Yahoo Finance,GOOGL,2026-09-18T13:25:36+08:00,confirmed
2009-12-22,15.048548698425293,15.052553176879883,14.986235618591309,15.04304313659668,14.90124797821045,75156768,Yahoo Finance,GOOGL,2026-09-18T13:25:36+08:00,confirmed
2009-12-23,15.1026029586792,15.33708667755127,15.086336135864258,15.307307243347168,15.163019180297852,82825092,Yahoo Finance,GOOGL,2026-09-18T13:25:36+08:00,confirmed
2009-12-24,15.33858871459961,15.503503799438477,15.32207202911377,15.477477073669434,15.331585884094238,34313652,Yahoo Finance,GOOGL,2026-09-18T13:25:36+08:00,confirmed
2009-12-28,15.55705738067627,15.665414810180664,15.477477073669434,15.587336540222168,15.440410614013672,67848084,Yahoo Finance,GOOGL,2026-09-18T13:25:36+08:00,confirmed
2009-12-29,15.634134292602539,15.636636734008789,15.472723007202148,15.500500679016113,15.354392051696777,56935008,Yahoo Finance,GOOGL,2026-09-18T13:25:36+08:00,confirmed
2009-12-30,15.477977752685547,15.583833694458008,15.465716361999512,15.583833694458008,15.436939239501953,58565376,Yahoo Finance,GOOGL,2026-09-18T13:25:36+08:00,confirmed
2009-12-31,15.634384155273438,15.650650978088379,15.5150146484375,15.5150146484375,15.368768692016602,48743208,Yahoo Finance,GOOGL,2026-09-18T13:25:36+08:00,confirmed
2010-01-04,15.689438819885254,15.753503799438477,15.621622085571289,15.684433937072754,15.536592483520508,78169752,Yahoo Finance,GOOGL,2026-09-18T13:25:36+08:00,confirmed
2010-01-05,15.695195198059082,15.711711883544922,15.554054260253906,15.615365028381348,15.468173027038574,120067812,Yahoo Finance,GOOGL,2026-09-18T13:25:36+08:00,confirmed
2010-01-06,15.662161827087402,15.662161827087402,15.174174308776855,15.221721649169922,15.078242301940918,158988852,Yahoo Finance,GOOGL,2026-09-18T13:25:36+08:00,confirmed
2010-01-07,15.250249862670898,15.265265464782715,14.83108139038086,14.867366790771484,14.727227210998535,256315428,Yahoo Finance,GOOGL,2026-09-18T13:25:36+08:00,confirmed
2010-01-08,14.814814567565918,15.096345901489258,14.742491722106934,15.065566062927246,14.923558235168457,188783028,Yahoo Finance,GOOGL,2026-09-18T13:25:36+08:00,confirmed
2010-01-11,15.126626968383789,15.126626968383789,14.865865707397461,15.042793273925781,14.900999069213867,288227484,Yahoo Finance,GOOGL,2026-09-18T13:25:36+08:00,confirmed
2010-01-12,14.956206321716309,14.968969345092773,14.714715003967285,14.776777267456055,14.637490272521973,193937868,Yahoo Finance,GOOGL,2026-09-18T13:25:36+08:00,confirmed
2010-01-13,14.426676750183105,14.724224090576172,14.361862182617188,14.69194221496582,14.55345630645752,259604136,Yahoo Finance,GOOGL,2026-09-18T13:25:36+08:00,confirmed
2010-01-14,14.612112045288086,14.86987018585205,14.584835052490234,14.761011123657227,14.62187385559082,169434396,Yahoo Finance,GOOGL,2026-09-18T13:25:36+08:00,confirmed
2010-01-15,14.848347663879395,14.853854179382324,14.46546459197998,14.514514923095703,14.377701759338379,217162620,Yahoo Finance,GOOGL,2026-09-18T13:25:36+08:00,confirmed
2010-01-19,14.54454517364502,14.775275230407715,14.421671867370605,14.705204963684082,14.566593170166016,172495332,Yahoo Finance,GOOGL,2026-09-18T13:25:36+08:00,confirmed
2010-01-20,14.664163589477539,14.664163589477539,14.396647453308105,14.524774551391602,14.387863159179688,129897972,Yahoo Finance,GOOGL,2026-09-18T13:25:36+08:00,confirmed
2010-01-21,14.600601196289062,14.685185432434082,14.320570945739746,14.589089393615723,14.45157241821289,252055692,Yahoo Finance,GOOGL,2026-09-18T13:25:36+08:00,confirmed
2010-01-22,14.126626968383789,14.279278755187988,13.38488483428955,13.76401424407959,13.63427448272705,271743984,Yahoo Finance,GOOGL,2026-09-18T13:25:36+08:00,confirmed
2010-01-25,13.678427696228027,13.760761260986328,13.401150703430176,13.513513565063477,13.386136054992676,176619204,Yahoo Finance,GOOGL,2026-09-18T13:25:36+08:00,confirmed
2010-01-26,13.462713241577148,13.753753662109375,13.420671463012695,13.574073791503906,13.446125984191895,174045780,Yahoo Finance,GOOGL,2026-09-18T13:25:36+08:00,confirmed
2010-01-27,13.545294761657715,13.704955101013184,13.396145820617676,13.566065788269043,13.438193321228027,158417424,Yahoo Finance,GOOGL,2026-09-18T13:25:36+08:00,confirmed
2010-01-28,13.625876426696777,13.688689231872559,13.278278350830078,13.370620727539062,13.244590759277344,129034836,Yahoo Finance,GOOGL,2026-09-18T13:25:36+08:00,confirmed
2010-01-29,13.475726127624512,13.538288116455078,13.153403282165527,13.261761665344238,13.136757850646973,165454380,Yahoo Finance,GOOGL,2026-09-18T13:25:36+08:00,confirmed
2010-02-01,13.378377914428711,13.408658981323242,13.270771026611328,13.338838577270508,13.213107109069824,89941968,Yahoo Finance,GOOGL,2026-09-18T13:25:36+08:00,confirmed
2010-02-02,13.3873872756958,13.3873872756958,13.203453063964844,13.291291236877441,13.166007995605469,163684152,Yahoo Finance,GOOGL,2026-09-18T13:25:36+08:00,confirmed
2010-02-03,13.22998046875,13.566065788269043,13.218969345092773,13.53403377532959,13.406462669372559,119844036,Yahoo Finance,GOOGL,2026-09-18T13:25:36+08:00,confirmed
2010-02-04,13.438438415527344,13.463462829589844,13.152152061462402,13.182682991027832,13.058423042297363,134972892,Yahoo Finance,GOOGL,2026-09-18T13:25:36+08:00,confirmed
2010-02-05,13.223222732543945,13.350851058959961,13.074575424194336,13.29554557800293,13.170222282409668,126113760,Yahoo Finance,GOOGL,2026-09-18T13:25:36+08:00,confirmed
2010-02-08,13.325825691223145,13.56356430053711,13.301551818847656,13.350099563598633,13.224260330200195,107664228,Yahoo Finance,GOOGL,2026-09-18T13:25:36+08:00,confirmed
2010-02-09,13.502001762390137,13.551801681518555,13.39013957977295,13.424424171447754,13.297883987426758,112671216,Yahoo Finance,GOOGL,2026-09-18T13:25:36+08:00,confirmed
2010-02-10,13.36511516571045,13.458208084106445,13.20545482635498,13.374625205993652,13.248556137084961,106873020,Yahoo Finance,GOOGL,2026-09-18T13:25:36+08:00,confirmed
2010-02-11,13.346345901489258,13.525775909423828,13.250750541687012,13.423422813415527,13.296893119812012,96303600,Yahoo Finance,GOOGL,2026-09-18T13:25:36+08:00,confirmed
2010-02-12,13.3375883102417,13.442192077636719,13.275775909423828,13.341341018676758,13.215585708618164,91096812,Yahoo Finance,GOOGL,2026-09-18T13:25:36+08:00,confirmed
2010-02-16,13.435185432434082,13.616867065429688,13.370870590209961,13.546046257019043,13.418359756469727,146029824,Yahoo Finance,GOOGL,2026-09-18T13:25:36+08:00,confirmed
2010-02-17,13.56356430053711,13.598599433898926,13.453703880310059,13.468718528747559,13.341761589050293,81106812,Yahoo Finance,GOOGL,2026-09-18T13:25:36+08:00,confirmed
2010-02-18,13.45195198059082,13.63888931274414,13.416916847229004,13.594094276428223,13.465956687927246,93382524,Yahoo Finance,GOOGL,2026-09-18T13:25:36+08:00,confirmed
2010-02-19,13.526777267456055,13.614363670349121,13.506006240844727,13.532532691955566,13.404974937438965,102021876,Yahoo Finance,GOOGL,2026-09-18T13:25:36+08:00,confirmed
2010-02-22,13.697446823120117,13.701201438903809,13.538538932800293,13.58358383178711,13.455545425415039,85698216,Yahoo Finance,GOOGL,2026-09-18T13:25:36+08:00,confirmed
2010-02-23,13.58858871459961,13.604353904724121,13.320570945739746,13.39013957977295,13.263922691345215,114789096,Yahoo Finance,GOOGL,2026-09-18T13:25:36+08:00,confirmed
2010-02-24,13.362862586975098,13.47447395324707,13.276025772094727,13.300049781799316,13.174683570861816,92970936,Yahoo Finance,GOOGL,2026-09-18T13:25:36+08:00,confirmed
2010-02-25,13.191190719604492,13.225475311279297,13.013012886047363,13.173924446105957,13.0497465133667,132235632,Yahoo Finance,GOOGL,2026-09-18T13:25:36+08:00,confirmed
2010-02-26,13.198698997497559,13.30705738067627,13.100099563598633,13.183182716369629,13.058917045593262,81890028,Yahoo Finance,GOOGL,2026-09-18T13:25:36+08:00,confirmed
2010-03-01,13.243243217468262,13.345596313476562,13.206707000732422,13.330580711364746,13.204928398132324,89426484,Yahoo Finance,GOOGL,2026-09-18T13:25:36+08:00,confirmed
2010-03-02,13.400400161743164,13.655155181884766,13.388639450073242,13.540040016174316,13.4124116897583,174097728,Yahoo Finance,GOOGL,2026-09-18T13:25:36+08:00,confirmed
2010-03-03,13.572572708129883,13.716716766357422,13.494745254516602,13.646647453308105,13.51801586151123,123452424,Yahoo Finance,GOOGL,2026-09-18T13:25:36+08:00,confirmed
2010-03-04,13.676176071166992,13.917166709899902,13.668668746948242,13.878628730773926,13.747810363769531,127224648,Yahoo Finance,GOOGL,2026-09-18T13:25:36+08:00,confirmed
2010-03-05,14.047798156738281,14.20595645904541,14.01151180267334,14.119368553161621,13.98628044128418,156331512,Yahoo Finance,GOOGL,2026-09-18T13:25:36+08:00,confirmed
2010-03-08,14.133633613586426,14.143644332885742,14.039289474487305,14.076075553894043,13.943394660949707,95360544,Yahoo Finance,GOOGL,2026-09-18T13:25:36+08:00,confirmed
2010-03-09,14.010259628295898,14.130631446838379,13.92642593383789,14.018769264221191,13.886628150939941,126936936,Yahoo Finance,GOOGL,2026-09-18T13:25:36+08:00,confirmed
2010-03-10,14.108107566833496,14.476977348327637,14.069318771362305,14.425676345825195,14.289698600769043,225969804,Yahoo Finance,GOOGL,2026-09-18T13:25:36+08:00,confirmed
2010-03-11,14.370870590209961,14.669919967651367,14.369368553161621,14.54304313659668,14.405959129333496,169162668,Yahoo Finance,GOOGL,2026-09-18T13:25:36+08:00,confirmed
2010-03-12,14.718217849731445,14.721721649169922,14.49349308013916,14.503003120422363,14.36629867553711,110025864,Yahoo Finance,GOOGL,2026-09-18T13:25:36+08:00,confirmed
2010-03-15,14.181180953979492,14.250500679016113,13.91391372680664,14.09359359741211,13.960746765136719,185969844,Yahoo Finance,GOOGL,2026-09-18T13:25:36+08:00,confirmed
2010-03-16,14.059809684753418,14.224724769592285,14.03303337097168,14.144144058227539,14.010822296142578,137122740,Yahoo Finance,GOOGL,2026-09-18T13:25:36+08:00,confirmed
2010-03-17,14.221721649169922,14.300551414489746,14.120369911193848,14.153153419494629,14.019744873046875,132731136,Yahoo Finance,GOOGL,2026-09-18T13:25:36+08:00,confirmed
2010-03-18,14.132131576538086,14.225225448608398,14.088088035583496,14.174174308776855,14.040568351745605,71016912,Yahoo Finance,GOOGL,2026-09-18T13:25:36+08:00,confirmed
2010-03-19,14.01401424407959,14.214214324951172,13.945945739746094,14.01401424407959,13.881917953491211,191576232,Yahoo Finance,GOOGL,2026-09-18T13:25:36+08:00,confirmed
2010-03-22,13.916666984558105,14.18543529510498,13.870870590209961,13.951451301574707,13.81994342803955,160031808,Yahoo Finance,GOOGL,2026-09-18T13:25:36+08:00,confirmed
2010-03-23,13.939940452575684,13.971721649169922,13.56356430053711,13.738739013671875,13.609236717224121,219831948,Yahoo Finance,GOOGL,2026-09-18T13:25:36+08:00,confirmed
2010-03-24,13.651400566101074,14.010259628295898,13.506006240844727,13.947196960449219,13.815729141235352,262345392,Yahoo Finance,GOOGL,2026-09-18T13:25:36+08:00,confirmed
2010-03-25,13.98948860168457,14.314313888549805,13.980480194091797,14.08608627319336,13.953311920166016,157078764,Yahoo Finance,GOOGL,2026-09-18T13:25:36+08:00,confirmed
2010-03-26,14.145895957946777,14.198948860168457,14.014514923095703,14.081331253051758,13.948600769042969,107740152,Yahoo Finance,GOOGL,2026-09-18T13:25:36+08:00,confirmed
2010-03-29,14.089089393615723,14.132131576538086,14.028278350830078,14.075325012207031,13.94265079498291,124055820,Yahoo Finance,GOOGL,2026-09-18T13:25:36+08:00,confirmed
2010-03-30,14.084835052490234,14.204955101013184,14.021020889282227,14.18193244934082,14.048254013061523,79036884,Yahoo Finance,GOOGL,2026-09-18T13:25:36+08:00,confirmed
2010-03-31,14.140390396118164,14.257758140563965,14.084334373474121,14.192192077636719,14.058416366577148,121110768,Yahoo Finance,GOOGL,2026-09-18T13:25:36+08:00,confirmed
2010-04-01,14.29804801940918,14.350601196289062,14.152902603149414,14.234233856201172,14.100062370300293,84023892,Yahoo Finance,GOOGL,2026-09-18T13:25:36+08:00,confirmed
2010-04-05,14.286787033081055,14.386385917663574,14.239238739013672,14.28954029083252,14.1548490524292,75983940,Yahoo Finance,GOOGL,2026-09-18T13:25:36+08:00,confirmed
2010-04-06,14.250750541687012,14.286537170410156,14.149148941040039,14.219719886779785,14.08568286895752,82321596,Yahoo Finance,GOOGL,2026-09-18T13:25:36+08:00,confirmed
2010-04-07,14.196697235107422,14.232982635498047,14.060561180114746,14.1026029586792,13.969673156738281,103136760,Yahoo Finance,GOOGL,2026-09-18T13:25:36+08:00,confirmed
2010-04-08,14.097097396850586,14.26051139831543,14.015265464782715,14.201451301574707,14.067587852478027,77822100,Yahoo Finance,GOOGL,2026-09-18T13:25:36+08:00,confirmed
2010-04-09,14.201451301574707,14.23348331451416,14.114113807678223,14.169670104980469,14.036105155944824,82181736,Yahoo Finance,GOOGL,2026-09-18T13:25:36+08:00,confirmed
2010-04-12,14.197948455810547,14.364363670349121,14.169670104980469,14.3325834274292,14.197484970092773,94001904,Yahoo Finance,GOOGL,2026-09-18T13:25:36+08:00,confirmed
2010-04-13,14.327577590942383,14.736737251281738,14.292543411254883,14.683934211730957,14.545524597167969,156335508,Yahoo Finance,GOOGL,2026-09-18T13:25:36+08:00,confirmed
2010-04-14,14.766265869140625,14.823323249816895,14.61486530303955,14.739740371704102,14.60080337524414,135971892,Yahoo Finance,GOOGL,2026-09-18T13:25:36+08:00,confirmed
2010-04-15,14.819068908691406,14.96096134185791,14.721972465515137,14.8973970413208,14.756975173950195,270201528,Yahoo Finance,GOOGL,2026-09-18T13:25:36+08:00,confirmed
2010-04-16,14.089089393615723,14.23448371887207,13.754505157470703,13.767518043518066,13.63774585723877,488930580,Yahoo Finance,GOOGL,2026-09-18T13:25:36+08:00,confirmed
2010-04-19,13.732481956481934,13.863614082336426,13.638639450073242,13.766265869140625,13.636505126953125,155604240,Yahoo Finance,GOOGL,2026-09-18T13:25:36+08:00,confirmed
2010-04-20,13.868118286132812,14.005505561828613,13.790289878845215,13.88988971710205,13.758963584899902,118976904,Yahoo Finance,GOOGL,2026-09-18T13:25:36+08:00,confirmed
2010-04-21,13.925424575805664,14.020270347595215,13.817817687988281,13.871371269226074,13.740621566772461,95564340,Yahoo Finance,GOOGL,2026-09-18T13:25:36+08:00,confirmed
2010-04-22,13.813814163208008,13.826326370239258,13.597347259521484,13.690190315246582,13.56114673614502,131096772,Yahoo Finance,GOOGL,2026-09-18T13:25:36+08:00,confirmed
2010-04-23,13.694945335388184,13.746747016906738,13.570320129394531,13.638387680053711,13.509831428527832,83492424,Yahoo Finance,GOOGL,2026-09-18T13:25:36+08:00,confirmed
2010-04-26,13.637887954711914,13.638387680053711,13.24349308013916,13.304304122924805,13.1788969039917,174577248,Yahoo Finance,GOOGL,2026-09-18T13:25:36+08:00,confirmed
2010-04-27,13.236987113952637,13.471721649169922,13.193943977355957,13.239740371704102,13.11494255065918,153634212,Yahoo Finance,GOOGL,2026-09-18T13:25:36+08:00,confirmed
2010-04-28,13.315815925598145,13.384134292602539,13.038788795471191,13.242993354797363,13.1181640625,136107756,Yahoo Finance,GOOGL,2026-09-18T13:25:36+08:00,confirmed
2010-04-29,13.3475980758667,13.425926208496094,13.179929733276367,13.313312530517578,13.187820434570312,122233644,Yahoo Finance,GOOGL,2026-09-18T13:25:36+08:00,confirmed
2010-04-30,13.291542053222656,13.45545482635498,13.149148941040039,13.155655860900879,13.031649589538574,97318584,Yahoo Finance,GOOGL,2026-09-18T13:25:36+08:00,confirmed
2010-05-03,13.175676345825195,13.336336135864258,13.14013957977295,13.278278350830078,13.153118133544922,74237688,Yahoo Finance,GOOGL,2026-09-18T13:25:36+08:00,confirmed
2010-05-04,13.176176071166992,13.181681632995605,12.617868423461914,12.671921730041504,12.552475929260254,242808948,Yahoo Finance,GOOGL,2026-09-18T13:25:36+08:00,confirmed
2010-05-05,12.537036895751953,12.905905723571777,12.524273872375488,12.756756782531738,12.63651180267334,183104712,Yahoo Finance,GOOGL,2026-09-18T13:25:36+08:00,confirmed
2010-05-06,12.731480598449707,12.950950622558594,11.51151180267334,12.479228973388672,12.361600875854492,199803996,Yahoo Finance,GOOGL,2026-09-18T13:25:36+08:00,confirmed
2010-05-07,12.511761665344238,12.645646095275879,12.045294761657715,12.340841293334961,12.224517822265625,203356440,Yahoo Finance,GOOGL,2026-09-18T13:25:36+08:00,confirmed
2010-05-10,12.862112045288086,13.08358383178711,12.827828407287598,13.054304122924805,12.931253433227539,164954880,Yahoo Finance,GOOGL,2026-09-18T13:25:36+08:00,confirmed
2010-05-11,12.904655456542969,13.010009765625,12.718217849731445,12.738988876342773,12.618911743164062,132771096,Yahoo Finance,GOOGL,2026-09-18T13:25:36+08:00,confirmed
2010-05-12,12.813814163208008,12.813814163208008,12.562562942504883,12.6473970413208,12.528182029724121,153917928,Yahoo Finance,GOOGL,2026-09-18T13:25:36+08:00,confirmed
2010-05-13,12.925424575805664,13.06306266784668,12.772022247314453,12.784785270690918,12.664276123046875,132898968,Yahoo Finance,GOOGL,2026-09-18T13:25:36+08:00,confirmed
2010-05-14,12.757006645202637,12.787537574768066,12.418668746948242,12.700950622558594,12.581230163574219,164475360,Yahoo Finance,GOOGL,2026-09-18T13:25:36+08:00,confirmed
2010-05-17,12.682182312011719,12.721721649169922,12.471220970153809,12.71196174621582,12.59213924407959,111640248,Yahoo Finance,GOOGL,2026-09-18T13:25:36+08:00,confirmed
2010-05-18,12.762763023376465,12.787036895751953,12.439188957214355,12.471721649169922,12.35416316986084,112906980,Yahoo Finance,GOOGL,2026-09-18T13:25:36+08:00,confirmed
2010-05-19,12.41891860961914,12.49849796295166,12.205705642700195,12.373123168945312,12.25649356842041,137690172,Yahoo Finance,GOOGL,2026-09-18T13:25:36+08:00,confirmed
2010-05-20,12.13888931274414,12.151652336120605,11.856857299804688,11.887137413024902,11.775089263916016,196335468,Yahoo Finance,GOOGL,2026-09-18T13:25:36+08:00,confirmed
2010-05-21,11.738238334655762,12.137137413024902,11.621622085571289,11.81306266784668,11.701712608337402,387244368,Yahoo Finance,GOOGL,2026-09-18T13:25:36+08:00,confirmed
2010-05-24,12.030280113220215,12.257006645202637,11.93193244934082,11.940940856933594,11.828386306762695,173650176,Yahoo Finance,GOOGL,2026-09-18T13:25:36+08:00,confirmed
2010-05-25,11.71546459197998,11.948198318481445,11.611862182617188,11.938689231872559,11.826154708862305,120575304,Yahoo Finance,GOOGL,2026-09-18T13:25:36+08:00,confirmed
2010-05-26,12.063814163208008,12.256256103515625,11.886886596679688,11.898649215698242,11.786491394042969,138884976,Yahoo Finance,GOOGL,2026-09-18T13:25:36+08:00,confirmed
2010-05-27,12.135886192321777,12.320070266723633,12.038288116455078,12.273774147033691,12.1580810546875,112251636,Yahoo Finance,GOOGL,2026-09-18T13:25:36+08:00,confirmed
2010-05-28,12.330830574035645,12.348599433898926,12.08708667755127,12.152902603149414,12.038349151611328,115676208,Yahoo Finance,GOOGL,2026-09-18T13:25:36+08:00,confirmed
2010-06-01,12.022772789001465,12.288788795471191,12.0150146484375,12.071320533752441,11.957536697387695,106565328,Yahoo Finance,GOOGL,2026-09-18T13:25:36+08:00,confirmed
2010-06-02,12.179179191589355,12.359108924865723,12.048548698425293,12.346596717834473,12.230217933654785,101530368,Yahoo Finance,GOOGL,2026-09-18T13:25:36+08:00,confirmed
2010-06-03,12.39013957977295,12.712713241577148,12.37987995147705,12.652652740478516,12.533388137817383,145881972,Yahoo Finance,GOOGL,2026-09-18T13:25:36+08:00,confirmed
2010-06-04,12.505505561828613,12.743993759155273,12.429929733276367,12.480480194091797,12.362839698791504,156655188,Yahoo Finance,GOOGL,2026-09-18T13:25:36+08:00,confirmed
2010-06-07,12.488988876342773,12.535284996032715,12.090841293334961,12.150150299072266,12.035623550415039,145162692,Yahoo Finance,GOOGL,2026-09-18T13:25:36+08:00,confirmed
2010-06-08,12.208457946777344,12.233233451843262,11.95044994354248,12.131631851196289,12.017278671264648,107296596,Yahoo Finance,GOOGL,2026-09-18T13:25:36+08:00,confirmed
2010-06-09,12.192692756652832,12.234233856201172,11.811812400817871,11.862361907958984,11.750545501708984,109050840,Yahoo Finance,GOOGL,2026-09-18T13:25:36+08:00,confirmed
2010-06-10,12.021270751953125,12.224724769592285,11.90790843963623,12.187437057495117,12.072559356689453,103012884,Yahoo Finance,GOOGL,2026-09-18T13:25:36+08:00,confirmed
2010-06-11,12.074575424194336,12.22998046875,12.052553176879883,12.224724769592285,12.109495162963867,71196732,Yahoo Finance,GOOGL,2026-09-18T13:25:36+08:00,confirmed
2010-06-14,12.374374389648438,12.37487506866455,12.091841697692871,12.091841697692871,11.977864265441895,81534384,Yahoo Finance,GOOGL,2026-09-18T13:25:36+08:00,confirmed
2010-06-15,12.089089393615723,12.522522926330566,12.066567420959473,12.462211608886719,12.344741821289062,170213616,Yahoo Finance,GOOGL,2026-09-18T13:25:36+08:00,confirmed
2010-06-16,12.416666984558105,12.6126127243042,12.415164947509766,12.544294357299805,12.426051139831543,91480428,Yahoo Finance,GOOGL,2026-09-18T13:25:36+08:00,confirmed
2010-06-17,12.598849296569824,12.659408569335938,12.429679870605469,12.514514923095703,12.396553993225098,79012908,Yahoo Finance,GOOGL,2026-09-18T13:25:36+08:00,confirmed
2010-06-18,12.575325012207031,12.599349021911621,12.465716361999512,12.513262748718262,12.395313262939453,114801084,Yahoo Finance,GOOGL,2026-09-18T13:25:36+08:00,confirmed
2010-06-21,12.510009765625,12.536787033081055,12.134384155273438,12.226225852966309,12.110981941223145,119220660,Yahoo Finance,GOOGL,2026-09-18T13:25:36+08:00,confirmed
2010-06-22,12.259759902954102,12.427427291870117,12.155405044555664,12.168417930603027,12.053716659545898,88699212,Yahoo Finance,GOOGL,2026-09-18T13:25:36+08:00,confirmed
2010-06-23,12.184433937072754,12.184433937072754,11.96596622467041,12.063312530517578,11.949602127075195,81082836,Yahoo Finance,GOOGL,2026-09-18T13:25:36+08:00,confirmed
2010-06-24,12.003503799438477,12.080830574035645,11.843342781066895,11.889389038085938,11.777320861816406,75668256,Yahoo Finance,GOOGL,2026-09-18T13:25:36+08:00,confirmed
2010-06-25,11.938438415527344,11.953203201293945,11.775775909423828,11.828828811645508,11.717329978942871,89718192,Yahoo Finance,GOOGL,2026-09-18T13:25:36+08:00,confirmed
2010-06-28,11.826577186584473,11.950700759887695,11.736987113952637,11.813814163208008,11.7024564743042,70421508,Yahoo Finance,GOOGL,2026-09-18T13:25:36+08:00,confirmed
2010-06-29,11.5975980758667,11.625374794006348,11.289289474487305,11.367868423461914,11.260712623596191,139943916,Yahoo Finance,GOOGL,2026-09-18T13:25:36+08:00,confirmed
2010-06-30,11.385384559631348,11.457206726074219,11.129129409790039,11.13488483428955,11.029928207397461,143983872,Yahoo Finance,GOOGL,2026-09-18T13:25:36+08:00,confirmed
2010-07-01,11.143392562866211,11.221220970153809,10.851601600646973,10.998248100280762,10.894579887390137,140403456,Yahoo Finance,GOOGL,2026-09-18T13:25:36+08:00,confirmed
2010-07-02,11.051551818847656,11.06806755065918,10.910910606384277,10.924674987792969,10.821700096130371,77362560,Yahoo Finance,GOOGL,2026-09-18T13:25:36+08:00,confirmed
2010-07-06,11.11111068725586,11.202953338623047,10.851601600646973,10.912663459777832,10.809799194335938,102301596,Yahoo Finance,GOOGL,2026-09-18T13:25:36+08:00,confirmed
2010-07-07,10.968718528747559,11.293543815612793,10.895395278930664,11.266265869140625,11.160069465637207,125062812,Yahoo Finance,GOOGL,2026-09-18T13:25:36+08:00,confirmed
2010-07-08,11.350099563598633,11.444695472717285,11.252753257751465,11.425424575805664,11.317728996276855,106649244,Yahoo Finance,GOOGL,2026-09-18T13:25:36+08:00,confirmed
2010-07-09,11.810811042785645,11.843342781066895,11.58108139038086,11.698948860168457,11.58867359161377,173086740,Yahoo Finance,GOOGL,2026-09-18T13:25:36+08:00,confirmed
2010-07-12,11.821070671081543,11.997998237609863,11.788788795471191,11.907657623291016,11.795416831970215,133242624,Yahoo Finance,GOOGL,2026-09-18T13:25:36+08:00,confirmed
2010-07-13,12.068318367004395,12.33708667755127,12.01901912689209,12.242241859436035,12.126847267150879,158892948,Yahoo Finance,GOOGL,2026-09-18T13:25:36+08:00,confirmed
2010-07-14,12.259259223937988,12.358107566833496,12.173673629760742,12.295796394348145,12.17989730834961,124595280,Yahoo Finance,GOOGL,2026-09-18T13:25:36+08:00,confirmed
2010-07-15,12.305556297302246,12.37987995147705,12.079078674316406,12.362862586975098,12.246329307556152,194133672,Yahoo Finance,GOOGL,2026-09-18T13:25:36+08:00,confirmed
2010-07-16,11.739740371704102,11.775775909423828,11.499499320983887,11.501751899719238,11.393336296081543,312679008,Yahoo Finance,GOOGL,2026-09-18T13:25:36+08:00,confirmed
2010-07-19,11.536787033081055,11.753003120422363,11.449448585510254,11.666166305541992,11.556200981140137,181829988,Yahoo Finance,GOOGL,2026-09-18T13:25:36+08:00,confirmed
2010-07-20,11.537286758422852,12.086836814880371,11.526527404785156,12.051801681518555,11.938200950622559,162017820,Yahoo Finance,GOOGL,2026-09-18T13:25:36+08:00,confirmed
2010-07-21,12.112112045288086,12.154655456542969,11.897647857666016,11.949448585510254,11.836812019348145,131052816,Yahoo Finance,GOOGL,2026-09-18T13:25:36+08:00,confirmed
2010-07-22,12.092843055725098,12.236737251281738,12.074073791503906,12.1323823928833,12.018023490905762,85822092,Yahoo Finance,GOOGL,2026-09-18T13:25:36+08:00,confirmed
2010-07-23,12.031281471252441,12.277027130126953,12.012262344360352,12.263764381408691,12.148165702819824,90485424,Yahoo Finance,GOOGL,2026-09-18T13:25:36+08:00,confirmed
2010-07-26,12.23948860168457,12.281030654907227,12.134134292602539,12.236486434936523,12.121145248413086,79728192,Yahoo Finance,GOOGL,2026-09-18T13:25:36+08:00,confirmed
2010-07-27,12.276777267456055,12.449950218200684,12.26651668548584,12.328078269958496,12.211875915527344,97949952,Yahoo Finance,GOOGL,2026-09-18T13:25:36+08:00,confirmed
2010-07-28,12.385886192321777,12.393644332885742,12.078828811645508,12.120870590209961,12.00661849975586,99740160,Yahoo Finance,GOOGL,2026-09-18T13:25:36+08:00,confirmed
2010-07-29,12.160910606384277,12.234233856201172,11.995244979858398,12.136886596679688,12.022485733032227,106912980,Yahoo Finance,GOOGL,2026-09-18T13:25:36+08:00,confirmed
2010-07-30,12.003252983093262,12.196195602416992,11.990489959716797,12.133382797241211,12.019012451171875,85678236,Yahoo Finance,GOOGL,2026-09-18T13:25:36+08:00,confirmed
2010-08-02,12.236987113952637,12.344344139099121,12.185686111450195,12.272522926330566,12.156842231750488,74273652,Yahoo Finance,GOOGL,2026-09-18T13:25:36+08:00,confirmed
2010-08-03,12.274774551391602,12.323823928833008,12.181180953979492,12.258008003234863,12.142464637756348,72019908,Yahoo Finance,GOOGL,2026-09-18T13:25:36+08:00,confirmed
2010-08-04,12.316817283630371,12.687687873840332,12.288538932800293,12.670671463012695,12.551239013671875,152347500,Yahoo Finance,GOOGL,2026-09-18T13:25:36+08:00,confirmed
2010-08-05,12.659910202026367,12.727727890014648,12.601601600646973,12.715214729309082,12.59536075592041,96719184,Yahoo Finance,GOOGL,2026-09-18T13:25:36+08:00,confirmed
2010-08-06,12.647647857666016,12.656155586242676,12.413663864135742,12.518017768859863,12.40002155303955,132647220,Yahoo Finance,GOOGL,2026-09-18T13:25:36+08:00,confirmed
2010-08-09,12.568819046020508,12.650150299072266,12.546546936035156,12.646395683288574,12.527190208435059,74813112,Yahoo Finance,GOOGL,2026-09-18T13:25:36+08:00,confirmed
2010-08-10,12.571320533752441,12.662663459777832,12.476726531982422,12.605355262756348,12.48653793334961,82877040,Yahoo Finance,GOOGL,2026-09-18T13:25:36+08:00,confirmed
2010-08-11,12.455705642700195,12.462462425231934,12.299799919128418,12.305806159973145,12.189811706542969,88831080,Yahoo Finance,GOOGL,2026-09-18T13:25:36+08:00,confirmed
2010-08-12,12.110610961914062,12.381131172180176,12.074825286865234,12.312562942504883,12.196505546569824,88095816,Yahoo Finance,GOOGL,2026-09-18T13:25:36+08:00,confirmed
2010-08-13,12.237236976623535,12.292041778564453,12.1624116897583,12.170921325683594,12.056199073791504,77310612,Yahoo Finance,GOOGL,2026-09-18T13:25:36+08:00,confirmed
2010-08-16,12.104104042053223,12.25900936126709,12.024524688720703,12.151902198791504,12.037360191345215,52147800,Yahoo Finance,GOOGL,2026-09-18T13:25:36+08:00,confirmed
2010-08-17,12.225475311279297,12.37987995147705,12.16291332244873,12.275275230407715,12.159567832946777,75552372,Yahoo Finance,GOOGL,2026-09-18T13:25:36+08:00,confirmed
2010-08-18,12.273273468017578,12.28403377532959,12.050801277160645,12.065815925598145,11.952081680297852,107348544,Yahoo Finance,GOOGL,2026-09-18T13:25:36+08:00,confirmed
2010-08-19,12.037286758422852,12.074825286865234,11.69294261932373,11.71096134185791,11.600573539733887,156843000,Yahoo Finance,GOOGL,2026-09-18T13:25:36+08:00,confirmed
2010-08-20,11.71096134185791,11.801551818847656,11.537036895751953,11.56206226348877,11.453079223632812,156547296,Yahoo Finance,GOOGL,2026-09-18T13:25:36+08:00,confirmed
2010-08-23,11.549049377441406,11.717967987060547,11.454705238342285,11.613363265991211,11.503894805908203,119328552,Yahoo Finance,GOOGL,2026-09-18T13:25:36+08:00,confirmed
2010-08-24,11.453953742980957,11.470721244812012,11.284283638000488,11.296046257019043,11.189570426940918,110397492,Yahoo Finance,GOOGL,2026-09-18T13:25:36+08:00,confirmed
2010-08-25,11.261260986328125,11.456707000732422,11.261260986328125,11.376876831054688,11.269639015197754,103580316,Yahoo Finance,GOOGL,2026-09-18T13:25:36+08:00,confirmed
2010-08-26,11.41291332244873,11.44294261932373,11.272272109985352,11.285785675048828,11.179405212402344,71008920,Yahoo Finance,GOOGL,2026-09-18T13:25:36+08:00,confirmed
2010-08-27,11.325325012207031,11.511260986328125,11.202451705932617,11.482232093811035,11.374000549316406,92403504,Yahoo Finance,GOOGL,2026-09-18T13:25:36+08:00,confirmed
2010-08-30,11.490240097045898,11.505505561828613,11.321822166442871,11.32857894897461,11.221797943115234,49206744,Yahoo Finance,GOOGL,2026-09-18T13:25:36+08:00,confirmed
2010-08-31,11.26401424407959,11.383132934570312,11.211211204528809,11.261761665344238,11.155608177185059,77794128,Yahoo Finance,GOOGL,2026-09-18T13:25:36+08:00,confirmed
2010-09-01,11.385886192321777,11.63513469696045,11.323823928833008,11.519769668579102,11.411186218261719,129002868,Yahoo Finance,GOOGL,2026-09-18T13:25:36+08:00,confirmed
2010-09-02,11.5825834274292,11.622371673583984,11.519268989562988,11.59109115600586,11.481834411621094,67300632,Yahoo Finance,GOOGL,2026-09-18T13:25:36+08:00,confirmed
2010-09-03,11.774774551391602,11.808809280395508,11.697697639465332,11.769268989562988,11.658332824707031,101514384,Yahoo Finance,GOOGL,2026-09-18T13:25:36+08:00,confirmed
2010-09-07,11.624123573303223,11.701451301574707,11.58708667755127,11.621622085571289,11.512077331542969,68327604,Yahoo Finance,GOOGL,2026-09-18T13:25:36+08:00,confirmed
2010-09-08,11.641390800476074,11.824323654174805,11.624374389648438,11.776275634765625,11.665273666381836,95975928,Yahoo Finance,GOOGL,2026-09-18T13:25:36+08:00,confirmed
2010-09-09,11.957708358764648,12.022022247314453,11.776275634765625,11.91641616821289,11.804091453552246,97126776,Yahoo Finance,GOOGL,2026-09-18T13:25:36+08:00,confirmed
2010-09-10,11.987486839294434,12.006756782531738,11.88888931274414,11.915414810180664,11.8031005859375,78893028,Yahoo Finance,GOOGL,2026-09-18T13:25:36+08:00,confirmed
2010-09-13,12.03453540802002,12.120870590209961,12.000249862670898,12.068819046020508,11.955058097839355,89570340,Yahoo Finance,GOOGL,2026-09-18T13:25:36+08:00,confirmed
2010-09-14,12.062312126159668,12.130881309509277,12.01401424407959,12.022772789001465,11.909446716308594,88571340,Yahoo Finance,GOOGL,2026-09-18T13:25:36+08:00,confirmed
2010-09-15,12.010761260986328,12.059309005737305,11.97447395324707,12.028027534484863,11.914651870727539,96015888,Yahoo Finance,GOOGL,2026-09-18T13:25:36+08:00,confirmed
2010-09-16,12.010761260986328,12.073323249816895,11.997246742248535,12.038538932800293,11.925063133239746,78701220,Yahoo Finance,GOOGL,2026-09-18T13:25:36+08:00,confirmed
2010-09-17,12.105855941772461,12.292291641235352,12.041542053222656,12.266016006469727,12.150396347045898,225438336,Yahoo Finance,GOOGL,2026-09-18T13:25:36+08:00,confirmed
2010-09-20,12.324825286865234,12.773022651672363,12.313814163208008,12.719719886779785,12.599824905395508,175963860,Yahoo Finance,GOOGL,2026-09-18T13:25:36+08:00,confirmed
2010-09-21,12.754755020141602,13.012513160705566,12.735485076904297,12.849349021911621,12.728230476379395,178473348,Yahoo Finance,GOOGL,2026-09-18T13:25:36+08:00,confirmed
2010-09-22,12.834334373474121,12.957456588745117,12.804804801940918,12.91291332244873,12.791197776794434,101382516,Yahoo Finance,GOOGL,2026-09-18T13:25:36+08:00,confirmed
2010-09-23,12.878128051757812,13.005254745483398,12.795294761657715,12.849849700927734,12.728727340698242,92603304,Yahoo Finance,GOOGL,2026-09-18T13:25:36+08:00,confirmed
2010-09-24,13.056556701660156,13.208958625793457,12.96946907043457,13.19544506072998,13.071063995361328,134141724,Yahoo Finance,GOOGL,2026-09-18T13:25:36+08:00,confirmed
2010-09-27,13.23448371887207,13.434684753417969,13.23448371887207,13.273524284362793,13.148407936096191,124171704,Yahoo Finance,GOOGL,2026-09-18T13:25:36+08:00,confirmed
2010-09-28,13.350350379943848,13.353102684020996,12.974224090576172,13.192441940307617,13.06808853149414,146041812,Yahoo Finance,GOOGL,2026-09-18T13:25:36+08:00,confirmed
2010-09-29,13.20945930480957,13.336836814880371,13.130881309509277,13.20545482635498,13.08098030090332,86801112,Yahoo Finance,GOOGL,2026-09-18T13:25:36+08:00,confirmed
2010-09-30,13.242241859436035,13.310059547424316,12.98598575592041,13.15790843963623,13.033884048461914,129634236,Yahoo Finance,GOOGL,2026-09-18T13:25:36+08:00,confirmed
2010-10-01,13.263262748718262,13.278779029846191,13.088088035583496,13.153654098510742,13.029668807983398,88911000,Yahoo Finance,GOOGL,2026-09-18T13:25:36+08:00,confirmed
2010-10-04,13.136886596679688,13.21946907043457,12.984233856201172,13.071822166442871,12.948607444763184,77542380,Yahoo Finance,GOOGL,2026-09-18T13:25:36+08:00,confirmed
2010-10-05,13.222723007202148,13.513513565063477,13.176926612854004,13.469219207763672,13.342259407043457,140143716,Yahoo Finance,GOOGL,2026-09-18T13:25:36+08:00,confirmed
2010-10-06,13.4949951171875,13.512262344360352,13.261761665344238,13.372121810913086,13.246076583862305,110381508,Yahoo Finance,GOOGL,2026-09-18T13:25:36+08:00,confirmed
2010-10-07,13.418668746948242,13.443443298339844,13.241742134094238,13.263513565063477,13.138489723205566,95736168,Yahoo Finance,GOOGL,2026-09-18T13:25:36+08:00,confirmed
2010-10-08,13.3325834274292,13.453453063964844,13.203703880310059,13.422171592712402,13.295653343200684,114253632,Yahoo Finance,GOOGL,2026-09-18T13:25:36+08:00,confirmed
2010-10-11,13.475475311279297,13.628628730773926,13.442692756652832,13.48448371887207,13.357377052307129,104946948,Yahoo Finance,GOOGL,2026-09-18T13:25:36+08:00,confirmed
2010-10-12,13.51651668548584,13.663413047790527,13.458208084106445,13.548297882080078,13.420592308044434,149993856,Yahoo Finance,GOOGL,2026-09-18T13:25:36+08:00,confirmed
2010-10-13,13.688689231872559,13.700950622558594,13.571822166442871,13.59609603881836,13.467938423156738,122101776,Yahoo Finance,GOOGL,2026-09-18T13:25:36+08:00,confirmed
2010-10-14,13.618118286132812,13.64489459991455,13.441190719604492,13.536787033081055,13.409189224243164,265098636,Yahoo Finance,GOOGL,2026-09-18T13:25:36+08:00,confirmed
2010-10-15,14.996747016906738,15.056056022644043,14.804804801940918,15.051301002502441,14.909427642822266,592399008,Yahoo Finance,GOOGL,2026-09-18T13:25:36+08:00,confirmed
2010-10-18,15.028779029846191,15.507758140563965,15.028779029846191,15.458208084106445,15.312499046325684,283644072,Yahoo Finance,GOOGL,2026-09-18T13:25:36+08:00,confirmed
2010-10-19,15.236486434936523,15.385886192321777,15.086586952209473,15.21096134185791,15.067583084106445,183332484,Yahoo Finance,GOOGL,2026-09-18T13:25:36+08:00,confirmed
2010-10-20,15.218718528747559,15.449950218200684,15.202703475952148,15.214715003967285,15.071301460266113,140862996,Yahoo Finance,GOOGL,2026-09-18T13:25:36+08:00,confirmed
2010-10-21,15.30305290222168,15.415414810180664,15.165164947509766,15.315065383911133,15.170705795288086,116703180,Yahoo Finance,GOOGL,2026-09-18T13:25:36+08:00,confirmed
2010-10-22,15.313312530517578,15.385886192321777,15.26651668548584,15.32857894897461,15.184090614318848,90153756,Yahoo Finance,GOOGL,2026-09-18T13:25:36+08:00,confirmed
2010-10-25,15.405155181884766,15.634134292602539,15.389639854431152,15.42792797088623,15.28250503540039,126209664,Yahoo Finance,GOOGL,2026-09-18T13:25:36+08:00,confirmed
2010-10-26,15.342843055725098,15.546296119689941,15.291041374206543,15.480480194091797,15.334562301635742,100415484,Yahoo Finance,GOOGL,2026-09-18T13:25:36+08:00,confirmed
2010-10-27,15.409660339355469,15.51551628112793,15.32357406616211,15.427177429199219,15.281761169433594,89586324,Yahoo Finance,GOOGL,2026-09-18T13:25:36+08:00,confirmed
2010-10-28,15.516766548156738,15.54054069519043,15.347847938537598,15.47998046875,15.334064483642578,87284628,Yahoo Finance,GOOGL,2026-09-18T13:25:36+08:00,confirmed
2010-10-29,15.442192077636719,15.490489959716797,15.340089797973633,15.357857704162598,15.213093757629395,91040868,Yahoo Finance,GOOGL,2026-09-18T13:25:36+08:00,confirmed
2010-11-01,15.408658981323242,15.532032012939453,15.29554557800293,15.390390396118164,15.245320320129395,123360516,Yahoo Finance,GOOGL,2026-09-18T13:25:36+08:00,confirmed
2010-11-02,15.482232093811035,15.51551628112793,15.37987995147705,15.405405044555664,15.26019287109375,79824096,Yahoo Finance,GOOGL,2026-09-18T13:25:36+08:00,confirmed
2010-11-03,15.452953338623047,15.561310768127441,15.352852821350098,15.52001953125,15.373727798461914,135084780,Yahoo Finance,GOOGL,2026-09-18T13:25:36+08:00,confirmed
2010-11-04,15.631631851196289,15.763764381408691,15.56806755065918,15.622371673583984,15.475115776062012,142689168,Yahoo Finance,GOOGL,2026-09-18T13:25:36+08:00,confirmed
2010-11-05,15.595094680786133,15.652902603149414,15.543292999267578,15.642642974853516,15.495195388793945,70557372,Yahoo Finance,GOOGL,2026-09-18T13:25:36+08:00,confirmed
2010-11-08,15.61611557006836,15.753003120422363,15.593844413757324,15.684934616088867,15.537089347839355,83967948,Yahoo Finance,GOOGL,2026-09-18T13:25:36+08:00,confirmed
2010-11-09,15.765766143798828,15.787036895751953,15.528278350830078,15.636136054992676,15.488749504089355,89398512,Yahoo Finance,GOOGL,2026-09-18T13:25:36+08:00,confirmed
2010-11-10,15.567567825317383,15.590591430664062,15.453203201293945,15.5875883102417,15.440659523010254,99780120,Yahoo Finance,GOOGL,2026-09-18T13:25:36+08:00,confirmed
2010-11-11,15.508008003234863,15.511761665344238,15.370620727539062,15.445195198059082,15.299609184265137,90373536,Yahoo Finance,GOOGL,2026-09-18T13:25:36+08:00,confirmed
2010-11-12,15.36511516571045,15.43793773651123,15.045294761657715,15.097347259521484,14.955039978027344,135584280,Yahoo Finance,GOOGL,2026-09-18T13:25:36+08:00,confirmed
2010-11-15,15.09209156036377,15.11511516571045,14.86611557006836,14.901652336120605,14.761188507080078,139016844,Yahoo Finance,GOOGL,2026-09-18T13:25:36+08:00,confirmed
2010-11-16,14.833833694458008,14.962211608886719,14.600851058959961,14.6076078414917,14.469917297363281,132163704,Yahoo Finance,GOOGL,2026-09-18T13:25:36+08:00,confirmed
2010-11-17,14.639639854431152,14.752251625061035,14.548798561096191,14.603352546691895,14.465703010559082,97602300,Yahoo Finance,GOOGL,2026-09-18T13:25:36+08:00,confirmed
2010-11-18,14.739740371704102,15.014514923095703,14.728729248046875,14.928929328918457,14.78821086883545,103496400,Yahoo Finance,GOOGL,2026-09-18T13:25:36+08:00,confirmed
2010-11-19,14.939940452575684,14.962211608886719,14.773273468017578,14.78553581237793,14.646167755126953,91808100,Yahoo Finance,GOOGL,2026-09-18T13:25:36+08:00,confirmed
2010-11-22,14.701451301574707,14.850851058959961,14.583333015441895,14.795294761657715,14.65583610534668,87376536,Yahoo Finance,GOOGL,2026-09-18T13:25:36+08:00,confirmed
2010-11-23,14.689940452575684,14.739990234375,14.46946907043457,14.589839935302734,14.452316284179688,86417496,Yahoo Finance,GOOGL,2026-09-18T13:25:36+08:00,confirmed
2010-11-24,14.697446823120117,14.929929733276367,14.690940856933594,14.889139175415039,14.748793601989746,95760144,Yahoo Finance,GOOGL,2026-09-18T13:25:36+08:00,confirmed
2010-11-26,14.776275634765625,14.839339256286621,14.689689636230469,14.764764785766602,14.625591278076172,52391556,Yahoo Finance,GOOGL,2026-09-18T13:25:36+08:00,confirmed
2010-11-29,14.743993759155273,14.759759902954102,14.513262748718262,14.567317008972168,14.430004119873047,114273612,Yahoo Finance,GOOGL,2026-09-18T13:25:36+08:00,confirmed
2010-11-30,14.372371673583984,14.372371673583984,13.846596717834473,13.906657218933105,13.775572776794434,284411304,Yahoo Finance,GOOGL,2026-09-18T13:25:36+08:00,confirmed
2010-12-01,14.089089393615723,14.303553581237793,14.074073791503906,14.122873306274414,13.989750862121582,150013836,Yahoo Finance,GOOGL,2026-09-18T13:25:36+08:00,confirmed
2010-12-02,14.230731010437012,14.3475980758667,14.147897720336914,14.309809684753418,14.174925804138184,101814084,Yahoo Finance,GOOGL,2026-09-18T13:25:36+08:00,confirmed
2010-12-03,14.250500679016113,14.42642593383789,14.214214324951172,14.339339256286621,14.20417594909668,105142752,Yahoo Finance,GOOGL,2026-09-18T13:25:36+08:00,confirmed
2010-12-06,14.528779029846191,14.56456470489502,14.429679870605469,14.473472595214844,14.337044715881348,83668248,Yahoo Finance,GOOGL,2026-09-18T13:25:36+08:00,confirmed
2010-12-07,14.796546936035156,14.839839935302734,14.664665222167969,14.693193435668945,14.554692268371582,121566312,Yahoo Finance,GOOGL,2026-09-18T13:25:36+08:00,confirmed
2010-12-08,14.814064025878906,14.827828407287598,14.606857299804688,14.778278350830078,14.63897705078125,70205724,Yahoo Finance,GOOGL,2026-09-18T13:25:36+08:00,confirmed
2010-12-09,14.861862182617188,14.904403686523438,14.739740371704102,14.802302360534668,14.662775993347168,74681244,Yahoo Finance,GOOGL,2026-09-18T13:25:36+08:00,confirmed
2010-12-10,14.843342781066895,14.864615440368652,14.772022247314453,14.820070266723633,14.680376052856445,68119812,Yahoo Finance,GOOGL,2026-09-18T13:25:36+08:00,confirmed
2010-12-13,14.94294261932373,15.090089797973633,14.867116928100586,14.880379676818848,14.740117073059082,95844060,Yahoo Finance,GOOGL,2026-09-18T13:25:36+08:00,confirmed
2010-12-14,14.942192077636719,14.972222328186035,14.826827049255371,14.887638092041016,14.747305870056152,65666268,Yahoo Finance,GOOGL,2026-09-18T13:25:36+08:00,confirmed
2010-12-15,14.86987018585205,14.926176071166992,14.74349308013916,14.772272109985352,14.633028030395508,86621292,Yahoo Finance,GOOGL,2026-09-18T13:25:36+08:00,confirmed
2010-12-16,14.83608627319336,14.859108924865723,14.716465950012207,14.807558059692383,14.667981147766113,63812124,Yahoo Finance,GOOGL,2026-09-18T13:25:36+08:00,confirmed
2010-12-17,14.789790153503418,14.828828811645508,14.706456184387207,14.784785270690918,14.645423889160156,123360516,Yahoo Finance,GOOGL,2026-09-18T13:25:36+08:00,confirmed
2010-12-20,14.881131172180176,14.96196174621582,14.731230735778809,14.891390800476074,14.751025199890137,78853068,Yahoo Finance,GOOGL,2026-09-18T13:25:36+08:00,confirmed
2010-12-21,14.979228973388672,15.133132934570312,14.955204963684082,15.091841697692871,14.949586868286133,75104820,Yahoo Finance,GOOGL,2026-09-18T13:25:36+08:00,confirmed
2010-12-22,15.11511516571045,15.190190315246582,15.097097396850586,15.1524019241333,15.009574890136719,48251700,Yahoo Finance,GOOGL,2026-09-18T13:25:36+08:00,confirmed
2010-12-23,15.148649215698242,15.165164947509766,15.065815925598145,15.120870590209961,14.978343963623047,44387568,Yahoo Finance,GOOGL,2026-09-18T13:25:36+08:00,confirmed
2010-12-27,15.08358383178711,15.109609603881836,15.002503395080566,15.074575424194336,14.932480812072754,48275676,Yahoo Finance,GOOGL,2026-09-18T13:25:36+08:00,confirmed
2010-12-28,15.066315650939941,15.111862182617188,14.965214729309082,14.987988471984863,14.846712112426758,42549408,Yahoo Finance,GOOGL,2026-09-18T13:25:36+08:00,confirmed
2010-12-29,15.065065383911133,15.075325012207031,14.987988471984863,15.040040016174316,14.898272514343262,40727232,Yahoo Finance,GOOGL,2026-09-18T13:25:36+08:00,confirmed
2010-12-30,14.964964866638184,15.048297882080078,14.949700355529785,14.986486434936523,14.845224380493164,39540420,Yahoo Finance,GOOGL,2026-09-18T13:25:36+08:00,confirmed
2010-12-31,14.933432579040527,14.975475311279297,14.815566062927246,14.864113807678223,14.724004745483398,61510428,Yahoo Finance,GOOGL,2026-09-18T13:25:36+08:00,confirmed
2011-01-03,14.926926612854004,15.154905319213867,14.926926612854004,15.123873710632324,14.981315612792969,94513392,Yahoo Finance,GOOGL,2026-09-18T13:25:36+08:00,confirmed
2011-01-04,15.155655860900879,15.169670104980469,15.018017768859863,15.06806755065918,14.926034927368164,72907020,Yahoo Finance,GOOGL,2026-09-18T13:25:36+08:00,confirmed
2011-01-05,15.016766548156738,15.273524284362793,15.016265869140625,15.241991996765137,15.098321914672852,101190708,Yahoo Finance,GOOGL,2026-09-18T13:25:36+08:00,confirmed
2011-01-06,15.282281875610352,15.476225852966309,15.26651668548584,15.352852821350098,15.208137512207031,82229688,Yahoo Finance,GOOGL,2026-09-18T13:25:36+08:00,confirmed
2011-01-07,15.413163185119629,15.471721649169922,15.268519401550293,15.42642593383789,15.281017303466797,83963952,Yahoo Finance,GOOGL,2026-09-18T13:25:36+08:00,confirmed
2011-01-10,15.385384559631348,15.400150299072266,15.229228973388672,15.370620727539062,15.225737571716309,63104832,Yahoo Finance,GOOGL,2026-09-18T13:25:36+08:00,confirmed
2011-01-11,15.458208084106445,15.485485076904297,15.377878189086914,15.415665626525879,15.270358085632324,57514428,Yahoo Finance,GOOGL,2026-09-18T13:25:36+08:00,confirmed
2011-01-12,15.499249458312988,15.499249458312988,15.384634971618652,15.437187194824219,15.291675567626953,65242692,Yahoo Finance,GOOGL,2026-09-18T13:25:36+08:00,confirmed
2011-01-13,15.439689636230469,15.507257461547852,15.369368553161621,15.432682991027832,15.287214279174805,53306640,Yahoo Finance,GOOGL,2026-09-18T13:25:36+08:00,confirmed
2011-01-14,15.45044994354248,15.622371673583984,15.442441940307617,15.62012004852295,15.472885131835938,94529376,Yahoo Finance,GOOGL,2026-09-18T13:25:36+08:00,confirmed
2011-01-18,15.667166709899902,16.06581687927246,15.6473970413208,16.006757736206055,15.855877876281738,144535320,Yahoo Finance,GOOGL,2026-09-18T13:25:36+08:00,confirmed
2011-01-19,16.069068908691406,16.090089797973633,15.757257461547852,15.80955982208252,15.660538673400879,136107756,Yahoo Finance,GOOGL,2026-09-18T13:25:36+08:00,confirmed
2011-01-20,15.821070671081543,15.867868423461914,15.597847938537598,15.684934616088867,15.537089347839355,219212568,Yahoo Finance,GOOGL,2026-09-18T13:25:36+08:00,confirmed
2011-01-21,16.00550651550293,16.059309005737305,15.299299240112305,15.311060905456543,15.166739463806152,355819824,Yahoo Finance,GOOGL,2026-09-18T13:25:36+08:00,confirmed
2011-01-24,15.20445442199707,15.327577590942383,15.045796394348145,15.292291641235352,15.14814567565918,183784032,Yahoo Finance,GOOGL,2026-09-18T13:25:36+08:00,confirmed
2011-01-25,15.220219612121582,15.532782554626465,15.178177833557129,15.513262748718262,15.367032051086426,145726128,Yahoo Finance,GOOGL,2026-09-18T13:25:36+08:00,confirmed
2011-01-26,15.523774147033691,15.577828407287598,15.3973970413208,15.42792797088623,15.28250503540039,81442476,Yahoo Finance,GOOGL,2026-09-18T13:25:36+08:00,confirmed
2011-01-27,15.462713241577148,15.508008003234863,15.346596717834473,15.435185432434082,15.289693832397461,80687232,Yahoo Finance,GOOGL,2026-09-18T13:25:36+08:00,confirmed
2011-01-28,15.492241859436035,15.524524688720703,15.00900936126709,15.039790153503418,14.898024559020996,169074756,Yahoo Finance,GOOGL,2026-09-18T13:25:36+08:00,confirmed
2011-01-31,15.10510540008545,15.126876831054688,14.903654098510742,15.02402400970459,14.882407188415527,112083804,Yahoo Finance,GOOGL,2026-09-18T13:25:36+08:00,confirmed
2011-02-01,15.127376556396484,15.349099159240723,15.092843055725098,15.291291236877441,15.147154808044434,109702188,Yahoo Finance,GOOGL,2026-09-18T13:25:36+08:00,confirmed
2011-02-02,15.290289878845215,15.373873710632324,15.203453063964844,15.315315246582031,15.170952796936035,70357572,Yahoo Finance,GOOGL,2026-09-18T13:25:36+08:00,confirmed
2011-02-03,15.252251625061035,15.301551818847656,15.168417930603027,15.26901912689209,15.125093460083008,59744196,Yahoo Finance,GOOGL,2026-09-18T13:25:36+08:00,confirmed
2011-02-04,15.26901912689209,15.301301002502441,15.18043041229248,15.289790153503418,15.145668029785156,61969968,Yahoo Finance,GOOGL,2026-09-18T13:25:36+08:00,confirmed
2011-02-07,15.269268989562988,15.475225448608398,15.245494842529297,15.372623443603516,15.22772216796875,71912016,Yahoo Finance,GOOGL,2026-09-18T13:25:36+08:00,confirmed
2011-02-08,15.388639450073242,15.506256103515625,15.378128051757812,15.474974632263184,15.329107284545898,67728204,Yahoo Finance,GOOGL,2026-09-18T13:25:36+08:00,confirmed
2011-02-09,15.437187194824219,15.501751899719238,15.323823928833008,15.42792797088623,15.28250503540039,73626300,Yahoo Finance,GOOGL,2026-09-18T13:25:36+08:00,confirmed
2011-02-10,15.362862586975098,15.452953338623047,15.304304122924805,15.42642593383789,15.281017303466797,93282624,Yahoo Finance,GOOGL,2026-09-18T13:25:36+08:00,confirmed
2011-02-11,15.36011028289795,15.640641212463379,15.340339660644531,15.628128051757812,15.480816841125488,103492404,Yahoo Finance,GOOGL,2026-09-18T13:25:36+08:00,confirmed
2011-02-14,15.599099159240723,15.756756782531738,15.51651668548584,15.71946907043457,15.571297645568848,85034880,Yahoo Finance,GOOGL,2026-09-18T13:25:36+08:00,confirmed
2011-02-15,15.698698997497559,15.768017768859863,15.593092918395996,15.619368553161621,15.472140312194824,83596320,Yahoo Finance,GOOGL,2026-09-18T13:25:36+08:00,confirmed
2011-02-16,15.65640640258789,15.678177833557129,15.56806755065918,15.621121406555176,15.473876953125,67292640,Yahoo Finance,GOOGL,2026-09-18T13:25:36+08:00,confirmed
2011-02-17,15.546796798706055,15.69694709777832,15.522522926330566,15.647147178649902,15.499656677246094,59092848,Yahoo Finance,GOOGL,2026-09-18T13:25:36+08:00,confirmed
2011-02-18,15.665665626525879,15.795294761657715,15.62012004852295,15.767767906188965,15.619142532348633,128587284,Yahoo Finance,GOOGL,2026-09-18T13:25:36+08:00,confirmed
2011-02-22,15.516265869140625,15.63888931274414,15.20945930480957,15.27052116394043,15.126581192016602,145450404,Yahoo Finance,GOOGL,2026-09-18T13:25:36+08:00,confirmed
2011-02-23,15.273524284362793,15.382883071899414,15.11511516571045,15.298297882080078,15.154096603393555,115468416,Yahoo Finance,GOOGL,2026-09-18T13:25:36+08:00,confirmed
2011-02-24,15.300049781799316,15.3425931930542,15.048798561096191,15.235735893249512,15.092123985290527,108359532,Yahoo Finance,GOOGL,2026-09-18T13:25:36+08:00,confirmed
2011-02-25,15.311812400817871,15.383382797241211,15.252753257751465,15.266265869140625,15.122366905212402,77218704,Yahoo Finance,GOOGL,2026-09-18T13:25:36+08:00,confirmed
2011-02-28,15.265265464782715,15.427678108215332,15.21546459197998,15.350350379943848,15.205657958984375,91168740,Yahoo Finance,GOOGL,2026-09-18T13:25:36+08:00,confirmed
2011-03-01,15.459959983825684,15.495996475219727,14.997496604919434,15.03403377532959,14.892322540283203,132795072,Yahoo Finance,GOOGL,2026-09-18T13:25:36+08:00,confirmed
2011-03-02,15.010009765625,15.165164947509766,14.894644737243652,15.034785270690918,14.893067359924316,80986932,Yahoo Finance,GOOGL,2026-09-18T13:25:36+08:00,confirmed
2011-03-03,15.174674987792969,15.302553176879883,15.14013957977295,15.254254341125488,15.110468864440918,77734188,Yahoo Finance,GOOGL,2026-09-18T13:25:36+08:00,confirmed
2011-03-04,15.223472595214844,15.239740371704102,15.02001953125,15.03053092956543,14.888854026794434,120319560,Yahoo Finance,GOOGL,2026-09-18T13:25:36+08:00,confirmed
2011-03-07,15.028779029846191,15.107357025146484,14.689689636230469,14.806305885314941,14.666741371154785,138369492,Yahoo Finance,GOOGL,2026-09-18T13:25:36+08:00,confirmed
2011-03-08,14.838088035583496,14.96446418762207,14.769769668579102,14.822572708129883,14.682854652404785,91304604,Yahoo Finance,GOOGL,2026-09-18T13:25:36+08:00,confirmed
2011-03-09,14.789790153503418,14.877628326416016,14.658408164978027,14.809059143066406,14.66946792602539,85953960,Yahoo Finance,GOOGL,2026-09-18T13:25:36+08:00,confirmed
2011-03-10,14.650650978088379,14.680179595947266,14.500750541687012,14.522022247314453,14.385136604309082,124998876,Yahoo Finance,GOOGL,2026-09-18T13:25:36+08:00,confirmed
2011-03-11,14.469969749450684,14.514514923095703,14.3475980758667,14.432182312011719,14.296143531799316,121158720,Yahoo Finance,GOOGL,2026-09-18T13:25:36+08:00,confirmed
2011-03-14,14.334334373474121,14.471721649169922,14.214715003967285,14.26401424407959,14.129560470581055,112531356,Yahoo Finance,GOOGL,2026-09-18T13:25:36+08:00,confirmed
2011-03-15,13.951451301574707,14.289289474487305,13.901400566101074,14.253252983093262,14.118901252746582,160063776,Yahoo Finance,GOOGL,2026-09-18T13:25:36+08:00,confirmed
2011-03-16,14.21446418762207,14.25900936126709,13.795796394348145,13.94144058227539,13.810029029846191,151788060,Yahoo Finance,GOOGL,2026-09-18T13:25:36+08:00,confirmed
2011-03-17,14.126126289367676,14.239238739013672,14.027527809143066,14.04804801940918,13.915629386901855,115856028,Yahoo Finance,GOOGL,2026-09-18T13:25:36+08:00,confirmed
2011-03-18,14.13012981414795,14.213964462280273,14.007508277893066,14.04054069519043,13.90819263458252,131812056,Yahoo Finance,GOOGL,2026-09-18T13:25:36+08:00,confirmed
2011-03-21,14.269769668579102,14.509510040283203,14.239740371704102,14.426926612854004,14.290939331054688,120715164,Yahoo Finance,GOOGL,2026-09-18T13:25:36+08:00,confirmed
2011-03-22,14.446195602416992,14.495244979858398,14.32707691192627,14.447446823120117,14.31126594543457,75400524,Yahoo Finance,GOOGL,2026-09-18T13:25:36+08:00,confirmed
2011-03-23,14.394144058227539,14.575825691223145,14.314313888549805,14.56856918334961,14.431244850158691,72575352,Yahoo Finance,GOOGL,2026-09-18T13:25:36+08:00,confirmed
2011-03-24,14.650400161743164,14.72447395324707,14.48448371887207,14.68693733215332,14.548498153686523,83864052,Yahoo Finance,GOOGL,2026-09-18T13:25:36+08:00,confirmed
2011-03-25,14.686687469482422,14.687437057495117,14.495494842529297,14.508008003234863,14.371255874633789,114221664,Yahoo Finance,GOOGL,2026-09-18T13:25:36+08:00,confirmed
2011-03-28,14.566315650939941,14.639389038085938,14.382131576538086,14.398398399353027,14.262679100036621,88647264,Yahoo Finance,GOOGL,2026-09-18T13:25:36+08:00,confirmed
2011-03-29,14.414414405822754,14.561812400817871,14.339590072631836,14.557807922363281,14.420584678649902,64127808,Yahoo Finance,GOOGL,2026-09-18T13:25:36+08:00,confirmed
2011-03-30,14.624123573303223,14.652152061462402,14.52902889251709,14.560561180114746,14.42331314086914,56835108,Yahoo Finance,GOOGL,2026-09-18T13:25:36+08:00,confirmed
2011-03-31,14.589590072631836,14.718718528747559,14.55805778503418,14.683684349060059,14.545276641845703,81094824,Yahoo Finance,GOOGL,2026-09-18T13:25:36+08:00,confirmed
2011-04-01,14.733734130859375,14.894644737243652,14.733734130859375,14.809809684753418,14.670211791992188,104423472,Yahoo Finance,GOOGL,2026-09-18T13:25:36+08:00,confirmed
2011-04-04,14.839839935302734,14.883382797241211,14.59209156036377,14.706707000732422,14.56808090209961,82097820,Yahoo Finance,GOOGL,2026-09-18T13:25:36+08:00,confirmed
2011-04-05,14.541542053222656,14.551801681518555,14.156155586242676,14.241491317749023,14.107250213623047,241658100,Yahoo Finance,GOOGL,2026-09-18T13:25:36+08:00,confirmed
2011-04-06,14.318819046020508,14.393392562866211,14.214214324951172,14.368868827819824,14.233428001403809,106625268,Yahoo Finance,GOOGL,2026-09-18T13:25:36+08:00,confirmed
2011-04-07,14.407657623291016,14.53053092956543,14.369118690490723,14.514514923095703,14.377701759338379,101158740,Yahoo Finance,GOOGL,2026-09-18T13:25:36+08:00,confirmed
2011-04-08,14.636886596679688,14.636886596679688,14.46596622467041,14.468467712402344,14.332087516784668,75995928,Yahoo Finance,GOOGL,2026-09-18T13:25:36+08:00,confirmed
2011-04-11,14.419419288635254,14.46696662902832,14.339339256286621,14.448698997497559,14.312506675720215,74253672,Yahoo Finance,GOOGL,2026-09-18T13:25:36+08:00,confirmed
2011-04-12,14.389389038085938,14.437187194824219,14.21546459197998,14.279529571533203,14.144930839538574,83340576,Yahoo Finance,GOOGL,2026-09-18T13:25:36+08:00,confirmed
2011-04-13,14.402152061462402,14.45445442199707,14.30805778503418,14.42142105102539,14.28548526763916,82693224,Yahoo Finance,GOOGL,2026-09-18T13:25:36+08:00,confirmed
2011-04-14,14.394144058227539,14.500750541687012,14.316817283630371,14.477227210998535,14.340764045715332,218033748,Yahoo Finance,GOOGL,2026-09-18T13:25:36+08:00,confirmed
2011-04-15,13.645895957946777,13.6574068069458,13.264764785766602,13.280780792236328,13.155596733093262,561186252,Yahoo Finance,GOOGL,2026-09-18T13:25:36+08:00,confirmed
2011-04-18,13.173673629760742,13.204705238342285,12.987988471984863,13.184184074401855,13.059908866882324,201390408,Yahoo Finance,GOOGL,2026-09-18T13:25:36+08:00,confirmed
2011-04-19,13.262011528015137,13.285284996032715,13.03553581237793,13.051301002502441,12.928279876708984,107256636,Yahoo Finance,GOOGL,2026-09-18T13:25:36+08:00,confirmed
2011-04-20,13.160660743713379,13.183684349060059,13.047798156738281,13.15640640258789,13.032394409179688,122277600,Yahoo Finance,GOOGL,2026-09-18T13:25:36+08:00,confirmed
2011-04-21,13.20044994354248,13.220219612121582,13.072822570800781,13.140641212463379,13.016776084899902,98705196,Yahoo Finance,GOOGL,2026-09-18T13:25:36+08:00,confirmed
2011-04-25,13.144393920898438,13.188187599182129,13.063312530517578,13.139389038085938,13.01553726196289,65166768,Yahoo Finance,GOOGL,2026-09-18T13:25:36+08:00,confirmed
2011-04-26,13.176176071166992,13.449448585510254,13.143392562866211,13.333833694458008,13.208149909973145,139860000,Yahoo Finance,GOOGL,2026-09-18T13:25:36+08:00,confirmed
2011-04-27,13.463462829589844,13.466216087341309,13.372121810913086,13.457456588745117,13.330606460571289,91844064,Yahoo Finance,GOOGL,2026-09-18T13:25:36+08:00,confirmed
2011-04-28,13.464964866638184,13.494745254516602,13.365365028381348,13.462713241577148,13.335813522338867,79920000,Yahoo Finance,GOOGL,2026-09-18T13:25:36+08:00,confirmed
2011-04-29,13.513513565063477,13.61611557006836,13.476225852966309,13.61611557006836,13.487770080566406,168970860,Yahoo Finance,GOOGL,2026-09-18T13:25:36+08:00,confirmed
2011-05-02,13.656155586242676,13.656907081604004,13.44144058227539,13.477477073669434,13.35043716430664,85262652,Yahoo Finance,GOOGL,2026-09-18T13:25:36+08:00,confirmed
2011-05-03,13.441692352294922,13.563814163208008,13.254003524780273,13.360610961914062,13.234674453735352,83176740,Yahoo Finance,GOOGL,2026-09-18T13:25:36+08:00,confirmed
2011-05-04,13.392642974853516,13.48848819732666,13.338838577270508,13.408158302307129,13.281773567199707,84595320,Yahoo Finance,GOOGL,2026-09-18T13:25:36+08:00,confirmed
2011-05-05,13.35986042022705,13.498998641967773,13.300801277160645,13.37012004852295,13.244091987609863,79832088,Yahoo Finance,GOOGL,2026-09-18T13:25:36+08:00,confirmed
2011-05-06,13.467217445373535,13.550049781799316,13.392892837524414,13.395895957946777,13.26962661743164,82161756,Yahoo Finance,GOOGL,2026-09-18T13:25:36+08:00,confirmed
2011-05-09,13.388387680053711,13.475726127624512,13.290790557861328,13.45545482635498,13.328622817993164,77870052,Yahoo Finance,GOOGL,2026-09-18T13:25:36+08:00,confirmed
2011-05-10,13.513513565063477,13.624374389648438,13.45195198059082,13.580080032348633,13.45207405090332,81634284,Yahoo Finance,GOOGL,2026-09-18T13:25:36+08:00,confirmed
2011-05-11,13.517017364501953,13.602352142333984,13.355606079101562,13.399649620056152,13.273344039916992,93458448,Yahoo Finance,GOOGL,2026-09-18T13:25:36+08:00,confirmed
2011-05-12,13.394393920898438,13.43693733215332,13.286035537719727,13.389639854431152,13.263429641723633,57874068,Yahoo Finance,GOOGL,2026-09-18T13:25:36+08:00,confirmed
2011-05-13,13.378628730773926,13.41141128540039,13.23948860168457,13.252001762390137,13.12708854675293,84263652,Yahoo Finance,GOOGL,2026-09-18T13:25:36+08:00,confirmed
2011-05-16,13.170921325683594,13.194945335388184,12.92292308807373,12.973472595214844,12.85118579864502,118209672,Yahoo Finance,GOOGL,2026-09-18T13:25:36+08:00,confirmed
2011-05-17,12.898649215698242,13.293793678283691,12.888639450073242,13.274774551391602,13.14964771270752,132011856,Yahoo Finance,GOOGL,2026-09-18T13:25:36+08:00,confirmed
2011-05-18,13.251751899719238,13.27152156829834,13.155655860900879,13.258508682250977,13.13353443145752,78049872,Yahoo Finance,GOOGL,2026-09-18T13:25:36+08:00,confirmed
2011-05-19,13.331582069396973,13.426926612854004,13.256256103515625,13.29454517364502,13.169230461120605,98649252,Yahoo Finance,GOOGL,2026-09-18T13:25:36+08:00,confirmed
2011-05-20,13.308307647705078,13.31306266784668,13.091341018676758,13.113863945007324,12.990253448486328,92607300,Yahoo Finance,GOOGL,2026-09-18T13:25:36+08:00,confirmed
2011-05-23,12.92792797088623,13.013012886047363,12.847847938537598,12.972723007202148,12.850442886352539,91908000,Yahoo Finance,GOOGL,2026-09-18T13:25:36+08:00,confirmed
2011-05-24,13.022272109985352,13.112112045288086,12.966716766357422,12.96946907043457,12.847220420837402,75924000,Yahoo Finance,GOOGL,2026-09-18T13:25:36+08:00,confirmed
2011-05-25,12.946195602416992,13.082331657409668,12.944193840026855,13.004755020141602,12.882172584533691,52011936,Yahoo Finance,GOOGL,2026-09-18T13:25:36+08:00,confirmed
2011-05-26,12.95545482635498,13.066065788269043,12.887887954711914,12.966216087341309,12.84399700164795,84655260,Yahoo Finance,GOOGL,2026-09-18T13:25:36+08:00,confirmed
2011-05-27,12.974974632263184,13.057807922363281,12.920419692993164,13.03553581237793,12.912662506103516,69762168,Yahoo Finance,GOOGL,2026-09-18T13:25:36+08:00,confirmed
2011-05-31,13.138137817382812,13.23948860168457,13.100601196289062,13.238739013671875,13.113950729370117,107384508,Yahoo Finance,GOOGL,2026-09-18T13:25:36+08:00,confirmed
2011-06-01,13.214214324951172,13.343342781066895,13.145895957946777,13.153153419494629,13.029170036315918,118117764,Yahoo Finance,GOOGL,2026-09-18T13:25:36+08:00,confirmed
2011-06-02,13.202451705932617,13.270771026611328,13.075075149536133,13.214715003967285,13.090152740478516,88091820,Yahoo Finance,GOOGL,2026-09-18T13:25:36+08:00,confirmed
2011-06-03,13.06306266784668,13.203203201293945,13.050551414489746,13.090089797973633,12.966702461242676,69870060,Yahoo Finance,GOOGL,2026-09-18T13:25:36+08:00,confirmed
2011-06-06,13.101601600646973,13.183684349060059,12.994243621826172,13.03954029083252,12.916629791259766,77606316,Yahoo Finance,GOOGL,2026-09-18T13:25:36+08:00,confirmed
2011-06-07,13.085334777832031,13.128878593444824,12.987737655639648,12.988739013671875,12.866307258605957,76227696,Yahoo Finance,GOOGL,2026-09-18T13:25:36+08:00,confirmed
2011-06-08,12.926176071166992,13.04404354095459,12.9074068069458,12.992241859436035,12.869776725769043,66069864,Yahoo Finance,GOOGL,2026-09-18T13:25:36+08:00,confirmed
2011-06-09,13.013012886047363,13.013012886047363,12.90390396118164,12.931180953979492,12.80929183959961,67496436,Yahoo Finance,GOOGL,2026-09-18T13:25:36+08:00,confirmed
2011-06-10,12.86486530303955,12.930179595947266,12.7449951171875,12.750500679016113,12.630314826965332,97498404,Yahoo Finance,GOOGL,2026-09-18T13:25:36+08:00,confirmed
2011-06-13,12.762763023376465,12.767767906188965,12.566817283630371,12.630881309509277,12.511823654174805,96994908,Yahoo Finance,GOOGL,2026-09-18T13:25:36+08:00,confirmed
2011-06-14,12.716465950012207,12.86486530303955,12.687437057495117,12.721972465515137,12.602055549621582,93566340,Yahoo Finance,GOOGL,2026-09-18T13:25:36+08:00,confirmed
2011-06-15,12.638387680053711,12.721470832824707,12.527777671813965,12.586336135864258,12.467698097229004,82849068,Yahoo Finance,GOOGL,2026-09-18T13:25:36+08:00,confirmed
2011-06-16,12.582833290100098,12.676926612854004,12.429179191589355,12.521772384643555,12.403742790222168,110169720,Yahoo Finance,GOOGL,2026-09-18T13:25:36+08:00,confirmed
2011-06-17,12.667166709899902,12.679929733276367,12.132131576538086,12.137638092041016,12.023228645324707,209606184,Yahoo Finance,GOOGL,2026-09-18T13:25:36+08:00,confirmed
2011-06-20,12.137137413024902,12.16791820526123,11.992742538452148,12.126626968383789,12.012320518493652,121022856,Yahoo Finance,GOOGL,2026-09-18T13:25:36+08:00,confirmed
2011-06-21,12.19194221496582,12.360860824584961,12.130379676818848,12.337336540222168,12.221044540405273,110505384,Yahoo Finance,GOOGL,2026-09-18T13:25:36+08:00,confirmed
2011-06-22,12.298548698425293,12.321070671081543,12.18043041229248,12.187437057495117,12.072559356689453,96187716,Yahoo Finance,GOOGL,2026-09-18T13:25:36+08:00,confirmed
2011-06-23,12.065315246582031,12.08358383178711,11.85510540008545,12.017518043518066,11.9042387008667,191875932,Yahoo Finance,GOOGL,2026-09-18T13:25:36+08:00,confirmed
2011-06-24,12.02902889251709,12.030780792236328,11.837336540222168,11.88388442993164,11.771866798400879,152071776,Yahoo Finance,GOOGL,2026-09-18T13:25:36+08:00,confirmed
2011-06-27,11.861862182617188,12.222222328186035,11.851852416992188,12.08208179473877,11.968195915222168,137650212,Yahoo Finance,GOOGL,2026-09-18T13:25:36+08:00,confirmed
2011-06-28,12.1126127243042,12.417668342590332,12.1126127243042,12.353604316711426,12.237159729003906,108495396,Yahoo Finance,GOOGL,2026-09-18T13:25:36+08:00,confirmed
2011-06-29,12.425926208496094,12.518769264221191,12.321822166442871,12.451702117919922,12.334333419799805,93626280,Yahoo Finance,GOOGL,2026-09-18T13:25:36+08:00,confirmed
2011-06-30,12.562312126159668,12.679429054260254,12.550049781799316,12.672171592712402,12.552722930908203,97038864,Yahoo Finance,GOOGL,2026-09-18T13:25:36+08:00,confirmed
2011-07-01,12.681180953979492,13.042543411254883,12.672171592712402,13.038788795471191,12.915885925292969,145322532,Yahoo Finance,GOOGL,2026-09-18T13:25:36+08:00,confirmed
2011-07-05,13.145646095275879,13.398398399353027,13.145646095275879,13.324323654174805,13.198728561401367,153814032,Yahoo Finance,GOOGL,2026-09-18T13:25:36+08:00,confirmed
2011-07-06,13.350851058959961,13.476225852966309,13.339339256286621,13.3973970413208,13.271112442016602,107716176,Yahoo Finance,GOOGL,2026-09-18T13:25:36+08:00,confirmed
2011-07-07,13.538538932800293,13.780780792236328,13.410409927368164,13.678679466247559,13.549745559692383,157262580,Yahoo Finance,GOOGL,2026-09-18T13:25:36+08:00,confirmed
2011-07-08,13.33708667755127,13.454705238342285,13.194945335388184,13.31306266784668,13.18757438659668,190617192,Yahoo Finance,GOOGL,2026-09-18T13:25:36+08:00,confirmed
2011-07-11,13.217718124389648,13.41291332244873,13.150650978088379,13.195195198059082,13.070817947387695,113458428,Yahoo Finance,GOOGL,2026-09-18T13:25:36+08:00,confirmed
2011-07-12,13.217217445373535,13.498998641967773,13.163163185119629,13.363614082336426,13.237648010253906,113534352,Yahoo Finance,GOOGL,2026-09-18T13:25:36+08:00,confirmed
2011-07-13,13.438438415527344,13.613614082336426,13.425424575805664,13.469969749450684,13.343001365661621,111496392,Yahoo Finance,GOOGL,2026-09-18T13:25:36+08:00,confirmed
2011-07-14,13.491491317749023,13.56356430053711,13.18143081665039,13.236737251281738,13.111967086791992,265714020,Yahoo Finance,GOOGL,2026-09-18T13:25:36+08:00,confirmed
2011-07-15,14.952451705932617,15.021270751953125,14.718718528747559,14.95545482635498,14.814486503601074,548734716,Yahoo Finance,GOOGL,2026-09-18T13:25:36+08:00,confirmed
2011-07-18,14.82707691192627,15.066315650939941,14.814814567565918,14.888387680053711,14.748048782348633,178553268,Yahoo Finance,GOOGL,2026-09-18T13:25:36+08:00,confirmed
2011-07-19,14.918417930603027,15.132131576538086,14.903153419494629,15.078828811645508,14.93669605255127,118581300,Yahoo Finance,GOOGL,2026-09-18T13:25:36+08:00,confirmed
2011-07-20,15.06956958770752,15.085836410522461,14.898649215698242,14.898649215698242,14.758213996887207,89022888,Yahoo Finance,GOOGL,2026-09-18T13:25:36+08:00,confirmed
2011-07-21,14.865615844726562,15.216716766357422,14.86511516571045,15.189940452575684,15.046759605407715,138641220,Yahoo Finance,GOOGL,2026-09-18T13:25:36+08:00,confirmed
2011-07-22,15.149900436401367,15.503003120422363,15.121871948242188,15.471220970153809,15.32538890838623,140986872,Yahoo Finance,GOOGL,2026-09-18T13:25:36+08:00,confirmed
2011-07-25,15.349349021911621,15.650900840759277,15.340339660644531,15.489990234375,15.343981742858887,125138736,Yahoo Finance,GOOGL,2026-09-18T13:25:36+08:00,confirmed
2011-07-26,15.466716766357422,15.703203201293945,15.445945739746094,15.57857894897461,15.43173599243164,93622284,Yahoo Finance,GOOGL,2026-09-18T13:25:36+08:00,confirmed
2011-07-27,15.444945335388184,15.539289474487305,15.13388442993164,15.195695877075195,15.052461624145508,157218624,Yahoo Finance,GOOGL,2026-09-18T13:25:36+08:00,confirmed
2011-07-28,15.14489459991455,15.414915084838867,15.090089797973633,15.288788795471191,15.144676208496094,124211664,Yahoo Finance,GOOGL,2026-09-18T13:25:36+08:00,confirmed
2011-07-29,15.120870590209961,15.389389038085938,15.107357025146484,15.107357025146484,14.964954376220703,165330504,Yahoo Finance,GOOGL,2026-09-18T13:25:36+08:00,confirmed
2011-08-01,15.295796394348145,15.402902603149414,14.994494438171387,15.184433937072754,15.041305541992188,158485356,Yahoo Finance,GOOGL,2026-09-18T13:25:36+08:00,confirmed
2011-08-02,15.165164947509766,15.257006645202637,14.804054260253906,14.824825286865234,14.685086250305176,127895976,Yahoo Finance,GOOGL,2026-09-18T13:25:36+08:00,confirmed
2011-08-03,14.871622085571289,15.090089797973633,14.605355262756348,15.044294357299805,14.902484893798828,152874972,Yahoo Finance,GOOGL,2026-09-18T13:25:36+08:00,confirmed
2011-08-04,14.877376556396484,14.986235618591309,14.451201438903809,14.452451705932617,14.31622314453125,196387416,Yahoo Finance,GOOGL,2026-09-18T13:25:36+08:00,confirmed
2011-08-05,14.578078269958496,14.764764785766602,14.064064025878906,14.490489959716797,14.353901863098145,236926836,Yahoo Finance,GOOGL,2026-09-18T13:25:36+08:00,confirmed
2011-08-08,14.08858871459961,14.239238739013672,13.622371673583984,13.664163589477539,13.535367012023926,299564136,Yahoo Finance,GOOGL,2026-09-18T13:25:36+08:00,confirmed
2011-08-09,14.03903865814209,14.379630088806152,13.538788795471191,14.349599838256836,14.214339256286621,258529212,Yahoo Finance,GOOGL,2026-09-18T13:25:36+08:00,confirmed
2011-08-10,14.048548698425293,14.117116928100586,13.70695686340332,13.738988876342773,13.609484672546387,214569216,Yahoo Finance,GOOGL,2026-09-18T13:25:36+08:00,confirmed
2011-08-11,13.859358787536621,14.226726531982422,13.723974227905273,14.067317008972168,13.93471908569336,193030776,Yahoo Finance,GOOGL,2026-09-18T13:25:36+08:00,confirmed
2011-08-12,14.251751899719238,14.276777267456055,14.02402400970459,14.108358383178711,13.975372314453125,126045828,Yahoo Finance,GOOGL,2026-09-18T13:25:36+08:00,confirmed
2011-08-15,13.849599838256836,14.13888931274414,13.664915084838867,13.944695472717285,13.813252449035645,285510204,Yahoo Finance,GOOGL,2026-09-18T13:25:36+08:00,confirmed
2011-08-16,13.824575424194336,13.824825286865234,13.270771026611328,13.48848819732666,13.361346244812012,277298424,Yahoo Finance,GOOGL,2026-09-18T13:25:36+08:00,confirmed
2011-08-17,13.514264106750488,13.605855941772461,13.282532691955566,13.34209156036377,13.216328620910645,163000836,Yahoo Finance,GOOGL,2026-09-18T13:25:36+08:00,confirmed
2011-08-18,13.099849700927734,13.135384559631348,12.524774551391602,12.634634971618652,12.51554012298584,251376372,Yahoo Finance,GOOGL,2026-09-18T13:25:36+08:00,confirmed
2011-08-19,12.495996475219727,12.884634971618652,12.283783912658691,12.285284996032715,12.169483184814453,216183600,Yahoo Finance,GOOGL,2026-09-18T13:25:36+08:00,confirmed
2011-08-22,12.6126127243042,12.687687873840332,12.375625610351562,12.466716766357422,12.349206924438477,196039764,Yahoo Finance,GOOGL,2026-09-18T13:25:36+08:00,confirmed
2011-08-23,12.600099563598633,13.048297882080078,12.488988876342773,12.98348331451416,12.861101150512695,173698128,Yahoo Finance,GOOGL,2026-09-18T13:25:36+08:00,confirmed
2011-08-24,12.996246337890625,13.263262748718262,12.943694114685059,13.095344543457031,12.971909523010254,143636220,Yahoo Finance,GOOGL,2026-09-18T13:25:36+08:00,confirmed
2011-08-25,13.272772789001465,13.445195198059082,12.970470428466797,13.01401424407959,12.891343116760254,131588280,Yahoo Finance,GOOGL,2026-09-18T13:25:36+08:00,confirmed
2011-08-26,13.012763023376465,13.274524688720703,12.841341018676758,13.184684753417969,13.060406684875488,143708148,Yahoo Finance,GOOGL,2026-09-18T13:25:36+08:00,confirmed
2011-08-29,13.377376556396484,13.499750137329102,13.352352142333984,13.490489959716797,13.363327026367188,93338568,Yahoo Finance,GOOGL,2026-09-18T13:25:36+08:00,confirmed
2011-08-30,13.468217849731445,13.588337898254395,13.283534049987793,13.531030654907227,13.403486251831055,119440440,Yahoo Finance,GOOGL,2026-09-18T13:25:36+08:00,confirmed
2011-08-31,13.632131576538086,13.671171188354492,13.413413047790527,13.537537574768066,13.409931182861328,107624268,Yahoo Finance,GOOGL,2026-09-18T13:25:36+08:00,confirmed
2011-09-01,13.532281875610352,13.609358787536621,13.293793678283691,13.325825691223145,13.200218200683594,96523380,Yahoo Finance,GOOGL,2026-09-18T13:25:36+08:00,confirmed
2011-09-02,13.12487506866455,13.211211204528809,13.031281471252441,13.134134292602539,13.010331153869629,95951952,Yahoo Finance,GOOGL,2026-09-18T13:25:36+08:00,confirmed
2011-09-06,12.782782554626465,13.08208179473877,12.775275230407715,13.067567825317383,12.9443941116333,108523368,Yahoo Finance,GOOGL,2026-09-18T13:25:36+08:00,confirmed
2011-09-07,13.274524688720703,13.411911964416504,13.198198318481445,13.364113807678223,13.238142967224121,110121768,Yahoo Finance,GOOGL,2026-09-18T13:25:36+08:00,confirmed
2011-09-08,13.358358383178711,13.49099063873291,13.310811042785645,13.3873872756958,13.261197090148926,95124780,Yahoo Finance,GOOGL,2026-09-18T13:25:36+08:00,confirmed
2011-09-09,13.298297882080078,13.379630088806152,13.042793273925781,13.134384155273438,13.010579109191895,130621248,Yahoo Finance,GOOGL,2026-09-18T13:25:36+08:00,confirmed
2011-09-12,12.96196174621582,13.31306266784668,12.95044994354248,13.266265869140625,13.141219139099121,106709184,Yahoo Finance,GOOGL,2026-09-18T13:25:36+08:00,confirmed
2011-09-13,13.313312530517578,13.360360145568848,13.098097801208496,13.251251220703125,13.12634563446045,94073832,Yahoo Finance,GOOGL,2026-09-18T13:25:36+08:00,confirmed
2011-09-14,13.328078269958496,13.437187194824219,13.158658981323242,13.315065383911133,13.189556121826172,107668224,Yahoo Finance,GOOGL,2026-09-18T13:25:36+08:00,confirmed
2011-09-15,13.400900840759277,13.638137817382812,13.377376556396484,13.577577590942383,13.449594497680664,118313568,Yahoo Finance,GOOGL,2026-09-18T13:25:36+08:00,confirmed
2011-09-16,13.633633613586426,13.684684753417969,13.59209156036377,13.680681228637695,13.551727294921875,141230628,Yahoo Finance,GOOGL,2026-09-18T13:25:36+08:00,confirmed
2011-09-19,13.522272109985352,13.761260986328125,13.397897720336914,13.68043041229248,13.55147933959961,98637264,Yahoo Finance,GOOGL,2026-09-18T13:25:36+08:00,confirmed
2011-09-20,13.748748779296875,13.976977348327637,13.580329895019531,13.679429054260254,13.55048656463623,111052836,Yahoo Finance,GOOGL,2026-09-18T13:25:36+08:00,confirmed
2011-09-21,13.70595645904541,13.88888931274414,13.4849853515625,13.49349308013916,13.366304397583008,100471428,Yahoo Finance,GOOGL,2026-09-18T13:25:36+08:00,confirmed
2011-09-22,13.169419288635254,13.232732772827148,12.862862586975098,13.029529571533203,12.906713485717773,175835988,Yahoo Finance,GOOGL,2026-09-18T13:25:36+08:00,confirmed
2011-09-23,12.926926612854004,13.173673629760742,12.875374794006348,13.150900840759277,13.02694034576416,110980908,Yahoo Finance,GOOGL,2026-09-18T13:25:36+08:00,confirmed
2011-09-26,13.194443702697754,13.336586952209473,12.844094276428223,13.310561180114746,13.185096740722656,105262632,Yahoo Finance,GOOGL,2026-09-18T13:25:36+08:00,confirmed
2011-09-27,13.468467712402344,13.689940452575684,13.414665222167969,13.496996879577637,13.369772911071777,120315564,Yahoo Finance,GOOGL,2026-09-18T13:25:36+08:00,confirmed
2011-09-28,13.551051139831543,13.614113807678223,13.205705642700195,13.234233856201172,13.109487533569336,90441468,Yahoo Finance,GOOGL,2026-09-18T13:25:36+08:00,confirmed
2011-09-29,13.414414405822754,13.445945739746094,12.998248100280762,13.200700759887695,13.07627010345459,116147736,Yahoo Finance,GOOGL,2026-09-18T13:25:36+08:00,confirmed
2011-09-30,13.018267631530762,13.113113403320312,12.872371673583984,12.88888931274414,12.7673978805542,108835056,Yahoo Finance,GOOGL,2026-09-18T13:25:36+08:00,confirmed
2011-10-03,12.75900936126709,12.812812805175781,12.3873872756958,12.400400161743164,12.283513069152832,178797024,Yahoo Finance,GOOGL,2026-09-18T13:25:36+08:00,confirmed
2011-10-04,12.263012886047363,12.598599433898926,12.027027130126953,12.560059547424316,12.441667556762695,166185648,Yahoo Finance,GOOGL,2026-09-18T13:25:36+08:00,confirmed
2011-10-05,12.421171188354492,12.707708358764648,12.031281471252441,12.63012981414795,12.511078834533691,181182636,Yahoo Finance,GOOGL,2026-09-18T13:25:36+08:00,confirmed
2011-10-06,12.700200080871582,12.893644332885742,12.577577590942383,12.880631446838379,12.7592191696167,136835028,Yahoo Finance,GOOGL,2026-09-18T13:25:36+08:00,confirmed
2011-10-07,12.933684349060059,13.02552604675293,12.770270347595215,12.890891075134277,12.769381523132324,114121764,Yahoo Finance,GOOGL,2026-09-18T13:25:36+08:00,confirmed
2011-10-10,13.142642974853516,13.450200080871582,13.093092918395996,13.442692756652832,13.3159818649292,92795112,Yahoo Finance,GOOGL,2026-09-18T13:25:36+08:00,confirmed
2011-10-11,13.349849700927734,13.683684349060059,13.349849700927734,13.593092918395996,13.464964866638184,114021864,Yahoo Finance,GOOGL,2026-09-18T13:25:36+08:00,confirmed
2011-10-12,13.71696662902832,13.894644737243652,13.629379272460938,13.726225852966309,13.596842765808105,126984888,Yahoo Finance,GOOGL,2026-09-18T13:25:36+08:00,confirmed
2011-10-13,13.764514923095703,13.988988876342773,13.714214324951172,13.988739013671875,13.856881141662598,227276496,Yahoo Finance,GOOGL,2026-09-18T13:25:36+08:00,confirmed
2011-10-14,15.001751899719238,15.0050048828125,14.703953742980957,14.806806564331055,14.667238235473633,340854804,Yahoo Finance,GOOGL,2026-09-18T13:25:36+08:00,confirmed
2011-10-17,14.6076078414917,14.810561180114746,14.46446418762207,14.574825286865234,14.437443733215332,160167672,Yahoo Finance,GOOGL,2026-09-18T13:25:36+08:00,confirmed
2011-10-18,14.519268989562988,14.828828811645508,14.449448585510254,14.777527809143066,14.63823413848877,151879968,Yahoo Finance,GOOGL,2026-09-18T13:25:36+08:00,confirmed
2011-10-19,14.698198318481445,14.816315650939941,14.4949951171875,14.532032012939453,14.395051956176758,117142740,Yahoo Finance,GOOGL,2026-09-18T13:25:36+08:00,confirmed
2011-10-20,14.56206226348877,14.736987113952637,14.502251625061035,14.606355667114258,14.468676567077637,135024840,Yahoo Finance,GOOGL,2026-09-18T13:25:36+08:00,confirmed
2011-10-21,14.752503395080566,14.83358383178711,14.682182312011719,14.777027130126953,14.637739181518555,135504360,Yahoo Finance,GOOGL,2026-09-18T13:25:36+08:00,confirmed
2011-10-24,14.682682991027832,15.014264106750488,14.677177429199219,14.925424575805664,14.784737586975098,136938924,Yahoo Finance,GOOGL,2026-09-18T13:25:36+08:00,confirmed
2011-10-25,14.842342376708984,14.88988971710205,14.585836410522461,14.59359359741211,14.456033706665039,101518380,Yahoo Finance,GOOGL,2026-09-18T13:25:36+08:00,confirmed
2011-10-26,14.753503799438477,14.769268989562988,14.335836410522461,14.672422409057617,14.534119606018066,114809076,Yahoo Finance,GOOGL,2026-09-18T13:25:36+08:00,confirmed
2011-10-27,14.975475311279297,15.0825834274292,14.847347259521484,14.981732368469238,14.8405122756958,151060788,Yahoo Finance,GOOGL,2026-09-18T13:25:36+08:00,confirmed
2011-10-28,14.877878189086914,15.072572708129883,14.871121406555176,15.018519401550293,14.87695598602295,100219680,Yahoo Finance,GOOGL,2026-09-18T13:25:36+08:00,confirmed
2011-10-31,14.892142295837402,15.007257461547852,14.806556701660156,14.830830574035645,14.691036224365234,102209688,Yahoo Finance,GOOGL,2026-09-18T13:25:36+08:00,confirmed
2011-11-01,14.517017364501953,14.6524019241333,14.433182716369629,14.480731010437012,14.344236373901367,124878996,Yahoo Finance,GOOGL,2026-09-18T13:25:36+08:00,confirmed
2011-11-02,14.637137413024902,14.713713645935059,14.526527404785156,14.63513469696045,14.497182846069336,84751164,Yahoo Finance,GOOGL,2026-09-18T13:25:36+08:00,confirmed
2011-11-03,14.689689636230469,14.952451705932617,14.6076078414917,14.952451705932617,14.811509132385254,106685208,Yahoo Finance,GOOGL,2026-09-18T13:25:36+08:00,confirmed
2011-11-04,14.852352142333984,15.008508682250977,14.825575828552246,14.918417930603027,14.777795791625977,113278608,Yahoo Finance,GOOGL,2026-09-18T13:25:36+08:00,confirmed
2011-11-07,14.847847938537598,15.234734535217285,14.820570945739746,15.223472595214844,15.079975128173828,134161704,Yahoo Finance,GOOGL,2026-09-18T13:25:36+08:00,confirmed
2011-11-08,15.240240097045898,15.374625205993652,15.10510540008545,15.323823928833008,15.179381370544434,121054824,Yahoo Finance,GOOGL,2026-09-18T13:25:36+08:00,confirmed
2011-11-09,15.121622085571289,15.25,14.981480598449707,15.038788795471191,14.89703369140625,148291560,Yahoo Finance,GOOGL,2026-09-18T13:25:36+08:00,confirmed
2011-11-10,15.163413047790527,15.16391372680664,14.803804397583008,14.891892433166504,14.751520156860352,114621264,Yahoo Finance,GOOGL,2026-09-18T13:25:36+08:00,confirmed
2011-11-11,15.047548294067383,15.317567825317383,14.97998046875,15.223974227905273,15.080471992492676,158920920,Yahoo Finance,GOOGL,2026-09-18T13:25:36+08:00,confirmed
2011-11-14,15.215214729309082,15.467467308044434,15.209710121154785,15.340339660644531,15.195741653442383,127420452,Yahoo Finance,GOOGL,2026-09-18T13:25:36+08:00,confirmed
2011-11-15,15.335334777832031,15.467467308044434,15.277777671813965,15.429429054260254,15.283990859985352,106932960,Yahoo Finance,GOOGL,2026-09-18T13:25:36+08:00,confirmed
2011-11-16,15.317317008972168,15.472972869873047,15.28053092956543,15.302051544189453,15.157814979553223,104235660,Yahoo Finance,GOOGL,2026-09-18T13:25:36+08:00,confirmed
2011-11-17,15.26651668548584,15.322572708129883,14.934433937072754,15.036787033081055,14.895050048828125,139592268,Yahoo Finance,GOOGL,2026-09-18T13:25:36+08:00,confirmed
2011-11-18,15.065065383911133,15.127628326416016,14.858609199523926,14.886886596679688,14.746562004089355,131376492,Yahoo Finance,GOOGL,2026-09-18T13:25:36+08:00,confirmed
2011-11-21,14.708708763122559,14.727227210998535,14.316567420959473,14.53803825378418,14.4010009765625,119931948,Yahoo Finance,GOOGL,2026-09-18T13:25:36+08:00,confirmed
2011-11-22,14.514514923095703,14.63888931274414,14.395395278930664,14.514514923095703,14.377701759338379,96115788,Yahoo Finance,GOOGL,2026-09-18T13:25:36+08:00,confirmed
2011-11-23,14.398147583007812,14.520771026611328,14.267017364501953,14.267017364501953,14.132536888122559,92938968,Yahoo Finance,GOOGL,2026-09-18T13:25:36+08:00,confirmed
2011-11-25,14.14389419555664,14.371121406555176,14.047296524047852,14.089089393615723,13.956286430358887,62433504,Yahoo Finance,GOOGL,2026-09-18T13:25:36+08:00,confirmed
2011-11-28,14.498748779296875,14.735235214233398,14.426926612854004,14.71946907043457,14.580724716186523,113042844,Yahoo Finance,GOOGL,2026-09-18T13:25:36+08:00,confirmed
2011-11-29,14.711711883544922,14.773774147033691,14.547798156738281,14.587838172912598,14.450332641601562,73198728,Yahoo Finance,GOOGL,2026-09-18T13:25:36+08:00,confirmed
2011-11-30,14.963713645935059,15.002753257751465,14.81706714630127,14.999750137329102,14.858362197875977,135744120,Yahoo Finance,GOOGL,2026-09-18T13:25:36+08:00,confirmed
2011-12-01,15.0150146484375,15.415414810180664,14.989990234375,15.359609603881836,15.214829444885254,144679176,Yahoo Finance,GOOGL,2026-09-18T13:25:36+08:00,confirmed
2011-12-02,15.441692352294922,15.615615844726562,15.421921730041504,15.524524688720703,15.378190994262695,163264572,Yahoo Finance,GOOGL,2026-09-18T13:25:36+08:00,confirmed
2011-12-05,15.706707000732422,15.813312530517578,15.575575828552246,15.656907081604004,15.509324073791504,127772100,Yahoo Finance,GOOGL,2026-09-18T13:25:36+08:00,confirmed
2011-12-06,15.590339660644531,15.731230735778809,15.52152156829834,15.60986042022705,15.462722778320312,92966940,Yahoo Finance,GOOGL,2026-09-18T13:25:36+08:00,confirmed
2011-12-07,15.557558059692383,15.657156944274902,15.467967987060547,15.600350379943848,15.453298568725586,90201708,Yahoo Finance,GOOGL,2026-09-18T13:25:36+08:00,confirmed
2011-12-08,15.541542053222656,15.70195198059082,15.397897720336914,15.416666984558105,15.271349906921387,96427476,Yahoo Finance,GOOGL,2026-09-18T13:25:36+08:00,confirmed
2011-12-09,15.46546459197998,15.743993759155273,15.440690994262695,15.701201438903809,15.553201675415039,110537352,Yahoo Finance,GOOGL,2026-09-18T13:25:36+08:00,confirmed
2011-12-12,15.562562942504883,15.670169830322266,15.522772789001465,15.650400161743164,15.50287914276123,87268644,Yahoo Finance,GOOGL,2026-09-18T13:25:36+08:00,confirmed
2011-12-13,15.734734535217285,15.929929733276367,15.586836814880371,15.65640640258789,15.508830070495605,160966872,Yahoo Finance,GOOGL,2026-09-18T13:25:36+08:00,confirmed
2011-12-14,15.561812400817871,15.623623847961426,15.327577590942383,15.467217445373535,15.321423530578613,155991852,Yahoo Finance,GOOGL,2026-09-18T13:25:36+08:00,confirmed
2011-12-15,15.57857894897461,15.615615844726562,15.482732772827148,15.504003524780273,15.357863426208496,96247656,Yahoo Finance,GOOGL,2026-09-18T13:25:36+08:00,confirmed
2011-12-16,15.623623847961426,15.748748779296875,15.552302360534668,15.664665222167969,15.517009735107422,178193628,Yahoo Finance,GOOGL,2026-09-18T13:25:36+08:00,confirmed
2011-12-19,15.71596622467041,15.728227615356445,15.51551628112793,15.561310768127441,15.414629936218262,85654260,Yahoo Finance,GOOGL,2026-09-18T13:25:36+08:00,confirmed
2011-12-20,15.715716361999512,15.811812400817871,15.71546459197998,15.775025367736816,15.62632942199707,95432472,Yahoo Finance,GOOGL,2026-09-18T13:25:36+08:00,confirmed
2011-12-21,15.766016006469727,15.811310768127441,15.48948860168457,15.661161422729492,15.51353931427002,99816084,Yahoo Finance,GOOGL,2026-09-18T13:25:36+08:00,confirmed
2011-12-22,15.71446418762207,15.809059143066406,15.690940856933594,15.758257865905762,15.609720230102539,72819108,Yahoo Finance,GOOGL,2026-09-18T13:25:36+08:00,confirmed
2011-12-23,15.815815925598145,15.882883071899414,15.779780387878418,15.844344139099121,15.69499683380127,58089852,Yahoo Finance,GOOGL,2026-09-18T13:25:36+08:00,confirmed
2011-12-27,15.81706714630127,16.12837791442871,15.815815925598145,16.02227210998535,15.871247291564941,64191744,Yahoo Finance,GOOGL,2026-09-18T13:25:36+08:00,confirmed
2011-12-28,16.084835052490234,16.141141891479492,15.968467712402344,16.008508682250977,15.857611656188965,85002912,Yahoo Finance,GOOGL,2026-09-18T13:25:36+08:00,confirmed
2011-12-29,16.053302764892578,16.09109115600586,15.895895957946777,16.07607650756836,15.924544334411621,62952984,Yahoo Finance,GOOGL,2026-09-18T13:25:36+08:00,confirmed
2011-12-30,16.066566467285156,16.185184478759766,16.066566467285156,16.163663864135742,16.011302947998047,71220708,Yahoo Finance,GOOGL,2026-09-18T13:25:36+08:00,confirmed
2012-01-03,16.339839935302734,16.720470428466797,16.325576782226562,16.651901245117188,16.494943618774414,146912940,Yahoo Finance,GOOGL,2026-09-18T13:25:36+08:00,confirmed
2012-01-04,16.642391204833984,16.77302360534668,16.532032012939453,16.723724365234375,16.56608772277832,114445440,Yahoo Finance,GOOGL,2026-09-18T13:25:36+08:00,confirmed
2012-01-05,16.569820404052734,16.61586570739746,16.42217254638672,16.491741180419922,16.336292266845703,131184684,Yahoo Finance,GOOGL,2026-09-18T13:25:36+08:00,confirmed
2012-01-06,16.4952449798584,16.516517639160156,16.261011123657227,16.266767501831055,16.113439559936523,107608284,Yahoo Finance,GOOGL,2026-09-18T13:25:36+08:00,confirmed
2012-01-09,16.178678512573242,16.191190719604492,15.546296119689941,15.57707691192627,15.430246353149414,232671096,Yahoo Finance,GOOGL,2026-09-18T13:25:36+08:00,confirmed
2012-01-10,15.759510040283203,15.860860824584961,15.438187599182129,15.594094276428223,15.447103500366211,175648176,Yahoo Finance,GOOGL,2026-09-18T13:25:36+08:00,confirmed
2012-01-11,15.603102684020996,15.750500679016113,15.543543815612793,15.664665222167969,15.517009735107422,95904000,Yahoo Finance,GOOGL,2026-09-18T13:25:36+08:00,confirmed
2012-01-12,15.796296119689941,15.838088035583496,15.678177833557129,15.756756782531738,15.608233451843262,74932992,Yahoo Finance,GOOGL,2026-09-18T13:25:36+08:00,confirmed
2012-01-13,15.672171592712402,15.689438819885254,15.542041778564453,15.640390396118164,15.492963790893555,92199708,Yahoo Finance,GOOGL,2026-09-18T13:25:36+08:00,confirmed
2012-01-17,15.815315246582031,15.815315246582031,15.657657623291016,15.730230331420898,15.581957817077637,76295628,Yahoo Finance,GOOGL,2026-09-18T13:25:36+08:00,confirmed
2012-01-18,15.68143081665039,15.865865707397461,15.56856918334961,15.83858871459961,15.68929672241211,110357532,Yahoo Finance,GOOGL,2026-09-18T13:25:36+08:00,confirmed
2012-01-19,16.040790557861328,16.040790557861328,15.802302360534668,16.0052547454834,15.854389190673828,251959788,Yahoo Finance,GOOGL,2026-09-18T13:25:36+08:00,confirmed
2012-01-20,14.778027534484863,14.789790153503418,14.55705738067627,14.664414405822754,14.526187896728516,422628948,Yahoo Finance,GOOGL,2026-09-18T13:25:36+08:00,confirmed
2012-01-23,14.664665222167969,14.731230735778809,14.59359359741211,14.652652740478516,14.51453685760498,136379484,Yahoo Finance,GOOGL,2026-09-18T13:25:36+08:00,confirmed
2012-01-24,14.672673225402832,14.706707000732422,14.46446418762207,14.537788391113281,14.400755882263184,122109768,Yahoo Finance,GOOGL,2026-09-18T13:25:36+08:00,confirmed
2012-01-25,14.452201843261719,14.482232093811035,14.173673629760742,14.25150203704834,14.117166519165039,199308492,Yahoo Finance,GOOGL,2026-09-18T13:25:36+08:00,confirmed
2012-01-26,14.313814163208008,14.376376152038574,14.127878189086914,14.216716766357422,14.082710266113281,128918952,Yahoo Finance,GOOGL,2026-09-18T13:25:36+08:00,confirmed
2012-01-27,14.283783912658691,14.522522926330566,14.247496604919434,14.51401424407959,14.377204895019531,144555300,Yahoo Finance,GOOGL,2026-09-18T13:25:36+08:00,confirmed
2012-01-30,14.465716361999512,14.514514923095703,14.349349021911621,14.456707000732422,14.320438385009766,93126780,Yahoo Finance,GOOGL,2026-09-18T13:25:36+08:00,confirmed
2012-01-31,14.589590072631836,14.614615440368652,14.393142700195312,14.517267227172852,14.380426406860352,85610304,Yahoo Finance,GOOGL,2026-09-18T13:25:36+08:00,confirmed
2012-02-01,14.638137817382812,14.652152061462402,14.492993354797363,14.535284996032715,14.398275375366211,92735172,Yahoo Finance,GOOGL,2026-09-18T13:25:36+08:00,confirmed
2012-02-02,14.636385917663574,14.674924850463867,14.566567420959473,14.6423921585083,14.504372596740723,96491412,Yahoo Finance,GOOGL,2026-09-18T13:25:36+08:00,confirmed
2012-02-03,14.781281471252441,14.941692352294922,14.71596622467041,14.923172950744629,14.78250789642334,126613260,Yahoo Finance,GOOGL,2026-09-18T13:25:36+08:00,confirmed
2012-02-06,14.89013957977295,15.286035537719727,14.86511516571045,15.242491722106934,15.09881591796875,147036816,Yahoo Finance,GOOGL,2026-09-18T13:25:36+08:00,confirmed
2012-02-07,15.193943977355957,15.25,15.109108924865723,15.184433937072754,15.041305541992188,83600316,Yahoo Finance,GOOGL,2026-09-18T13:25:36+08:00,confirmed
2012-02-08,15.231230735778809,15.299049377441406,15.133633613586426,15.26151180267334,15.117657661437988,73382544,Yahoo Finance,GOOGL,2026-09-18T13:25:36+08:00,confirmed
2012-02-09,15.315815925598145,15.377878189086914,15.240240097045898,15.301801681518555,15.157567977905273,90497412,Yahoo Finance,GOOGL,2026-09-18T13:25:36+08:00,confirmed
2012-02-10,15.212211608886719,15.218467712402344,15.11511516571045,15.16291332244873,15.019988059997559,92914992,Yahoo Finance,GOOGL,2026-09-18T13:25:36+08:00,confirmed
2012-02-13,15.277777671813965,15.361360549926758,15.265766143798828,15.320320129394531,15.175911903381348,72579348,Yahoo Finance,GOOGL,2026-09-18T13:25:36+08:00,confirmed
2012-02-14,15.303804397583008,15.315315246582031,15.134134292602539,15.259259223937988,15.115426063537598,72075852,Yahoo Finance,GOOGL,2026-09-18T13:25:36+08:00,confirmed
2012-02-15,15.33858871459961,15.33858871459961,15.079078674316406,15.154153823852539,15.011312484741211,96938964,Yahoo Finance,GOOGL,2026-09-18T13:25:36+08:00,confirmed
2012-02-16,15.085585594177246,15.235485076904297,14.958208084106445,15.178177833557129,15.035109519958496,101134764,Yahoo Finance,GOOGL,2026-09-18T13:25:36+08:00,confirmed
2012-02-17,15.139389038085938,15.20595645904541,15.075075149536133,15.131131172180176,14.988504409790039,97866036,Yahoo Finance,GOOGL,2026-09-18T13:25:36+08:00,confirmed
2012-02-21,15.111862182617188,15.462462425231934,15.08708667755127,15.365365028381348,15.220529556274414,99132768,Yahoo Finance,GOOGL,2026-09-18T13:25:36+08:00,confirmed
2012-02-22,15.314313888549805,15.434934616088867,15.18293285369873,15.213713645935059,15.07030963897705,78601320,Yahoo Finance,GOOGL,2026-09-18T13:25:36+08:00,confirmed
2012-02-23,15.190190315246582,15.213713645935059,15.023774147033691,15.16791820526123,15.024946212768555,82117800,Yahoo Finance,GOOGL,2026-09-18T13:25:36+08:00,confirmed
2012-02-24,15.198948860168457,15.306556701660156,15.152902603149414,15.262763023376465,15.118896484375,77346576,Yahoo Finance,GOOGL,2026-09-18T13:25:36+08:00,confirmed
2012-02-27,15.179929733276367,15.324323654174805,15.141641616821289,15.247998237609863,15.104269981384277,72483444,Yahoo Finance,GOOGL,2026-09-18T13:25:36+08:00,confirmed
2012-02-28,15.265265464782715,15.509759902954102,15.207206726074219,15.475225448608398,15.32935619354248,113790096,Yahoo Finance,GOOGL,2026-09-18T13:25:36+08:00,confirmed
2012-02-29,15.480480194091797,15.655655860900879,15.402902603149414,15.471721649169922,15.325885772705078,125350524,Yahoo Finance,GOOGL,2026-09-18T13:25:36+08:00,confirmed
2012-03-01,15.57207202911377,15.658158302307129,15.469219207763672,15.575575828552246,15.42876148223877,89418492,Yahoo Finance,GOOGL,2026-09-18T13:25:36+08:00,confirmed
2012-03-02,15.565566062927246,15.615615844726562,15.523524284362793,15.546796798706055,15.400254249572754,62869068,Yahoo Finance,GOOGL,2026-09-18T13:25:36+08:00,confirmed
2012-03-05,15.526275634765625,15.577828407287598,15.299799919128418,15.371622085571289,15.226729393005371,63668268,Yahoo Finance,GOOGL,2026-09-18T13:25:36+08:00,confirmed
2012-03-06,15.216465950012207,15.235485076904297,14.860860824584961,15.139139175415039,14.996438980102539,126849024,Yahoo Finance,GOOGL,2026-09-18T13:25:36+08:00,confirmed
2012-03-07,15.241491317749023,15.295044898986816,15.161662101745605,15.185185432434082,15.042048454284668,50529420,Yahoo Finance,GOOGL,2026-09-18T13:25:36+08:00,confirmed
2012-03-08,15.266265869140625,15.302803039550781,15.173924446105957,15.193694114685059,15.050477981567383,53766180,Yahoo Finance,GOOGL,2026-09-18T13:25:36+08:00,confirmed
2012-03-09,15.213964462280273,15.312812805175781,15.0150146484375,15.021270751953125,14.879681587219238,106717176,Yahoo Finance,GOOGL,2026-09-18T13:25:36+08:00,confirmed
2012-03-12,15.0150146484375,15.190190315246582,14.996496200561523,15.14389419555664,15.00114917755127,66693240,Yahoo Finance,GOOGL,2026-09-18T13:25:36+08:00,confirmed
2012-03-13,15.233983993530273,15.461711883544922,15.15390396118164,15.459959983825684,15.314234733581543,89742168,Yahoo Finance,GOOGL,2026-09-18T13:25:36+08:00,confirmed
2012-03-14,15.390390396118164,15.585084915161133,15.351852416992188,15.415164947509766,15.269861221313477,117358524,Yahoo Finance,GOOGL,2026-09-18T13:25:36+08:00,confirmed
2012-03-15,15.43043041229248,15.603102684020996,15.386136054992676,15.543793678283691,15.39727783203125,97306596,Yahoo Finance,GOOGL,2026-09-18T13:25:36+08:00,confirmed
2012-03-16,15.537788391113281,15.663413047790527,15.516766548156738,15.641641616821289,15.4942045211792,121897980,Yahoo Finance,GOOGL,2026-09-18T13:25:36+08:00,confirmed
2012-03-19,15.59359359741211,15.947697639465332,15.546546936035156,15.865365028381348,15.715818405151367,86825088,Yahoo Finance,GOOGL,2026-09-18T13:25:36+08:00,confirmed
2012-03-20,15.788788795471191,15.9174165725708,15.697446823120117,15.853102684020996,15.7036714553833,61558380,Yahoo Finance,GOOGL,2026-09-18T13:25:36+08:00,confirmed
2012-03-21,15.881131172180176,16.200950622558594,15.82857894897461,16.01551628112793,15.864555358886719,98685216,Yahoo Finance,GOOGL,2026-09-18T13:25:36+08:00,confirmed
2012-03-22,15.97847843170166,16.236236572265625,15.790790557861328,16.167417526245117,16.015026092529297,96311592,Yahoo Finance,GOOGL,2026-09-18T13:25:36+08:00,confirmed
2012-03-23,16.181180953979492,16.228729248046875,16.03853988647461,16.08083152770996,15.929254531860352,77530392,Yahoo Finance,GOOGL,2026-09-18T13:25:36+08:00,confirmed
2012-03-26,16.141141891479492,16.253503799438477,16.004505157470703,16.24949836730957,16.096328735351562,72695232,Yahoo Finance,GOOGL,2026-09-18T13:25:36+08:00,confirmed
2012-03-27,16.19194221496582,16.353853225708008,16.13613510131836,16.191692352294922,16.03907012939453,80207712,Yahoo Finance,GOOGL,2026-09-18T13:25:36+08:00,confirmed
2012-03-28,16.317066192626953,16.481231689453125,16.293292999267578,16.410409927368164,16.25572395324707,101454444,Yahoo Finance,GOOGL,2026-09-18T13:25:36+08:00,confirmed
2012-03-29,16.352352142333984,16.431180953979492,16.123624801635742,16.226476669311523,16.073524475097656,76895028,Yahoo Finance,GOOGL,2026-09-18T13:25:36+08:00,confirmed
2012-03-30,16.310060501098633,16.35360336303711,16.041040420532227,16.047046661376953,15.89578628540039,92335572,Yahoo Finance,GOOGL,2026-09-18T13:25:36+08:00,confirmed
2012-04-02,16.03528594970703,16.203704833984375,15.886886596679688,16.189189910888672,16.036588668823242,91276632,Yahoo Finance,GOOGL,2026-09-18T13:25:36+08:00,confirmed
2012-04-03,16.15140151977539,16.2149658203125,15.981982231140137,16.081581115722656,15.929998397827148,81714204,Yahoo Finance,GOOGL,2026-09-18T13:25:36+08:00,confirmed
2012-04-04,15.977227210998535,15.99099063873291,15.793292999267578,15.894644737243652,15.74482250213623,65038896,Yahoo Finance,GOOGL,2026-09-18T13:25:36+08:00,confirmed
2012-04-05,15.821822166442871,15.926676750183105,15.72998046875,15.823823928833008,15.674668312072754,92655252,Yahoo Finance,GOOGL,2026-09-18T13:25:36+08:00,confirmed
2012-04-09,15.727727890014648,15.899148941040039,15.647897720336914,15.786787033081055,15.637981414794922,87220692,Yahoo Finance,GOOGL,2026-09-18T13:25:36+08:00,confirmed
2012-04-10,15.853854179382324,15.878377914428711,15.629379272460938,15.687187194824219,15.539320945739746,99180720,Yahoo Finance,GOOGL,2026-09-18T13:25:36+08:00,confirmed
2012-04-11,15.86511516571045,15.915916442871094,15.798297882080078,15.914915084838867,15.764902114868164,87872040,Yahoo Finance,GOOGL,2026-09-18T13:25:36+08:00,confirmed
2012-04-12,16.074825286865234,16.344844818115234,16.022523880004883,16.291542053222656,16.13797378540039,230033736,Yahoo Finance,GOOGL,2026-09-18T13:25:36+08:00,confirmed
2012-04-13,16.204954147338867,16.240991592407227,15.604104042053223,15.630631446838379,15.483297348022461,326045628,Yahoo Finance,GOOGL,2026-09-18T13:25:36+08:00,confirmed
2012-04-16,15.590591430664062,15.610860824584961,15.056556701660156,15.166916847229004,15.02395248413086,227456316,Yahoo Finance,GOOGL,2026-09-18T13:25:36+08:00,confirmed
2012-04-17,15.229228973388672,15.457708358764648,15.19044017791748,15.254505157470703,15.1107177734375,120835044,Yahoo Finance,GOOGL,2026-09-18T13:25:36+08:00,confirmed
2012-04-18,15.216465950012207,15.335334777832031,15.085334777832031,15.201451301574707,15.058162689208984,106673220,Yahoo Finance,GOOGL,2026-09-18T13:25:36+08:00,confirmed
2012-04-19,15.1574068069458,15.421921730041504,14.989990234375,14.997496604919434,14.856128692626953,131652216,Yahoo Finance,GOOGL,2026-09-18T13:25:36+08:00,confirmed
2012-04-20,15.121371269226074,15.236486434936523,14.910660743713379,14.91641616821289,14.7758150100708,122213664,Yahoo Finance,GOOGL,2026-09-18T13:25:36+08:00,confirmed
2012-04-23,14.837336540222168,14.976225852966309,14.769769668579102,14.954955101013184,14.813987731933594,87824088,Yahoo Finance,GOOGL,2026-09-18T13:25:36+08:00,confirmed
2012-04-24,14.97097110748291,15.180931091308594,14.947948455810547,15.046796798706055,14.9049654006958,77086836,Yahoo Finance,GOOGL,2026-09-18T13:25:36+08:00,confirmed
2012-04-25,15.11511516571045,15.299049377441406,15.08708667755127,15.258257865905762,15.114433288574219,72771156,Yahoo Finance,GOOGL,2026-09-18T13:25:36+08:00,confirmed
2012-04-26,15.28803825378418,15.46546459197998,15.257758140563965,15.402152061462402,15.25697135925293,83616300,Yahoo Finance,GOOGL,2026-09-18T13:25:36+08:00,confirmed
2012-04-27,15.390891075134277,15.433934211730957,15.280280113220215,15.38988971710205,15.24482536315918,65390544,Yahoo Finance,GOOGL,2026-09-18T13:25:36+08:00,confirmed
2012-04-30,15.340089797973633,15.4174165725708,15.030280113220215,15.136385917663574,14.993709564208984,96195708,Yahoo Finance,GOOGL,2026-09-18T13:25:36+08:00,confirmed
2012-05-01,15.10986042022705,15.305304527282715,15.019769668579102,15.125876426696777,14.983302116394043,80011908,Yahoo Finance,GOOGL,2026-09-18T13:25:36+08:00,confirmed
2012-05-02,15.045044898986816,15.217967987060547,15.030280113220215,15.196697235107422,15.05345344543457,64395540,Yahoo Finance,GOOGL,2026-09-18T13:25:36+08:00,confirmed
2012-05-03,15.255756378173828,15.386136054992676,15.238988876342773,15.290790557861328,15.146658897399902,74645280,Yahoo Finance,GOOGL,2026-09-18T13:25:36+08:00,confirmed
2012-05-04,15.163163185119629,15.212462425231934,14.935185432434082,14.939188957214355,14.798372268676758,88207704,Yahoo Finance,GOOGL,2026-09-18T13:25:36+08:00,confirmed
2012-05-07,14.88988971710205,15.279529571533203,14.88988971710205,15.203953742980957,15.060641288757324,79700220,Yahoo Finance,GOOGL,2026-09-18T13:25:36+08:00,confirmed
2012-05-08,15.153403282165527,15.43793773651123,15.032532691955566,15.335084915161133,15.190537452697754,106984908,Yahoo Finance,GOOGL,2026-09-18T13:25:36+08:00,confirmed
2012-05-09,15.185686111450195,15.424924850463867,15.060310363769531,15.243993759155273,15.100303649902344,93058848,Yahoo Finance,GOOGL,2026-09-18T13:25:36+08:00,confirmed
2012-05-10,15.339339256286621,15.420169830322266,15.271020889282227,15.356857299804688,15.212103843688965,61374564,Yahoo Finance,GOOGL,2026-09-18T13:25:36+08:00,confirmed
2012-05-11,15.27402400970459,15.379129409790039,15.134384155273438,15.145895957946777,15.003129005432129,83892024,Yahoo Finance,GOOGL,2026-09-18T13:25:36+08:00,confirmed
2012-05-14,15.03453540802002,15.227727890014648,15.029529571533203,15.11511516571045,14.972640991210938,72903024,Yahoo Finance,GOOGL,2026-09-18T13:25:36+08:00,confirmed
2012-05-15,15.14889907836914,15.390390396118164,15.108859062194824,15.29304313659668,15.148889541625977,83999916,Yahoo Finance,GOOGL,2026-09-18T13:25:36+08:00,confirmed
2012-05-16,15.46446418762207,15.768267631530762,15.41391372680664,15.738988876342773,15.590633392333984,193210596,Yahoo Finance,GOOGL,2026-09-18T13:25:36+08:00,confirmed
2012-05-17,15.861612319946289,15.962211608886719,15.546296119689941,15.591841697692871,15.444873809814453,134017848,Yahoo Finance,GOOGL,2026-09-18T13:25:36+08:00,confirmed
2012-05-18,15.643142700195312,15.826326370239258,14.932432174682617,15.025025367736816,14.883399963378906,238701060,Yahoo Finance,GOOGL,2026-09-18T13:25:36+08:00,confirmed
2012-05-21,15.027777671813965,15.407657623291016,15.0150146484375,15.368118286132812,15.223258018493652,122892984,Yahoo Finance,GOOGL,2026-09-18T13:25:36+08:00,confirmed
2012-05-22,15.351350784301758,15.360610961914062,14.914915084838867,15.035035133361816,14.893314361572266,121953924,Yahoo Finance,GOOGL,2026-09-18T13:25:36+08:00,confirmed
2012-05-23,15.056305885314941,15.255254745483398,14.94294261932373,15.251751899719238,15.107989311218262,126996876,Yahoo Finance,GOOGL,2026-09-18T13:25:36+08:00,confirmed
2012-05-24,15.244243621826172,15.313312530517578,14.986737251281738,15.106607437133789,14.964214324951172,75576348,Yahoo Finance,GOOGL,2026-09-18T13:25:36+08:00,confirmed
2012-05-25,15.040040016174316,15.058307647705078,14.721721649169922,14.80305290222168,14.663519859313965,143132724,Yahoo Finance,GOOGL,2026-09-18T13:25:36+08:00,confirmed
2012-05-29,14.910160064697266,14.993243217468262,14.722723007202148,14.873373031616211,14.733177185058594,104123772,Yahoo Finance,GOOGL,2026-09-18T13:25:36+08:00,confirmed
2012-05-30,14.718718528747559,14.812312126159668,14.602852821350098,14.720470428466797,14.58171558380127,76191732,Yahoo Finance,GOOGL,2026-09-18T13:25:36+08:00,confirmed
2012-05-31,14.732732772827148,14.764764785766602,14.48948860168457,14.536035537719727,14.399020195007324,118613268,Yahoo Finance,GOOGL,2026-09-18T13:25:36+08:00,confirmed
2012-06-01,14.309059143066406,14.330580711364746,14.222972869873047,14.288788795471191,14.154101371765137,122193684,Yahoo Finance,GOOGL,2026-09-18T13:25:36+08:00,confirmed
2012-06-04,14.269769668579102,14.526777267456055,14.264514923095703,14.479228973388672,14.342748641967773,97210692,Yahoo Finance,GOOGL,2026-09-18T13:25:36+08:00,confirmed
2012-06-05,14.400650978088379,14.467718124389648,14.175926208496094,14.274524688720703,14.139974594116211,93502404,Yahoo Finance,GOOGL,2026-09-18T13:25:36+08:00,confirmed
2012-06-06,14.42642593383789,14.563814163208008,14.354604721069336,14.528779029846191,14.391830444335938,83748168,Yahoo Finance,GOOGL,2026-09-18T13:25:36+08:00,confirmed
2012-06-07,14.704705238342285,14.71196174621582,14.445695877075195,14.470219612121582,14.333823204040527,70269660,Yahoo Finance,GOOGL,2026-09-18T13:25:36+08:00,confirmed
2012-06-08,14.410660743713379,14.53954029083252,14.378878593444824,14.525775909423828,14.388855934143066,56359584,Yahoo Finance,GOOGL,2026-09-18T13:25:36+08:00,confirmed
2012-06-11,14.61987018585205,14.647647857666016,14.18143081665039,14.226726531982422,14.092626571655273,106337556,Yahoo Finance,GOOGL,2026-09-18T13:25:36+08:00,confirmed
2012-06-12,14.258508682250977,14.271772384643555,13.97847843170166,14.141641616821289,14.008341789245605,128839032,Yahoo Finance,GOOGL,2026-09-18T13:25:36+08:00,confirmed
2012-06-13,14.05705738067627,14.189188957214355,13.98098087310791,14.041291236877441,13.908936500549316,78089832,Yahoo Finance,GOOGL,2026-09-18T13:25:36+08:00,confirmed
2012-06-14,14.046546936035156,14.140891075134277,13.926926612854004,13.990240097045898,13.858367919921875,93702204,Yahoo Finance,GOOGL,2026-09-18T13:25:36+08:00,confirmed
2012-06-15,14.022522926330566,14.127126693725586,13.941190719604492,14.126876831054688,13.9937162399292,119927952,Yahoo Finance,GOOGL,2026-09-18T13:25:36+08:00,confirmed
2012-06-18,14.079580307006836,14.369620323181152,13.995244979858398,14.28553581237793,14.150879859924316,99776124,Yahoo Finance,GOOGL,2026-09-18T13:25:36+08:00,confirmed
2012-06-19,14.354104042053223,14.621622085571289,14.342342376708984,14.552803039550781,14.415627479553223,82964952,Yahoo Finance,GOOGL,2026-09-18T13:25:36+08:00,confirmed
2012-06-20,14.509759902954102,14.514514923095703,14.352102279663086,14.452201843261719,14.3159761428833,93774132,Yahoo Finance,GOOGL,2026-09-18T13:25:36+08:00,confirmed
2012-06-21,14.51051139831543,14.51051139831543,14.107357025146484,14.144393920898438,14.011070251464844,80371548,Yahoo Finance,GOOGL,2026-09-18T13:25:36+08:00,confirmed
2012-06-22,14.214214324951172,14.301301002502441,14.159660339355469,14.301301002502441,14.166497230529785,89026884,Yahoo Finance,GOOGL,2026-09-18T13:25:36+08:00,confirmed
2012-06-25,14.197446823120117,14.216465950012207,13.947697639465332,14.031532287597656,13.899271011352539,63200736,Yahoo Finance,GOOGL,2026-09-18T13:25:36+08:00,confirmed
2012-06-26,14.083083152770996,14.179179191589355,14.001001358032227,14.131131172180176,13.997933387756348,53953992,Yahoo Finance,GOOGL,2026-09-18T13:25:36+08:00,confirmed
2012-06-27,14.206707000732422,14.364113807678223,14.164665222167969,14.246747016906738,14.112457275390625,67624308,Yahoo Finance,GOOGL,2026-09-18T13:25:36+08:00,confirmed
2012-06-28,14.161662101745605,14.169919967651367,13.944193840026855,14.121871948242188,13.988759994506836,76759164,Yahoo Finance,GOOGL,2026-09-18T13:25:36+08:00,confirmed
2012-06-29,14.388387680053711,14.517767906188965,14.319318771362305,14.516265869140625,14.379434585571289,100679220,Yahoo Finance,GOOGL,2026-09-18T13:25:36+08:00,confirmed
2012-07-02,14.560059547424316,14.589590072631836,14.426926612854004,14.526275634765625,14.389350891113281,66153780,Yahoo Finance,GOOGL,2026-09-18T13:25:36+08:00,confirmed
2012-07-03,14.514764785766602,14.724974632263184,14.46446418762207,14.71045970916748,14.571800231933594,47532420,Yahoo Finance,GOOGL,2026-09-18T13:25:36+08:00,confirmed
2012-07-05,14.733734130859375,15.01651668548584,14.728227615356445,14.91291332244873,14.772344589233398,93742164,Yahoo Finance,GOOGL,2026-09-18T13:25:36+08:00,confirmed
2012-07-06,14.826075553894043,14.852852821350098,14.585084915161133,14.664163589477539,14.525938034057617,86385528,Yahoo Finance,GOOGL,2026-09-18T13:25:36+08:00,confirmed
2012-07-09,14.638387680053711,14.729729652404785,14.545796394348145,14.664915084838867,14.52668285369873,68535396,Yahoo Finance,GOOGL,2026-09-18T13:25:36+08:00,confirmed
2012-07-10,14.769519805908203,14.825575828552246,14.482982635498047,14.55705738067627,14.419842720031738,76847076,Yahoo Finance,GOOGL,2026-09-18T13:25:36+08:00,confirmed
2012-07-11,14.421921730041504,14.460710525512695,14.137638092041016,14.29404354095459,14.159307479858398,139832028,Yahoo Finance,GOOGL,2026-09-18T13:25:36+08:00,confirmed
2012-07-12,14.192192077636719,14.312562942504883,14.066315650939941,14.276275634765625,14.141706466674805,92299608,Yahoo Finance,GOOGL,2026-09-18T13:25:36+08:00,confirmed
2012-07-13,14.31806755065918,14.493243217468262,14.227977752685547,14.427427291870117,14.291435241699219,78960960,Yahoo Finance,GOOGL,2026-09-18T13:25:36+08:00,confirmed
2012-07-16,14.423673629760742,14.494243621826172,14.308809280395508,14.3873872756958,14.2517728805542,58445496,Yahoo Finance,GOOGL,2026-09-18T13:25:36+08:00,confirmed
2012-07-17,14.475225448608398,14.531281471252441,14.224224090576172,14.432682991027832,14.29664134979248,67136796,Yahoo Finance,GOOGL,2026-09-18T13:25:36+08:00,confirmed
2012-07-18,14.438939094543457,14.606857299804688,14.417668342590332,14.533534049987793,14.396540641784668,61866072,Yahoo Finance,GOOGL,2026-09-18T13:25:36+08:00,confirmed
2012-07-19,14.668168067932129,14.976977348327637,14.664665222167969,14.841341018676758,14.701445579528809,186801012,Yahoo Finance,GOOGL,2026-09-18T13:25:36+08:00,confirmed
2012-07-20,15.234233856201172,15.338838577270508,14.96946907043457,15.285785675048828,15.141702651977539,258289452,Yahoo Finance,GOOGL,2026-09-18T13:25:36+08:00,confirmed
2012-07-23,15.027027130126953,15.474224090576172,14.971220970153809,15.403153419494629,15.257963180541992,142325532,Yahoo Finance,GOOGL,2026-09-18T13:25:36+08:00,confirmed
2012-07-24,15.390390396118164,15.463713645935059,15.123623847961426,15.20445442199707,15.061136245727539,80295624,Yahoo Finance,GOOGL,2026-09-18T13:25:36+08:00,confirmed
2012-07-25,15.223222732543945,15.349849700927734,15.149398803710938,15.214964866638184,15.071550369262695,72847080,Yahoo Finance,GOOGL,2026-09-18T13:25:36+08:00,confirmed
2012-07-26,15.390390396118164,15.437187194824219,15.266016006469727,15.349349021911621,15.204665184020996,67340592,Yahoo Finance,GOOGL,2026-09-18T13:25:36+08:00,confirmed
2012-07-27,15.487737655639648,15.890891075134277,15.452953338623047,15.88988971710205,15.740111351013184,141846012,Yahoo Finance,GOOGL,2026-09-18T13:25:36+08:00,confirmed
2012-07-30,15.917166709899902,16.08108139038086,15.753252983093262,15.823323249816895,15.674173355102539,87380532,Yahoo Finance,GOOGL,2026-09-18T13:25:36+08:00,confirmed
2012-07-31,15.722222328186035,15.928427696228027,15.721220970153809,15.840089797973633,15.690783500671387,74549376,Yahoo Finance,GOOGL,2026-09-18T13:25:36+08:00,confirmed
2012-08-01,15.948448181152344,16.003753662109375,15.800299644470215,15.832833290100098,15.683595657348633,73710216,Yahoo Finance,GOOGL,2026-09-18T13:25:36+08:00,confirmed
2012-08-02,15.653403282165527,15.966716766357422,15.600851058959961,15.73448371887207,15.586170196533203,79028892,Yahoo Finance,GOOGL,2026-09-18T13:25:36+08:00,confirmed
2012-08-03,16.016016006469727,16.10910987854004,15.919419288635254,16.049299240112305,15.898018836975098,75808116,Yahoo Finance,GOOGL,2026-09-18T13:25:36+08:00,confirmed
2012-08-06,16.006256103515625,16.250751495361328,15.996496200561523,16.08658790588379,15.934956550598145,71224704,Yahoo Finance,GOOGL,2026-09-18T13:25:36+08:00,confirmed
2012-08-07,16.060810089111328,16.122623443603516,15.927678108215332,16.029529571533203,15.878436088562012,79192728,Yahoo Finance,GOOGL,2026-09-18T13:25:36+08:00,confirmed
2012-08-08,15.992241859436035,16.162912368774414,15.97847843170166,16.071821212768555,15.920328140258789,52835112,Yahoo Finance,GOOGL,2026-09-18T13:25:36+08:00,confirmed
2012-08-09,16.12887954711914,16.175424575805664,16.054054260253906,16.074825286865234,15.92330551147461,42769188,Yahoo Finance,GOOGL,2026-09-18T13:25:36+08:00,confirmed
2012-08-10,15.980731010437012,16.072071075439453,15.919169425964355,16.06606674194336,15.914627075195312,57326616,Yahoo Finance,GOOGL,2026-09-18T13:25:36+08:00,confirmed
2012-08-13,16.201702117919922,16.5202693939209,16.183183670043945,16.516767501831055,16.361083984375,130585284,Yahoo Finance,GOOGL,2026-09-18T13:25:36+08:00,confirmed
2012-08-14,16.49774742126465,16.83808708190918,16.491491317749023,16.733232498168945,16.575502395629883,146321532,Yahoo Finance,GOOGL,2026-09-18T13:25:36+08:00,confirmed
2012-08-15,16.773773193359375,16.873123168945312,16.61911964416504,16.7052059173584,16.547744750976562,96331572,Yahoo Finance,GOOGL,2026-09-18T13:25:36+08:00,confirmed
2012-08-16,16.70445442199707,16.882883071899414,16.693693161010742,16.83858871459961,16.67987060546875,68639292,Yahoo Finance,GOOGL,2026-09-18T13:25:36+08:00,confirmed
2012-08-17,16.869869232177734,16.948198318481445,16.809309005737305,16.945444107055664,16.785717010498047,87020892,Yahoo Finance,GOOGL,2026-09-18T13:25:36+08:00,confirmed
2012-08-20,16.904403686523438,16.988739013671875,16.833332061767578,16.905405044555664,16.746057510375977,70253676,Yahoo Finance,GOOGL,2026-09-18T13:25:36+08:00,confirmed
2012-08-21,16.844594955444336,16.96696662902832,16.57082176208496,16.754505157470703,16.596580505371094,88799112,Yahoo Finance,GOOGL,2026-09-18T13:25:36+08:00,confirmed
2012-08-22,16.701200485229492,17.032032012939453,16.68418312072754,16.94644546508789,16.78670883178711,76291632,Yahoo Finance,GOOGL,2026-09-18T13:25:36+08:00,confirmed
2012-08-23,16.873624801635742,17.029029846191406,16.791791915893555,16.93693733215332,16.777292251586914,71296632,Yahoo Finance,GOOGL,2026-09-18T13:25:36+08:00,confirmed
2012-08-24,16.906906127929688,17.028278350830078,16.86886978149414,16.98273277282715,16.82265281677246,57006936,Yahoo Finance,GOOGL,2026-09-18T13:25:36+08:00,confirmed
2012-08-27,16.591341018676758,16.816816329956055,16.49749755859375,16.74724769592285,16.589387893676758,104443452,Yahoo Finance,GOOGL,2026-09-18T13:25:36+08:00,confirmed
2012-08-28,16.64164161682129,16.957456588745117,16.635135650634766,16.948198318481445,16.78844451904297,82261656,Yahoo Finance,GOOGL,2026-09-18T13:25:36+08:00,confirmed
2012-08-29,16.951200485229492,17.241992950439453,16.920671463012695,17.217466354370117,17.05517578125,119492388,Yahoo Finance,GOOGL,2026-09-18T13:25:36+08:00,confirmed
2012-08-30,17.123123168945312,17.20195198059082,17.021522521972656,17.059059143066406,16.89826011657715,65010924,Yahoo Finance,GOOGL,2026-09-18T13:25:36+08:00,confirmed
2012-08-31,17.117116928100586,17.231731414794922,17.01801872253418,17.144393920898438,16.9827938079834,84998916,Yahoo Finance,GOOGL,2026-09-18T13:25:36+08:00,confirmed
2012-09-04,17.13088035583496,17.142141342163086,16.854354858398438,17.04304313659668,16.882394790649414,75508416,Yahoo Finance,GOOGL,2026-09-18T13:25:36+08:00,confirmed
2012-09-05,17.017017364501953,17.17967987060547,16.995494842529297,17.0350341796875,16.874462127685547,68259672,Yahoo Finance,GOOGL,2026-09-18T13:25:36+08:00,confirmed
2012-09-06,17.166166305541992,17.5147647857666,17.135385513305664,17.50250244140625,17.337526321411133,121618260,Yahoo Finance,GOOGL,2026-09-18T13:25:36+08:00,confirmed
2012-09-07,17.51751708984375,17.824073791503906,17.459209442138672,17.67142105102539,17.504850387573242,129190680,Yahoo Finance,GOOGL,2026-09-18T13:25:36+08:00,confirmed
2012-09-10,17.761762619018555,17.83808708190918,17.47722625732422,17.536787033081055,17.371482849121094,102297600,Yahoo Finance,GOOGL,2026-09-18T13:25:36+08:00,confirmed
2012-09-11,17.466466903686523,17.533784866333008,17.29229164123535,17.322071075439453,17.15879249572754,74877048,Yahoo Finance,GOOGL,2026-09-18T13:25:36+08:00,confirmed
2012-09-12,17.25250244140625,17.390140533447266,17.039039611816406,17.289289474487305,17.126319885253906,105586308,Yahoo Finance,GOOGL,2026-09-18T13:25:36+08:00,confirmed
2012-09-13,17.344594955444336,17.74274253845215,17.280780792236328,17.668668746948242,17.502120971679688,106253640,Yahoo Finance,GOOGL,2026-09-18T13:25:36+08:00,confirmed
2012-09-14,17.75775718688965,17.84284210205078,17.692943572998047,17.7597599029541,17.592357635498047,104635260,Yahoo Finance,GOOGL,2026-09-18T13:25:36+08:00,confirmed
2012-09-17,17.720470428466797,17.839839935302734,17.642642974853516,17.76726722717285,17.59979248046875,60271668,Yahoo Finance,GOOGL,2026-09-18T13:25:36+08:00,confirmed
2012-09-18,17.71221160888672,17.98448371887207,17.68718719482422,17.9749755859375,17.805543899536133,82589328,Yahoo Finance,GOOGL,2026-09-18T13:25:36+08:00,confirmed
2012-09-19,17.955455780029297,18.23223114013672,17.928178787231445,18.205705642700195,18.034101486206055,123808068,Yahoo Finance,GOOGL,2026-09-18T13:25:36+08:00,confirmed
2012-09-20,18.129880905151367,18.30280303955078,18.04854965209961,18.221221923828125,18.049468994140625,116179704,Yahoo Finance,GOOGL,2026-09-18T13:25:36+08:00,confirmed
2012-09-21,18.32357406616211,18.39139175415039,18.271270751953125,18.368118286132812,18.19498062133789,254109636,Yahoo Finance,GOOGL,2026-09-18T13:25:36+08:00,confirmed
2012-09-24,18.293292999267578,18.7697696685791,18.274524688720703,18.753253936767578,18.576486587524414,142409448,Yahoo Finance,GOOGL,2026-09-18T13:25:36+08:00,confirmed
2012-09-25,18.845094680786133,19.14139175415039,18.7102108001709,18.74774742126465,18.57103157043457,242097660,Yahoo Finance,GOOGL,2026-09-18T13:25:36+08:00,confirmed
2012-09-26,18.7650146484375,19.050050735473633,18.54354476928711,18.85535430908203,18.677621841430664,226689084,Yahoo Finance,GOOGL,2026-09-18T13:25:36+08:00,confirmed
2012-09-27,19.01776885986328,19.090089797973633,18.810060501098633,18.93143081665039,18.75298500061035,157086756,Yahoo Finance,GOOGL,2026-09-18T13:25:36+08:00,confirmed
2012-09-28,18.872623443603516,19.001501083374023,18.797548294067383,18.881380081176758,18.70340347290039,111228660,Yahoo Finance,GOOGL,2026-09-18T13:25:36+08:00,confirmed
2012-10-01,18.9952449798584,19.14414405822754,18.92417335510254,19.06356430053711,18.883872985839844,126593280,Yahoo Finance,GOOGL,2026-09-18T13:25:36+08:00,confirmed
2012-10-02,19.14914894104004,19.16891860961914,18.77552604675293,18.943693161010742,18.765132904052734,111496392,Yahoo Finance,GOOGL,2026-09-18T13:25:36+08:00,confirmed
2012-10-03,18.91191291809082,19.117116928100586,18.823823928833008,19.081581115722656,18.901718139648438,88243668,Yahoo Finance,GOOGL,2026-09-18T13:25:36+08:00,confirmed
2012-10-04,19.08783721923828,19.266517639160156,19.004003524780273,19.220470428466797,19.039297103881836,98069832,Yahoo Finance,GOOGL,2026-09-18T13:25:36+08:00,confirmed
2012-10-05,19.287036895751953,19.37887954711914,19.144393920898438,19.210460662841797,19.029380798339844,109326564,Yahoo Finance,GOOGL,2026-09-18T13:25:36+08:00,confirmed
2012-10-08,19.044044494628906,19.10860824584961,18.872623443603516,18.9649658203125,18.78620147705078,78265656,Yahoo Finance,GOOGL,2026-09-18T13:25:36+08:00,confirmed
2012-10-09,19.010761260986328,19.052051544189453,18.581832885742188,18.62087059020996,18.44535255432129,120007872,Yahoo Finance,GOOGL,2026-09-18T13:25:36+08:00,confirmed
2012-10-10,18.565065383911133,18.70695686340332,18.475725173950195,18.632633209228516,18.45700454711914,81514404,Yahoo Finance,GOOGL,2026-09-18T13:25:36+08:00,confirmed
2012-10-11,18.841341018676758,18.981481552124023,18.776025772094727,18.805805206298828,18.6285400390625,95260644,Yahoo Finance,GOOGL,2026-09-18T13:25:36+08:00,confirmed
2012-10-12,18.815065383911133,18.890640258789062,18.62112045288086,18.637386322021484,18.461708068847656,96071832,Yahoo Finance,GOOGL,2026-09-18T13:25:36+08:00,confirmed
2012-10-15,18.567066192626953,18.614364624023438,18.285785675048828,18.54304313659668,18.368261337280273,120643236,Yahoo Finance,GOOGL,2026-09-18T13:25:36+08:00,confirmed
2012-10-16,18.521772384643555,18.693443298339844,18.429929733276367,18.63613510131836,18.46047019958496,82245672,Yahoo Finance,GOOGL,2026-09-18T13:25:36+08:00,confirmed
2012-10-17,18.617366790771484,18.927427291870117,18.5250244140625,18.906156539916992,18.72794532775879,91624284,Yahoo Finance,GOOGL,2026-09-18T13:25:36+08:00,confirmed
2012-10-18,18.907407760620117,19.004505157470703,16.91691780090332,17.392391204833984,17.228452682495117,497198304,Yahoo Finance,GOOGL,2026-09-18T13:25:36+08:00,confirmed
2012-10-19,17.65715789794922,17.685184478759766,16.816816329956055,17.061811447143555,16.90098762512207,458828712,Yahoo Finance,GOOGL,2026-09-18T13:25:36+08:00,confirmed
2012-10-22,17.04229164123535,17.132883071899414,16.759258270263672,16.983734130859375,16.823650360107422,162061776,Yahoo Finance,GOOGL,2026-09-18T13:25:36+08:00,confirmed
2012-10-23,16.817066192626953,17.200450897216797,16.816816329956055,17.025775909423828,16.86528968811035,116547336,Yahoo Finance,GOOGL,2026-09-18T13:25:36+08:00,confirmed
2012-10-24,17.18718719482422,17.19219207763672,16.898649215698242,16.94944953918457,16.78968048095703,99760140,Yahoo Finance,GOOGL,2026-09-18T13:25:36+08:00,confirmed
2012-10-25,17.017017364501953,17.067066192626953,16.854604721069336,16.960960388183594,16.801082611083984,95947956,Yahoo Finance,GOOGL,2026-09-18T13:25:36+08:00,confirmed
2012-10-26,16.929428100585938,17.09284210205078,16.796796798706055,16.895645141601562,16.73638916015625,77953968,Yahoo Finance,GOOGL,2026-09-18T13:25:36+08:00,confirmed
2012-10-31,17.013513565063477,17.042041778564453,16.891891479492188,17.024524688720703,16.864051818847656,61418520,Yahoo Finance,GOOGL,2026-09-18T13:25:36+08:00,confirmed
2012-11-01,17.004505157470703,17.2897891998291,16.9849853515625,17.20695686340332,17.044763565063477,81921996,Yahoo Finance,GOOGL,2026-09-18T13:25:36+08:00,confirmed
2012-11-02,17.387136459350586,17.406156539916992,17.20145034790039,17.2152156829834,17.052946090698242,92883024,Yahoo Finance,GOOGL,2026-09-18T13:25:36+08:00,confirmed
2012-11-05,17.129629135131836,17.188688278198242,16.905906677246094,17.09109115600586,16.929990768432617,65370564,Yahoo Finance,GOOGL,2026-09-18T13:25:36+08:00,confirmed
2012-11-06,17.15415382385254,17.17967987060547,16.955705642700195,17.060060501098633,16.899253845214844,63248688,Yahoo Finance,GOOGL,2026-09-18T13:25:36+08:00,confirmed
2012-11-07,16.891891479492188,16.97272300720215,16.67892837524414,16.69469451904297,16.537330627441406,89202708,Yahoo Finance,GOOGL,2026-09-18T13:25:36+08:00,confirmed
2012-11-08,16.771772384643555,16.804054260253906,16.297046661376953,16.32357406616211,16.169710159301758,103776120,Yahoo Finance,GOOGL,2026-09-18T13:25:36+08:00,confirmed
2012-11-09,16.382633209228516,16.7252254486084,16.273773193359375,16.592342376708984,16.435941696166992,124439436,Yahoo Finance,GOOGL,2026-09-18T13:25:36+08:00,confirmed
2012-11-12,16.61035919189453,16.761762619018555,16.538288116455078,16.66416358947754,16.50708770751953,56179764,Yahoo Finance,GOOGL,2026-09-18T13:25:36+08:00,confirmed
2012-11-13,16.59159278869629,16.706707000732422,16.47222137451172,16.49274253845215,16.337282180786133,63704232,Yahoo Finance,GOOGL,2026-09-18T13:25:36+08:00,confirmed
2012-11-14,16.53303337097168,16.57107162475586,16.278778076171875,16.330080032348633,16.176149368286133,66669264,Yahoo Finance,GOOGL,2026-09-18T13:25:36+08:00,confirmed
2012-11-15,16.266265869140625,16.516517639160156,16.11361312866211,16.19769859313965,16.045019149780273,73882044,Yahoo Finance,GOOGL,2026-09-18T13:25:36+08:00,confirmed
2012-11-16,16.165916442871094,16.341842651367188,15.915916442871094,16.195695877075195,16.043033599853516,137390472,Yahoo Finance,GOOGL,2026-09-18T13:25:36+08:00,confirmed
2012-11-19,16.40890884399414,16.7397403717041,16.40465545654297,16.72197151184082,16.56435203552246,94633272,Yahoo Finance,GOOGL,2026-09-18T13:25:36+08:00,confirmed
2012-11-20,16.754505157470703,16.96696662902832,16.63088035583496,16.766016006469727,16.60797882080078,83464452,Yahoo Finance,GOOGL,2026-09-18T13:25:36+08:00,confirmed
2012-11-21,16.741491317749023,16.761762619018555,16.526527404785156,16.66341209411621,16.506343841552734,84403512,Yahoo Finance,GOOGL,2026-09-18T13:25:36+08:00,confirmed
2012-11-23,16.766016006469727,16.766767501831055,16.66916847229004,16.715965270996094,16.558401107788086,36863100,Yahoo Finance,GOOGL,2026-09-18T13:25:36+08:00,confirmed
2012-11-26,16.677677154541016,16.691692352294922,16.491992950439453,16.54529571533203,16.389341354370117,88095816,Yahoo Finance,GOOGL,2026-09-18T13:25:36+08:00,confirmed
2012-11-27,16.520771026611328,16.891891479492188,16.466466903686523,16.784534454345703,16.626319885253906,100247652,Yahoo Finance,GOOGL,2026-09-18T13:25:36+08:00,confirmed
2012-11-28,16.71696662902832,17.139890670776367,16.61386489868164,17.108858108520508,16.947589874267578,121558320,Yahoo Finance,GOOGL,2026-09-18T13:25:36+08:00,confirmed
2012-11-29,17.211711883544922,17.364864349365234,17.067066192626953,17.314565658569336,17.15135955810547,110948940,Yahoo Finance,GOOGL,2026-09-18T13:25:36+08:00,confirmed
2012-11-30,17.300050735473633,17.497997283935547,17.159408569335938,17.476726531982422,17.311992645263672,126417456,Yahoo Finance,GOOGL,2026-09-18T13:25:36+08:00,confirmed
2012-12-03,17.57357406616211,17.664915084838867,17.370119094848633,17.398649215698242,17.234651565551758,87612300,Yahoo Finance,GOOGL,2026-09-18T13:25:36+08:00,confirmed
2012-12-04,17.392391204833984,17.405155181884766,17.15966033935547,17.29304313659668,17.130037307739258,79588332,Yahoo Finance,GOOGL,2026-09-18T13:25:36+08:00,confirmed
2012-12-05,17.32107162475586,17.379880905151367,17.07532501220703,17.21271324157715,17.05046844482422,74421504,Yahoo Finance,GOOGL,2026-09-18T13:25:36+08:00,confirmed
2012-12-06,17.20695686340332,17.407657623291016,17.129880905151367,17.29554557800293,17.132518768310547,58433508,Yahoo Finance,GOOGL,2026-09-18T13:25:36+08:00,confirmed
2012-12-07,17.392391204833984,17.43943977355957,17.077577590942383,17.122371673583984,16.960975646972656,76695228,Yahoo Finance,GOOGL,2026-09-18T13:25:36+08:00,confirmed
2012-12-10,17.151901245117188,17.30855941772461,17.111862182617188,17.152652740478516,16.990970611572266,54613332,Yahoo Finance,GOOGL,2026-09-18T13:25:36+08:00,confirmed
2012-12-11,17.26726722717285,17.56556510925293,17.2102108001709,17.43943977355957,17.275054931640625,107396496,Yahoo Finance,GOOGL,2026-09-18T13:25:36+08:00,confirmed
2012-12-12,17.498247146606445,17.60535430908203,17.354354858398438,17.45645523071289,17.291912078857422,96942960,Yahoo Finance,GOOGL,2026-09-18T13:25:36+08:00,confirmed
2012-12-13,17.915916442871094,17.92967987060547,17.506256103515625,17.585084915161133,17.419326782226562,137658204,Yahoo Finance,GOOGL,2026-09-18T13:25:36+08:00,confirmed
2012-12-14,17.496746063232422,17.713212966918945,17.478227615356445,17.566566467285156,17.400983810424805,85118796,Yahoo Finance,GOOGL,2026-09-18T13:25:36+08:00,confirmed
2012-12-17,17.655155181884766,18.06606674194336,17.618118286132812,18.037538528442383,17.867515563964844,121294584,Yahoo Finance,GOOGL,2026-09-18T13:25:36+08:00,confirmed
2012-12-18,17.932933807373047,18.245746612548828,17.89414405822754,18.0447940826416,17.87470054626465,120075804,Yahoo Finance,GOOGL,2026-09-18T13:25:36+08:00,confirmed
2012-12-19,18.035785675048828,18.093093872070312,17.934934616088867,18.020771026611328,17.85090446472168,76667256,Yahoo Finance,GOOGL,2026-09-18T13:25:36+08:00,confirmed
2012-12-20,18.099599838256836,18.134384155273438,17.94219207763672,18.077077865600586,17.90668296813965,66213720,Yahoo Finance,GOOGL,2026-09-18T13:25:36+08:00,confirmed
2012-12-21,17.867116928100586,17.988487243652344,17.780780792236328,17.908658981323242,17.739852905273438,140898960,Yahoo Finance,GOOGL,2026-09-18T13:25:36+08:00,confirmed
2012-12-24,17.880630493164062,17.897396087646484,17.70445442199707,17.7552547454834,17.587894439697266,33602364,Yahoo Finance,GOOGL,2026-09-18T13:25:36+08:00,confirmed
2012-12-26,17.71946907043457,17.839839935302734,17.57782745361328,17.73948860168457,17.572277069091797,47248704,Yahoo Finance,GOOGL,2026-09-18T13:25:36+08:00,confirmed
2012-12-27,17.696195602416992,17.738739013671875,17.48273277282715,17.674924850463867,17.50832176208496,65830104,Yahoo Finance,GOOGL,2026-09-18T13:25:36+08:00,confirmed
2012-12-28,17.559810638427734,17.690439224243164,17.51776885986328,17.51776885986328,17.352645874023438,56023920,Yahoo Finance,GOOGL,2026-09-18T13:25:36+08:00,confirmed
2012-12-31,17.51751708984375,17.782032012939453,17.417417526245117,17.70220184326172,17.535341262817383,79816104,Yahoo Finance,GOOGL,2026-09-18T13:25:36+08:00,confirmed
2013-01-02,18.003503799438477,18.193193435668945,17.931682586669922,18.099348068237305,17.928741455078125,101550348,Yahoo Finance,GOOGL,2026-09-18T13:25:36+08:00,confirmed
2013-01-03,18.14139175415039,18.316566467285156,18.036035537719727,18.109859466552734,17.93915557861328,92635272,Yahoo Finance,GOOGL,2026-09-18T13:25:36+08:00,confirmed
2013-01-04,18.251752853393555,18.55530548095703,18.2102108001709,18.46771812438965,18.29364013671875,110429460,Yahoo Finance,GOOGL,2026-09-18T13:25:36+08:00,confirmed
2013-01-07,18.40465545654297,18.503002166748047,18.28278350830078,18.387136459350586,18.21381950378418,66161772,Yahoo Finance,GOOGL,2026-09-18T13:25:36+08:00,confirmed
2013-01-08,18.406906127929688,18.425926208496094,18.12887954711914,18.35085105895996,18.17787742614746,66976956,Yahoo Finance,GOOGL,2026-09-18T13:25:36+08:00,confirmed
2013-01-09,18.325075149536133,18.47722625732422,18.233232498168945,18.471471786499023,18.297361373901367,80907012,Yahoo Finance,GOOGL,2026-09-18T13:25:36+08:00,confirmed
2013-01-10,18.589338302612305,18.643644332885742,18.35585594177246,18.55555534362793,18.38064956665039,73354572,Yahoo Finance,GOOGL,2026-09-18T13:25:36+08:00,confirmed
2013-01-11,18.56856918334961,18.579328536987305,18.425926208496094,18.518268585205078,18.34371566772461,51356592,Yahoo Finance,GOOGL,2026-09-18T13:25:36+08:00,confirmed
2013-01-14,18.443443298339844,18.57357406616211,18.076826095581055,18.099348068237305,17.928741455078125,114441444,Yahoo Finance,GOOGL,2026-09-18T13:25:36+08:00,confirmed
2013-01-15,18.001251220703125,18.39339256286621,17.82032012939453,18.14139175415039,17.970388412475586,156950892,Yahoo Finance,GOOGL,2026-09-18T13:25:36+08:00,confirmed
2013-01-16,18.07807731628418,18.12662696838379,17.859609603881836,17.897647857666016,17.728944778442383,80855064,Yahoo Finance,GOOGL,2026-09-18T13:25:36+08:00,confirmed
2013-01-17,17.960710525512695,18.009008407592773,17.793292999267578,17.800800323486328,17.63300895690918,88371540,Yahoo Finance,GOOGL,2026-09-18T13:25:36+08:00,confirmed
2013-01-18,17.776777267456055,17.837087631225586,17.550800323486328,17.630380630493164,17.464195251464844,128942928,Yahoo Finance,GOOGL,2026-09-18T13:25:36+08:00,confirmed
2013-01-22,17.63413429260254,17.651151657104492,17.405405044555664,17.589338302612305,17.423542022705078,151544304,Yahoo Finance,GOOGL,2026-09-18T13:25:36+08:00,confirmed
2013-01-23,18.418167114257812,18.743743896484375,18.413162231445312,18.556055068969727,18.381147384643555,236127636,Yahoo Finance,GOOGL,2026-09-18T13:25:36+08:00,confirmed
2013-01-24,18.549549102783203,18.93968963623047,18.531280517578125,18.87412452697754,18.69621467590332,135172692,Yahoo Finance,GOOGL,2026-09-18T13:25:36+08:00,confirmed
2013-01-25,18.78803825378418,18.980981826782227,18.7750244140625,18.860610961914062,18.682828903198242,88946964,Yahoo Finance,GOOGL,2026-09-18T13:25:36+08:00,confirmed
2013-01-28,18.81281280517578,18.90890884399414,18.715965270996094,18.787036895751953,18.609947204589844,65018916,Yahoo Finance,GOOGL,2026-09-18T13:25:36+08:00,confirmed
2013-01-29,18.687437057495117,18.94269371032715,18.68218231201172,18.86086082458496,18.683076858520508,69814116,Yahoo Finance,GOOGL,2026-09-18T13:25:36+08:00,confirmed
2013-01-30,18.862361907958984,19.04279327392578,18.84159278869629,18.864614486694336,18.686798095703125,69250680,Yahoo Finance,GOOGL,2026-09-18T13:25:36+08:00,confirmed
2013-01-31,18.781532287597656,18.95945930480957,18.7750244140625,18.911161422729492,18.7329044342041,65302632,Yahoo Finance,GOOGL,2026-09-18T13:25:36+08:00,confirmed
2013-02-01,18.973974227905273,19.43443489074707,18.971471786499023,19.409408569335938,19.226455688476562,149694156,Yahoo Finance,GOOGL,2026-09-18T13:25:36+08:00,confirmed
2013-02-04,19.21146011352539,19.281030654907227,18.975725173950195,18.99449348449707,18.81545066833496,121498380,Yahoo Finance,GOOGL,2026-09-18T13:25:36+08:00,confirmed
2013-02-05,19.04729652404785,19.297046661376953,19.005756378173828,19.162662506103516,18.98203468322754,74753172,Yahoo Finance,GOOGL,2026-09-18T13:25:36+08:00,confirmed
2013-02-06,18.995746612548828,19.34334373474121,18.981481552124023,19.273523330688477,19.09185028076172,83040876,Yahoo Finance,GOOGL,2026-09-18T13:25:36+08:00,confirmed
2013-02-07,19.261762619018555,19.4897403717041,19.15665626525879,19.368118286132812,19.185556411743164,113494392,Yahoo Finance,GOOGL,2026-09-18T13:25:36+08:00,confirmed
2013-02-08,19.52277374267578,19.68643569946289,19.508508682250977,19.65390396118164,19.46864891052246,120683196,Yahoo Finance,GOOGL,2026-09-18T13:25:36+08:00,confirmed
2013-02-11,19.47947883605957,19.594594955444336,19.363113403320312,19.580080032348633,19.395519256591797,86625288,Yahoo Finance,GOOGL,2026-09-18T13:25:36+08:00,confirmed
2013-02-12,19.563312530517578,19.71721649169922,19.503753662109375,19.537036895751953,19.352882385253906,74285640,Yahoo Finance,GOOGL,2026-09-18T13:25:36+08:00,confirmed
2013-02-13,19.52277374267578,19.65340232849121,19.518768310546875,19.59109115600586,19.40642738342285,47880072,Yahoo Finance,GOOGL,2026-09-18T13:25:36+08:00,confirmed
2013-02-14,19.51276206970215,19.738237380981445,19.463714599609375,19.7152156829834,19.529376983642578,69342588,Yahoo Finance,GOOGL,2026-09-18T13:25:36+08:00,confirmed
2013-02-15,19.70470428466797,19.851350784301758,19.69644546508789,19.842092514038086,19.655061721801758,109082808,Yahoo Finance,GOOGL,2026-09-18T13:25:36+08:00,confirmed
2013-02-19,19.91967010498047,20.195194244384766,19.901901245117188,20.19144058227539,20.001115798950195,117154728,Yahoo Finance,GOOGL,2026-09-18T13:25:36+08:00,confirmed
2013-02-20,20.152652740478516,20.24449348449707,19.814565658569336,19.831331253051758,19.64440155029297,110457432,Yahoo Finance,GOOGL,2026-09-18T13:25:36+08:00,confirmed
2013-02-21,19.969970703125,20.15640640258789,19.80030059814453,19.908157348632812,19.720502853393555,140115744,Yahoo Finance,GOOGL,2026-09-18T13:25:36+08:00,confirmed
2013-02-22,20.001501083374023,20.051300048828125,19.864864349365234,20.01276206970215,19.824119567871094,82073844,Yahoo Finance,GOOGL,2026-09-18T13:25:36+08:00,confirmed
2013-02-25,20.077577590942383,20.230480194091797,19.782032012939453,19.789039611816406,19.60250473022461,92063844,Yahoo Finance,GOOGL,2026-09-18T13:25:36+08:00,confirmed
2013-02-26,19.894895553588867,19.918668746948242,19.629629135131836,19.77302360534668,19.586641311645508,88011900,Yahoo Finance,GOOGL,2026-09-18T13:25:36+08:00,confirmed
2013-02-27,19.889890670776367,20.13888931274414,19.797548294067383,20.014514923095703,19.825857162475586,80962956,Yahoo Finance,GOOGL,2026-09-18T13:25:36+08:00,confirmed
2013-02-28,20.047548294067383,20.194944381713867,20.045795440673828,20.050050735473633,19.861059188842773,90541368,Yahoo Finance,GOOGL,2026-09-18T13:25:36+08:00,confirmed
2013-03-01,19.9649658203125,20.198699951171875,19.923673629760742,20.174924850463867,19.984756469726562,86928984,Yahoo Finance,GOOGL,2026-09-18T13:25:36+08:00,confirmed
2013-03-04,20.152652740478516,20.59159278869629,20.145145416259766,20.55805778503418,20.364276885986328,110912976,Yahoo Finance,GOOGL,2026-09-18T13:25:36+08:00,confirmed
2013-03-05,20.743993759155273,21.0247745513916,20.743242263793945,20.985986709594727,20.78817367553711,161602236,Yahoo Finance,GOOGL,2026-09-18T13:25:36+08:00,confirmed
2013-03-06,21.046796798706055,21.12112045288086,20.740991592407227,20.80530548095703,20.609193801879883,114805080,Yahoo Finance,GOOGL,2026-09-18T13:25:36+08:00,confirmed
2013-03-07,20.872371673583984,20.93643569946289,20.7602596282959,20.83583641052246,20.63943862915039,82025892,Yahoo Finance,GOOGL,2026-09-18T13:25:36+08:00,confirmed
2013-03-08,20.88338279724121,20.89389419555664,20.646896362304688,20.808809280395508,20.6126651763916,116359524,Yahoo Finance,GOOGL,2026-09-18T13:25:36+08:00,confirmed
2013-03-11,20.81306266784668,21.013513565063477,20.808307647705078,20.89139175415039,20.694469451904297,63724212,Yahoo Finance,GOOGL,2026-09-18T13:25:36+08:00,confirmed
2013-03-12,20.78853988647461,20.81806755065918,20.612361907958984,20.710960388183594,20.51573944091797,80251668,Yahoo Finance,GOOGL,2026-09-18T13:25:36+08:00,confirmed
2013-03-13,20.718217849731445,20.78803825378418,20.578327178955078,20.65340232849121,20.458723068237305,65586348,Yahoo Finance,GOOGL,2026-09-18T13:25:36+08:00,confirmed
2013-03-14,20.695444107055664,20.695444107055664,20.4552059173584,20.559059143066406,20.365270614624023,65981952,Yahoo Finance,GOOGL,2026-09-18T13:25:36+08:00,confirmed
2013-03-15,20.482982635498047,20.52802848815918,20.353853225708008,20.377878189086914,20.18579864501953,123864012,Yahoo Finance,GOOGL,2026-09-18T13:25:36+08:00,confirmed
2013-03-18,20.145145416259766,20.339338302612305,20.056806564331055,20.2149658203125,20.024417877197266,73458468,Yahoo Finance,GOOGL,2026-09-18T13:25:36+08:00,confirmed
2013-03-19,20.301300048828125,20.501752853393555,20.18143081665039,20.303302764892578,20.11192512512207,83844072,Yahoo Finance,GOOGL,2026-09-18T13:25:36+08:00,confirmed
2013-03-20,20.441190719604492,20.458208084106445,20.306306838989258,20.388137817382812,20.19595718383789,58493448,Yahoo Finance,GOOGL,2026-09-18T13:25:36+08:00,confirmed
2013-03-21,20.302553176879883,20.443443298339844,20.266517639160156,20.301801681518555,20.11043930053711,59044896,Yahoo Finance,GOOGL,2026-09-18T13:25:36+08:00,confirmed
2013-03-22,20.38888931274414,20.40140151977539,20.261260986328125,20.27802848815918,20.086889266967773,59468472,Yahoo Finance,GOOGL,2026-09-18T13:25:36+08:00,confirmed
2013-03-25,20.330581665039062,20.501251220703125,20.190690994262695,20.261260986328125,20.07027816772461,68411520,Yahoo Finance,GOOGL,2026-09-18T13:25:36+08:00,confirmed
2013-03-26,20.357858657836914,20.370370864868164,20.2149658203125,20.33083152770996,20.139192581176758,47628324,Yahoo Finance,GOOGL,2026-09-18T13:25:36+08:00,confirmed
2013-03-27,20.18718719482422,20.195194244384766,20.053302764892578,20.08658790588379,19.897249221801758,86441472,Yahoo Finance,GOOGL,2026-09-18T13:25:36+08:00,confirmed
2013-03-28,20.119869232177734,20.154403686523438,19.852352142333984,19.874624252319336,19.687286376953125,91420488,Yahoo Finance,GOOGL,2026-09-18T13:25:36+08:00,confirmed
2013-04-01,19.895145416259766,20.076326370239258,19.85110092163086,20.049800872802734,19.86081314086914,72219708,Yahoo Finance,GOOGL,2026-09-18T13:25:36+08:00,confirmed
2013-04-02,20.133634567260742,20.391141891479492,20.120119094848633,20.346345901489258,20.15456199645996,81578340,Yahoo Finance,GOOGL,2026-09-18T13:25:36+08:00,confirmed
2013-04-03,20.356857299804688,20.375375747680664,20.036787033081055,20.175174713134766,19.98500633239746,69470460,Yahoo Finance,GOOGL,2026-09-18T13:25:36+08:00,confirmed
2013-04-04,20.126375198364258,20.16391372680664,19.80230140686035,19.89664649963379,19.7091007232666,97806096,Yahoo Finance,GOOGL,2026-09-18T13:25:36+08:00,confirmed
2013-04-05,19.671171188354492,19.69444465637207,19.429428100585938,19.59584617614746,19.4111328125,137218644,Yahoo Finance,GOOGL,2026-09-18T13:25:36+08:00,confirmed
2013-04-08,19.488237380981445,19.508258819580078,19.229228973388672,19.390640258789062,19.207862854003906,113170716,Yahoo Finance,GOOGL,2026-09-18T13:25:36+08:00,confirmed
2013-04-09,19.406906127929688,19.61336326599121,19.347097396850586,19.460710525512695,19.27727699279785,86205708,Yahoo Finance,GOOGL,2026-09-18T13:25:36+08:00,confirmed
2013-04-10,19.592592239379883,19.82857894897461,19.419418334960938,19.774274826049805,19.5878849029541,79064856,Yahoo Finance,GOOGL,2026-09-18T13:25:36+08:00,confirmed
2013-04-11,19.841842651367188,19.847347259521484,19.62112045288086,19.779529571533203,19.593088150024414,81066852,Yahoo Finance,GOOGL,2026-09-18T13:25:36+08:00,confirmed
2013-04-12,19.819570541381836,19.822322845458984,19.59284210205078,19.771020889282227,19.58466148376465,65402532,Yahoo Finance,GOOGL,2026-09-18T13:25:36+08:00,confirmed
2013-04-15,19.668418884277344,19.944944381713867,19.444944381713867,19.56781768798828,19.383371353149414,98025876,Yahoo Finance,GOOGL,2026-09-18T13:25:36+08:00,confirmed
2013-04-16,19.68443489074707,19.919919967651367,19.617618560791016,19.854103088378906,19.666955947875977,69610320,Yahoo Finance,GOOGL,2026-09-18T13:25:36+08:00,confirmed
2013-04-17,19.688438415527344,19.790790557861328,19.47197151184082,19.58358383178711,19.398988723754883,81398520,Yahoo Finance,GOOGL,2026-09-18T13:25:36+08:00,confirmed
2013-04-18,19.65340232849121,19.66466522216797,19.05055046081543,19.16691780090332,18.986249923706055,132767100,Yahoo Finance,GOOGL,2026-09-18T13:25:36+08:00,confirmed
2013-04-19,19.248247146606445,20.10610580444336,19.175676345825195,20.016767501831055,19.82809066772461,231895872,Yahoo Finance,GOOGL,2026-09-18T13:25:36+08:00,confirmed
2013-04-22,20.0350341796875,20.11911964416504,19.394393920898438,20.02277374267578,19.83403778076172,115220664,Yahoo Finance,GOOGL,2026-09-18T13:25:36+08:00,confirmed
2013-04-23,20.045045852661133,20.407907485961914,20.029029846191406,20.21771812438965,20.027143478393555,91600308,Yahoo Finance,GOOGL,2026-09-18T13:25:36+08:00,confirmed
2013-04-24,20.222972869873047,20.470470428466797,20.2202205657959,20.35660743713379,20.164724349975586,73090836,Yahoo Finance,GOOGL,2026-09-18T13:25:36+08:00,confirmed
2013-04-25,20.426677703857422,20.43218231201172,20.210960388183594,20.24774742126465,20.0568904876709,79608312,Yahoo Finance,GOOGL,2026-09-18T13:25:36+08:00,confirmed
2013-04-26,20.2102108001709,20.213714599609375,19.93443489074707,20.05555534362793,19.866514205932617,99408492,Yahoo Finance,GOOGL,2026-09-18T13:25:36+08:00,confirmed
2013-04-29,20.101350784301758,20.58808708190918,20.095094680786133,20.496997833251953,20.30379295349121,91939968,Yahoo Finance,GOOGL,2026-09-18T13:25:36+08:00,confirmed
2013-04-30,20.495494842529297,20.711711883544922,20.462461471557617,20.634885787963867,20.44038200378418,92175732,Yahoo Finance,GOOGL,2026-09-18T13:25:36+08:00,confirmed
2013-05-01,20.602102279663086,20.638639450073242,20.429428100585938,20.531280517578125,20.337749481201172,58141800,Yahoo Finance,GOOGL,2026-09-18T13:25:36+08:00,confirmed
2013-05-02,20.52302360534668,20.88463592529297,20.496746063232422,20.761011123657227,20.565317153930664,80651268,Yahoo Finance,GOOGL,2026-09-18T13:25:36+08:00,confirmed
2013-05-03,20.944944381713867,21.191190719604492,20.920921325683594,21.16416358947754,20.964670181274414,100403496,Yahoo Finance,GOOGL,2026-09-18T13:25:36+08:00,confirmed
2013-05-06,21.22772789001465,21.56781768798828,21.22772789001465,21.56031036376953,21.357084274291992,85566348,Yahoo Finance,GOOGL,2026-09-18T13:25:36+08:00,confirmed
2013-05-07,21.596847534179688,21.61836814880371,21.28803825378418,21.45220184326172,21.2499942779541,78281640,Yahoo Finance,GOOGL,2026-09-18T13:25:36+08:00,confirmed
2013-05-08,21.44644546508789,21.86886978149414,21.344093322753906,21.862613677978516,21.656536102294922,98633268,Yahoo Finance,GOOGL,2026-09-18T13:25:36+08:00,confirmed
2013-05-09,21.79279327392578,22.013513565063477,21.727476119995117,21.808809280395508,21.603239059448242,87935976,Yahoo Finance,GOOGL,2026-09-18T13:25:36+08:00,confirmed
2013-05-10,21.90465545654297,22.03553581237793,21.82582664489746,22.02777862548828,21.820144653320312,75832092,Yahoo Finance,GOOGL,2026-09-18T13:25:36+08:00,confirmed
2013-05-13,21.994243621826172,22.083833694458008,21.856355667114258,21.9602108001709,21.75321388244629,57882060,Yahoo Finance,GOOGL,2026-09-18T13:25:36+08:00,confirmed
2013-05-14,21.95945930480957,22.23948860168457,21.950450897216797,22.19969940185547,21.990446090698242,63108828,Yahoo Finance,GOOGL,2026-09-18T13:25:36+08:00,confirmed
2013-05-15,22.409910202026367,22.932432174682617,22.372873306274414,22.920169830322266,22.70412254333496,159276564,Yahoo Finance,GOOGL,2026-09-18T13:25:36+08:00,confirmed
2013-05-16,22.997997283935547,23.022523880004883,22.57282257080078,22.619369506835938,22.406158447265625,128255616,Yahoo Finance,GOOGL,2026-09-18T13:25:36+08:00,confirmed
2013-05-17,22.773273468017578,22.860109329223633,22.53553581237793,22.75225257873535,22.53779411315918,111568320,Yahoo Finance,GOOGL,2026-09-18T13:25:36+08:00,confirmed
2013-05-20,22.647647857666016,23.03803825378418,22.647647857666016,22.735986709594727,22.52167320251465,90817092,Yahoo Finance,GOOGL,2026-09-18T13:25:36+08:00,confirmed
2013-05-21,22.723222732543945,22.814313888549805,22.46271324157715,22.69694709777832,22.483003616333008,79240680,Yahoo Finance,GOOGL,2026-09-18T13:25:36+08:00,confirmed
2013-05-22,22.58658790588379,22.75550651550293,22.194194793701172,22.25775718688965,22.047954559326172,102321576,Yahoo Finance,GOOGL,2026-09-18T13:25:36+08:00,confirmed
2013-05-23,21.94694709777832,22.271270751953125,21.871871948242188,22.091842651367188,21.88360595703125,90912996,Yahoo Finance,GOOGL,2026-09-18T13:25:36+08:00,confirmed
2013-05-24,21.90340232849121,21.99249267578125,21.797046661376953,21.854854583740234,21.64885139465332,91780128,Yahoo Finance,GOOGL,2026-09-18T13:25:36+08:00,confirmed
2013-05-28,22.109609603881836,22.32582664489746,22.032032012939453,22.053804397583008,21.845928192138672,90209700,Yahoo Finance,GOOGL,2026-09-18T13:25:36+08:00,confirmed
2013-05-29,21.91466522216797,21.971721649169922,21.62887954711914,21.72947883605957,21.524656295776367,80455464,Yahoo Finance,GOOGL,2026-09-18T13:25:36+08:00,confirmed
2013-05-30,21.7697696685791,21.99449348449707,21.68193244934082,21.790790557861328,21.585390090942383,84743172,Yahoo Finance,GOOGL,2026-09-18T13:25:36+08:00,confirmed
2013-05-31,21.7247257232666,21.94694709777832,21.70970916748047,21.80230140686035,21.59679412841797,78697224,Yahoo Finance,GOOGL,2026-09-18T13:25:36+08:00,confirmed
2013-06-03,21.846847534179688,21.87112045288086,21.396896362304688,21.712461471557617,21.507801055908203,98928972,Yahoo Finance,GOOGL,2026-09-18T13:25:36+08:00,confirmed
2013-06-04,21.717967987060547,21.786537170410156,21.373123168945312,21.498998641967773,21.296350479125977,74669256,Yahoo Finance,GOOGL,2026-09-18T13:25:36+08:00,confirmed
2013-06-05,21.584333419799805,21.758007049560547,21.44969940185547,21.514013290405273,21.311222076416016,84187728,Yahoo Finance,GOOGL,2026-09-18T13:25:36+08:00,confirmed
2013-06-06,21.62912940979004,21.679929733276367,21.201702117919922,21.637638092041016,21.43368148803711,103060836,Yahoo Finance,GOOGL,2026-09-18T13:25:36+08:00,confirmed
2013-06-07,21.78228187561035,22.022022247314453,21.65465545654297,22.0152645111084,21.807750701904297,106877016,Yahoo Finance,GOOGL,2026-09-18T13:25:36+08:00,confirmed
2013-06-10,22.074575424194336,22.29729652404785,22.024274826049805,22.27777862548828,22.067787170410156,93418488,Yahoo Finance,GOOGL,2026-09-18T13:25:36+08:00,confirmed
2013-06-11,22.121370315551758,22.19719696044922,22.010009765625,22.01726722717285,21.80973243713379,70233696,Yahoo Finance,GOOGL,2026-09-18T13:25:36+08:00,confirmed
2013-06-12,22.158658981323242,22.17217254638672,21.76301383972168,21.821321487426758,21.61563491821289,88103808,Yahoo Finance,GOOGL,2026-09-18T13:25:36+08:00,confirmed
2013-06-13,21.746246337890625,22.013513565063477,21.65915870666504,21.94694709777832,21.74007225036621,82713204,Yahoo Finance,GOOGL,2026-09-18T13:25:36+08:00,confirmed
2013-06-14,22.024524688720703,22.13964080810547,21.875125885009766,21.897897720336914,21.691490173339844,89710200,Yahoo Finance,GOOGL,2026-09-18T13:25:36+08:00,confirmed
2013-06-17,22.00275230407715,22.258007049560547,21.978979110717773,22.178428649902344,21.969375610351562,85766148,Yahoo Finance,GOOGL,2026-09-18T13:25:36+08:00,confirmed
2013-06-18,22.238487243652344,22.547548294067383,22.230981826782227,22.53803825378418,22.32559585571289,86589324,Yahoo Finance,GOOGL,2026-09-18T13:25:36+08:00,confirmed
2013-06-19,22.556806564331055,22.793794631958008,22.4599609375,22.539539337158203,22.32708168029785,116519364,Yahoo Finance,GOOGL,2026-09-18T13:25:36+08:00,confirmed
2013-06-20,22.372121810913086,22.547548294067383,22.104854583740234,22.140640258789062,21.931943893432617,134745120,Yahoo Finance,GOOGL,2026-09-18T13:25:36+08:00,confirmed
2013-06-21,22.230730056762695,22.269269943237305,21.84859848022461,22.04529571533203,21.837495803833008,159132708,Yahoo Finance,GOOGL,2026-09-18T13:25:36+08:00,confirmed
2013-06-24,21.818819046020508,21.929929733276367,21.602853775024414,21.766517639160156,21.56134605407715,120555324,Yahoo Finance,GOOGL,2026-09-18T13:25:36+08:00,confirmed
2013-06-25,21.953453063964844,22.014013290405273,21.634384155273438,21.676677703857422,21.472354888916016,102025872,Yahoo Finance,GOOGL,2026-09-18T13:25:36+08:00,confirmed
2013-06-26,21.865615844726562,21.97197151184082,21.786035537719727,21.863113403320312,21.657032012939453,73182744,Yahoo Finance,GOOGL,2026-09-18T13:25:36+08:00,confirmed
2013-06-27,21.991992950439453,22.139389038085938,21.938188552856445,21.948699951171875,21.74180793762207,76982940,Yahoo Finance,GOOGL,2026-09-18T13:25:36+08:00,confirmed
2013-06-28,21.894393920898438,22.06806755065918,21.87662696838379,22.031280517578125,21.823612213134766,93878028,Yahoo Finance,GOOGL,2026-09-18T13:25:36+08:00,confirmed
2013-07-01,22.183433532714844,22.324323654174805,22.147146224975586,22.219219207763672,22.00977897644043,68923008,Yahoo Finance,GOOGL,2026-09-18T13:25:36+08:00,confirmed
2013-07-02,22.27727699279785,22.29729652404785,21.953704833984375,22.079830169677734,21.871707916259766,75584340,Yahoo Finance,GOOGL,2026-09-18T13:25:36+08:00,confirmed
2013-07-03,22.019519805908203,22.251501083374023,21.98448371887207,22.182933807373047,21.97383689880371,41838120,Yahoo Finance,GOOGL,2026-09-18T13:25:36+08:00,confirmed
2013-07-05,22.272523880004883,22.407657623291016,22.205705642700195,22.359609603881836,22.148849487304688,68007924,Yahoo Finance,GOOGL,2026-09-18T13:25:36+08:00,confirmed
2013-07-08,22.50275230407715,22.679428100585938,22.44944953918457,22.649900436401367,22.436403274536133,78701220,Yahoo Finance,GOOGL,2026-09-18T13:25:36+08:00,confirmed
2013-07-09,22.79779815673828,22.84659767150879,22.47197151184082,22.653654098510742,22.440122604370117,79096824,Yahoo Finance,GOOGL,2026-09-18T13:25:36+08:00,confirmed
2013-07-10,22.608858108520508,22.801300048828125,22.532032012939453,22.672422409057617,22.45871353149414,68267664,Yahoo Finance,GOOGL,2026-09-18T13:25:36+08:00,confirmed
2013-07-11,22.847848892211914,23.043292999267578,22.735736846923828,23.029029846191406,22.81195831298828,103264632,Yahoo Finance,GOOGL,2026-09-18T13:25:36+08:00,confirmed
2013-07-12,23.02302360534668,23.098098754882812,22.90390396118164,23.098098754882812,22.88037872314453,102625272,Yahoo Finance,GOOGL,2026-09-18T13:25:36+08:00,confirmed
2013-07-15,23.130630493164062,23.223222732543945,22.93193244934082,23.140390396118164,22.922269821166992,78341580,Yahoo Finance,GOOGL,2026-09-18T13:25:36+08:00,confirmed
2013-07-16,23.20145034790039,23.222471237182617,22.870370864868164,23.013263702392578,22.796337127685547,79240680,Yahoo Finance,GOOGL,2026-09-18T13:25:36+08:00,confirmed
2013-07-17,23.04804801940918,23.19469451904297,22.930429458618164,22.986736297607422,22.770061492919922,60183756,Yahoo Finance,GOOGL,2026-09-18T13:25:36+08:00,confirmed
2013-07-18,22.99774742126465,23.02302360534668,22.602352142333984,22.7897891998291,22.57497215270996,145234620,Yahoo Finance,GOOGL,2026-09-18T13:25:36+08:00,confirmed
2013-07-19,22.187437057495117,22.596345901489258,21.91216278076172,22.437437057495117,22.225940704345703,294077628,Yahoo Finance,GOOGL,2026-09-18T13:25:36+08:00,confirmed
2013-07-22,22.572572708129883,22.839590072631836,22.447446823120117,22.79029083251953,22.575471878051758,116011872,Yahoo Finance,GOOGL,2026-09-18T13:25:36+08:00,confirmed
2013-07-23,22.79029083251953,22.847848892211914,22.511762619018555,22.617618560791016,22.4044246673584,81746172,Yahoo Finance,GOOGL,2026-09-18T13:25:36+08:00,confirmed
2013-07-24,22.704204559326172,22.7802791595459,22.5400390625,22.595094680786133,22.382110595703125,83056860,Yahoo Finance,GOOGL,2026-09-18T13:25:36+08:00,confirmed
2013-07-25,22.36911964416504,22.443693161010742,22.17417335510254,22.21471405029297,22.005319595336914,119923956,Yahoo Finance,GOOGL,2026-09-18T13:25:36+08:00,confirmed
2013-07-26,22.19694709777832,22.272022247314453,22.072071075439453,22.155906677246094,21.94706153869629,71036892,Yahoo Finance,GOOGL,2026-09-18T13:25:36+08:00,confirmed
2013-07-29,22.14464569091797,22.392892837524414,22.044294357299805,22.078828811645508,21.870712280273438,75600324,Yahoo Finance,GOOGL,2026-09-18T13:25:36+08:00,confirmed
2013-07-30,22.158658981323242,22.412662506103516,22.043794631958008,22.29529571533203,22.085142135620117,70153776,Yahoo Finance,GOOGL,2026-09-18T13:25:36+08:00,confirmed
2013-07-31,22.347097396850586,22.435184478759766,22.176677703857422,22.215965270996094,22.006555557250977,86853060,Yahoo Finance,GOOGL,2026-09-18T13:25:36+08:00,confirmed
2013-08-01,22.397396087646484,22.63638687133789,22.397396087646484,22.628128051757812,22.41483497619629,85450464,Yahoo Finance,GOOGL,2026-09-18T13:25:36+08:00,confirmed
2013-08-02,22.60860824584961,22.69769859313965,22.54304313659668,22.68693733215332,22.47309112548828,68487444,Yahoo Finance,GOOGL,2026-09-18T13:25:36+08:00,confirmed
2013-08-05,22.657407760620117,22.660661697387695,22.50250244140625,22.647647857666016,22.43416976928711,52335612,Yahoo Finance,GOOGL,2026-09-18T13:25:36+08:00,confirmed
2013-08-06,22.639890670776367,22.76551628112793,22.415666580200195,22.436687469482422,22.22519874572754,60183756,Yahoo Finance,GOOGL,2026-09-18T13:25:36+08:00,confirmed
2013-08-07,22.39839744567871,22.483734130859375,22.24949836730957,22.28853988647461,22.078453063964844,55112832,Yahoo Finance,GOOGL,2026-09-18T13:25:36+08:00,confirmed
2013-08-08,22.40966033935547,22.418418884277344,22.154403686523438,22.338838577270508,22.128267288208008,59460480,Yahoo Finance,GOOGL,2026-09-18T13:25:36+08:00,confirmed
2013-08-09,22.286285400390625,22.410409927368164,22.27227210998535,22.282533645629883,22.072498321533203,52895052,Yahoo Finance,GOOGL,2026-09-18T13:25:36+08:00,confirmed
2013-08-12,22.19469451904297,22.19719696044922,22.063312530517578,22.159910202026367,21.951030731201172,55024920,Yahoo Finance,GOOGL,2026-09-18T13:25:36+08:00,confirmed
2013-08-13,22.192943572998047,22.2347354888916,21.92692756652832,22.053302764892578,21.845428466796875,56735208,Yahoo Finance,GOOGL,2026-09-18T13:25:36+08:00,confirmed
2013-08-14,21.981231689453125,22.02777862548828,21.700700759887695,21.767017364501953,21.56184196472168,83204712,Yahoo Finance,GOOGL,2026-09-18T13:25:36+08:00,confirmed
2013-08-15,21.632633209228516,21.64464569091797,21.471471786499023,21.51301383972168,21.31023406982422,74693232,Yahoo Finance,GOOGL,2026-09-18T13:25:36+08:00,confirmed
2013-08-16,21.55355453491211,21.582582473754883,21.434934616088867,21.444194793701172,21.242061614990234,66936996,Yahoo Finance,GOOGL,2026-09-18T13:25:36+08:00,confirmed
2013-08-19,21.464214324951172,21.821821212768555,21.45770835876465,21.662912368774414,21.458717346191406,72363564,Yahoo Finance,GOOGL,2026-09-18T13:25:36+08:00,confirmed
2013-08-20,21.730480194091797,21.824575424194336,21.610109329223633,21.65715789794922,21.453018188476562,49270680,Yahoo Finance,GOOGL,2026-09-18T13:25:36+08:00,confirmed
2013-08-21,21.78803825378418,21.94469451904297,21.68418312072754,21.7550048828125,21.549943923950195,70221708,Yahoo Finance,GOOGL,2026-09-18T13:25:36+08:00,confirmed
2013-08-22,21.839338302612305,21.890640258789062,21.77802848815918,21.864614486694336,21.658519744873047,34761204,Yahoo Finance,GOOGL,2026-09-18T13:25:36+08:00,confirmed
2013-08-23,21.96771812438965,21.97197151184082,21.76551628112793,21.777027130126953,21.571752548217773,43040916,Yahoo Finance,GOOGL,2026-09-18T13:25:36+08:00,confirmed
2013-08-26,21.771772384643555,21.894393920898438,21.672922134399414,21.68143081665039,21.47705841064453,42057900,Yahoo Finance,GOOGL,2026-09-18T13:25:36+08:00,confirmed
2013-08-27,21.512012481689453,21.614864349365234,21.218719482421875,21.2750244140625,21.074485778808594,69294636,Yahoo Finance,GOOGL,2026-09-18T13:25:36+08:00,confirmed
2013-08-28,21.277528762817383,21.40665626525879,21.215465545654297,21.2349853515625,21.034826278686523,53142804,Yahoo Finance,GOOGL,2026-09-18T13:25:36+08:00,confirmed
2013-08-29,21.247997283935547,21.531030654907227,21.235986709594727,21.40715789794922,21.20537567138672,59080860,Yahoo Finance,GOOGL,2026-09-18T13:25:36+08:00,confirmed
2013-08-30,21.415414810180664,21.472471237182617,21.160160064697266,21.193693161010742,20.993925094604492,74389536,Yahoo Finance,GOOGL,2026-09-18T13:25:36+08:00,confirmed
2013-09-03,21.380380630493164,21.67642593383789,21.370119094848633,21.531030654907227,21.328081130981445,81822096,Yahoo Finance,GOOGL,2026-09-18T13:25:36+08:00,confirmed
2013-09-04,21.5302791595459,21.859359741210938,21.400651931762695,21.812562942504883,21.606958389282227,81566352,Yahoo Finance,GOOGL,2026-09-18T13:25:36+08:00,confirmed
2013-09-05,21.859359741210938,22.019018173217773,21.812061309814453,22.011011123657227,21.80353546142578,51600348,Yahoo Finance,GOOGL,2026-09-18T13:25:36+08:00,confirmed
2013-09-06,22.08308219909668,22.11661720275879,21.86536407470703,22.011512756347656,21.804033279418945,62401536,Yahoo Finance,GOOGL,2026-09-18T13:25:36+08:00,confirmed
2013-09-09,22.11536407470703,22.266016006469727,22.082582473754883,22.223472595214844,22.01399803161621,49334616,Yahoo Finance,GOOGL,2026-09-18T13:25:36+08:00,confirmed
2013-09-10,22.27277374267578,22.322322845458984,22.122121810913086,22.238988876342773,22.029361724853516,51452496,Yahoo Finance,GOOGL,2026-09-18T13:25:36+08:00,confirmed
2013-09-11,22.235736846923828,22.446697235107422,22.17417335510254,22.42717742919922,22.21578025817871,64359576,Yahoo Finance,GOOGL,2026-09-18T13:25:36+08:00,confirmed
2013-09-12,22.457456588745117,22.469970703125,22.272523880004883,22.348848342895508,22.138187408447266,43776180,Yahoo Finance,GOOGL,2026-09-18T13:25:36+08:00,confirmed
2013-09-13,22.384885787963867,22.414413452148438,22.143142700195312,22.248998641967773,22.039276123046875,52962984,Yahoo Finance,GOOGL,2026-09-18T13:25:36+08:00,confirmed
2013-09-16,22.427427291870117,22.447446823120117,22.14389419555664,22.216215133666992,22.006803512573242,53406540,Yahoo Finance,GOOGL,2026-09-18T13:25:36+08:00,confirmed
2013-09-17,22.207456588745117,22.23198127746582,22.047046661376953,22.174924850463867,21.96590232849121,50325624,Yahoo Finance,GOOGL,2026-09-18T13:25:36+08:00,confirmed
2013-09-18,22.180931091308594,22.621871948242188,22.098848342895508,22.605606079101562,22.392526626586914,77310612,Yahoo Finance,GOOGL,2026-09-18T13:25:36+08:00,confirmed
2013-09-19,22.672422409057617,22.672422409057617,22.407407760620117,22.48223114013672,22.270315170288086,63852084,Yahoo Finance,GOOGL,2026-09-18T13:25:36+08:00,confirmed
2013-09-20,22.48223114013672,22.62587547302246,22.412912368774414,22.60034942626953,22.38732147216797,173638188,Yahoo Finance,GOOGL,2026-09-18T13:25:36+08:00,confirmed
2013-09-23,22.426176071166992,22.56231117248535,22.152151107788086,22.18468475341797,21.975570678710938,71024904,Yahoo Finance,GOOGL,2026-09-18T13:25:36+08:00,confirmed
2013-09-24,22.18468475341797,22.2747745513916,22.057056427001953,22.193193435668945,21.9840030670166,59412528,Yahoo Finance,GOOGL,2026-09-18T13:25:36+08:00,confirmed
2013-09-25,22.185935974121094,22.185935974121094,21.91191291809082,21.95270347595215,21.745777130126953,65894040,Yahoo Finance,GOOGL,2026-09-18T13:25:36+08:00,confirmed
2013-09-26,21.97947883605957,22.09084129333496,21.896896362304688,21.976226806640625,21.769081115722656,50345604,Yahoo Finance,GOOGL,2026-09-18T13:25:36+08:00,confirmed
2013-09-27,21.892391204833984,21.9599609375,21.804555892944336,21.931682586669922,21.724952697753906,50301648,Yahoo Finance,GOOGL,2026-09-18T13:25:36+08:00,confirmed
2013-09-30,21.748748779296875,22.04304313659668,21.72947883605957,21.91967010498047,21.713056564331055,68827104,Yahoo Finance,GOOGL,2026-09-18T13:25:36+08:00,confirmed
2013-10-01,22.028278350830078,22.213964462280273,22.023273468017578,22.19719696044922,21.987966537475586,67324608,Yahoo Finance,GOOGL,2026-09-18T13:25:36+08:00,confirmed
2013-10-02,22.09033966064453,22.256256103515625,21.967466354370117,22.22197151184082,22.012508392333984,59752188,Yahoo Finance,GOOGL,2026-09-18T13:25:36+08:00,confirmed
2013-10-03,22.22222137451172,22.374874114990234,21.824323654174805,21.92417335510254,21.717517852783203,84595320,Yahoo Finance,GOOGL,2026-09-18T13:25:36+08:00,confirmed
2013-10-04,21.896896362304688,21.95970916748047,21.771772384643555,21.830581665039062,21.624807357788086,54265680,Yahoo Finance,GOOGL,2026-09-18T13:25:36+08:00,confirmed
2013-10-07,21.707958221435547,21.87162208557129,21.624374389648438,21.665164947509766,21.460948944091797,51692256,Yahoo Finance,GOOGL,2026-09-18T13:25:36+08:00,confirmed
2013-10-08,21.65465545654297,21.671171188354492,21.312061309814453,21.363113403320312,21.161746978759766,77670252,Yahoo Finance,GOOGL,2026-09-18T13:25:36+08:00,confirmed
2013-10-09,21.428428649902344,21.58783721923828,21.095596313476562,21.417917251586914,21.216032028198242,105945948,Yahoo Finance,GOOGL,2026-09-18T13:25:36+08:00,confirmed
2013-10-10,21.617618560791016,21.74249267578125,21.526777267456055,21.72772789001465,21.522924423217773,90121788,Yahoo Finance,GOOGL,2026-09-18T13:25:36+08:00,confirmed
2013-10-11,21.672422409057617,21.858858108520508,21.65415382385254,21.821571350097656,21.615882873535156,56299644,Yahoo Finance,GOOGL,2026-09-18T13:25:36+08:00,confirmed
2013-10-14,21.688188552856445,21.928178787231445,21.65640640258789,21.92467498779297,21.718015670776367,49694256,Yahoo Finance,GOOGL,2026-09-18T13:25:36+08:00,confirmed
2013-10-15,21.915916442871094,22.162912368774414,21.871871948242188,22.072322845458984,21.864267349243164,63612324,Yahoo Finance,GOOGL,2026-09-18T13:25:36+08:00,confirmed
2013-10-16,22.16891860961914,22.480730056762695,22.122371673583984,22.473222732543945,22.261388778686523,80223696,Yahoo Finance,GOOGL,2026-09-18T13:25:36+08:00,confirmed
2013-10-17,22.347097396850586,22.444944381713867,22.165414810180664,22.241992950439453,22.03234100341797,170093736,Yahoo Finance,GOOGL,2026-09-18T13:25:36+08:00,confirmed
2013-10-18,24.43893814086914,25.41191291809082,24.374374389648438,25.31056022644043,25.071985244750977,462193344,Yahoo Finance,GOOGL,2026-09-18T13:25:36+08:00,confirmed
2013-10-21,25.311811447143555,25.50050163269043,25.013763427734375,25.107608795166016,24.870946884155273,144986868,Yahoo Finance,GOOGL,2026-09-18T13:25:36+08:00,confirmed
2013-10-22,25.150150299072266,25.35034942626953,24.91967010498047,25.200199127197266,24.962663650512695,88255656,Yahoo Finance,GOOGL,2026-09-18T13:25:36+08:00,confirmed
2013-10-23,25.050050735473633,25.89464569091797,25.040790557861328,25.81106185913086,25.567764282226562,106421472,Yahoo Finance,GOOGL,2026-09-18T13:25:36+08:00,confirmed
2013-10-24,25.822572708129883,26.04029083251953,25.645645141601562,25.664413452148438,25.422500610351562,83600316,Yahoo Finance,GOOGL,2026-09-18T13:25:36+08:00,confirmed
2013-10-25,25.746246337890625,25.746246337890625,25.293794631958008,25.405405044555664,25.165935516357422,81138780,Yahoo Finance,GOOGL,2026-09-18T13:25:36+08:00,confirmed
2013-10-28,25.405405044555664,25.611360549926758,25.350099563598633,25.400400161743164,25.160978317260742,46301652,Yahoo Finance,GOOGL,2026-09-18T13:25:36+08:00,confirmed
2013-10-29,25.503002166748047,25.94944953918457,25.362863540649414,25.93193244934082,25.6875,64135800,Yahoo Finance,GOOGL,2026-09-18T13:25:36+08:00,confirmed
2013-10-30,25.961711883544922,25.963714599609375,25.675676345825195,25.786285400390625,25.543222427368164,52911036,Yahoo Finance,GOOGL,2026-09-18T13:25:36+08:00,confirmed
2013-10-31,25.748998641967773,26.064064025878906,25.624874114990234,25.79029083251953,25.547191619873047,65534400,Yahoo Finance,GOOGL,2026-09-18T13:25:36+08:00,confirmed
2013-11-01,25.820571899414062,25.925926208496094,25.653152465820312,25.701702117919922,25.45943832397461,51280668,Yahoo Finance,GOOGL,2026-09-18T13:25:36+08:00,confirmed
2013-11-04,25.813312530517578,25.835084915161133,25.576326370239258,25.678428649902344,25.436382293701172,45506448,Yahoo Finance,GOOGL,2026-09-18T13:25:36+08:00,confirmed
2013-11-05,25.534284591674805,25.817066192626953,25.460960388183594,25.56356430053711,25.32259750366211,47208744,Yahoo Finance,GOOGL,2026-09-18T13:25:36+08:00,confirmed
2013-11-06,25.665666580200195,25.700700759887695,25.40966033935547,25.594343185424805,25.353092193603516,36479484,Yahoo Finance,GOOGL,2026-09-18T13:25:36+08:00,confirmed
2013-11-07,25.59084129333496,25.62387466430664,25.216215133666992,25.223974227905273,24.986215591430664,67116816,Yahoo Finance,GOOGL,2026-09-18T13:25:36+08:00,confirmed
2013-11-08,25.243993759155273,25.487987518310547,25.23773765563965,25.426176071166992,25.186508178710938,51580368,Yahoo Finance,GOOGL,2026-09-18T13:25:36+08:00,confirmed
2013-11-11,25.26301383972168,25.423673629760742,25.2252254486084,25.2900390625,25.051654815673828,44459496,Yahoo Finance,GOOGL,2026-09-18T13:25:36+08:00,confirmed
2013-11-12,25.21771812438965,25.46446418762207,25.150150299072266,25.319820404052734,25.081153869628906,48675276,Yahoo Finance,GOOGL,2026-09-18T13:25:36+08:00,confirmed
2013-11-13,25.193944931030273,25.847097396850586,25.18768882751465,25.837587356567383,25.594039916992188,63112824,Yahoo Finance,GOOGL,2026-09-18T13:25:36+08:00,confirmed
2013-11-14,25.87387466430664,26.0197696685791,25.784534454345703,25.90665626525879,25.662460327148438,46621332,Yahoo Finance,GOOGL,2026-09-18T13:25:36+08:00,confirmed
2013-11-15,25.897647857666016,25.975976943969727,25.783533096313477,25.864864349365234,25.621063232421875,51000948,Yahoo Finance,GOOGL,2026-09-18T13:25:36+08:00,confirmed
2013-11-18,25.91967010498047,26.2447452545166,25.756757736206055,25.814565658569336,25.57123565673828,70317612,Yahoo Finance,GOOGL,2026-09-18T13:25:36+08:00,confirmed
2013-11-19,25.818819046020508,25.89464569091797,25.601852416992188,25.655656814575195,25.41382598876953,45218736,Yahoo Finance,GOOGL,2026-09-18T13:25:36+08:00,confirmed
2013-11-20,25.774524688720703,25.859859466552734,25.534534454345703,25.583332061767578,25.34218406677246,38509452,Yahoo Finance,GOOGL,2026-09-18T13:25:36+08:00,confirmed
2013-11-21,25.700700759887695,25.983734130859375,25.675676345825195,25.877628326416016,25.633703231811523,43628328,Yahoo Finance,GOOGL,2026-09-18T13:25:36+08:00,confirmed
2013-11-22,25.861360549926758,25.930179595947266,25.756256103515625,25.82307243347168,25.579666137695312,50117832,Yahoo Finance,GOOGL,2026-09-18T13:25:36+08:00,confirmed
2013-11-25,25.954954147338867,26.35610580444336,25.90140151977539,26.174423217773438,25.92770004272461,64455480,Yahoo Finance,GOOGL,2026-09-18T13:25:36+08:00,confirmed
2013-11-26,26.241241455078125,26.564064025878906,26.099599838256836,26.486736297607422,26.23707389831543,91360548,Yahoo Finance,GOOGL,2026-09-18T13:25:36+08:00,confirmed
2013-11-27,26.577327728271484,26.726726531982422,26.526527404785156,26.604354858398438,26.35358428955078,44899056,Yahoo Finance,GOOGL,2026-09-18T13:25:36+08:00,confirmed
2013-11-29,26.580581665039062,26.69219207763672,26.51276206970215,26.516265869140625,26.266324996948242,47664288,Yahoo Finance,GOOGL,2026-09-18T13:25:36+08:00,confirmed
2013-12-02,26.614364624023438,26.685434341430664,26.29529571533203,26.38838768005371,26.139650344848633,54873072,Yahoo Finance,GOOGL,2026-09-18T13:25:36+08:00,confirmed
2013-12-03,26.300050735473633,26.612613677978516,26.251752853393555,26.357858657836914,26.10940933227539,66976956,Yahoo Finance,GOOGL,2026-09-18T13:25:36+08:00,confirmed
2013-12-04,26.31056022644043,26.62612533569336,26.276275634765625,26.480981826782227,26.231372833251953,47616336,Yahoo Finance,GOOGL,2026-09-18T13:25:36+08:00,confirmed
2013-12-05,26.45645523071289,26.51801872253418,26.30355453491211,26.4599609375,26.21055030822754,45302652,Yahoo Finance,GOOGL,2026-09-18T13:25:36+08:00,confirmed
2013-12-06,26.771522521972656,26.776777267456055,26.528528213500977,26.773523330688477,26.52115821838379,57094848,Yahoo Finance,GOOGL,2026-09-18T13:25:36+08:00,confirmed
2013-12-09,26.801551818847656,27.084835052490234,26.72722625732422,26.980480194091797,26.726163864135742,59244696,Yahoo Finance,GOOGL,2026-09-18T13:25:36+08:00,confirmed
2013-12-10,26.930681228637695,27.335084915161133,26.918167114257812,27.143644332885742,26.887786865234375,74081844,Yahoo Finance,GOOGL,2026-09-18T13:25:36+08:00,confirmed
2013-12-11,27.21221160888672,27.31031036376953,26.906156539916992,26.959209442138672,26.705093383789062,68403528,Yahoo Finance,GOOGL,2026-09-18T13:25:36+08:00,confirmed
2013-12-12,27.016265869140625,27.100601196289062,26.751752853393555,26.775775909423828,26.523387908935547,63796140,Yahoo Finance,GOOGL,2026-09-18T13:25:36+08:00,confirmed
2013-12-13,26.91191291809082,26.93418312072754,26.473724365234375,26.546295166015625,26.29606819152832,86409504,Yahoo Finance,GOOGL,2026-09-18T13:25:36+08:00,confirmed
2013-12-16,26.62662696838379,26.89414405822754,26.576826095581055,26.851350784301758,26.598249435424805,64015920,Yahoo Finance,GOOGL,2026-09-18T13:25:36+08:00,confirmed
2013-12-17,26.847347259521484,27.046045303344727,26.736236572265625,26.773273468017578,26.52090835571289,61366572,Yahoo Finance,GOOGL,2026-09-18T13:25:36+08:00,confirmed
2013-12-18,26.82307243347168,27.150901794433594,26.50250244140625,27.145896911621094,26.890018463134766,88323588,Yahoo Finance,GOOGL,2026-09-18T13:25:36+08:00,confirmed
2013-12-19,27.046295166015625,27.327077865600586,27.004003524780273,27.18268394470215,26.92646026611328,66561372,Yahoo Finance,GOOGL,2026-09-18T13:25:36+08:00,confirmed
2013-12-20,27.2347354888916,27.556806564331055,27.22722625732422,27.54304313659668,27.283422470092773,130333536,Yahoo Finance,GOOGL,2026-09-18T13:25:36+08:00,confirmed
2013-12-23,27.723724365234375,27.922922134399414,27.655656814575195,27.905405044555664,27.642366409301758,68795136,Yahoo Finance,GOOGL,2026-09-18T13:25:36+08:00,confirmed
2013-12-24,27.902151107788086,27.90890884399414,27.7302303314209,27.823823928833008,27.561555862426758,29338632,Yahoo Finance,GOOGL,2026-09-18T13:25:36+08:00,confirmed
2013-12-26,27.878128051757812,28.003002166748047,27.7449951171875,27.96446418762207,27.700870513916016,53458488,Yahoo Finance,GOOGL,2026-09-18T13:25:36+08:00,confirmed
2013-12-27,28.02802848815918,28.0350341796875,27.851350784301758,27.987987518310547,27.724172592163086,62725212,Yahoo Finance,GOOGL,2026-09-18T13:25:36+08:00,confirmed
2013-12-30,28.036537170410156,28.04054069519043,27.753253936767578,27.764263153076172,27.502553939819336,49394556,Yahoo Finance,GOOGL,2026-09-18T13:25:36+08:00,confirmed
2013-12-31,27.833833694458008,28.05305290222168,27.68418312072754,28.045795440673828,27.781435012817383,54261684,Yahoo Finance,GOOGL,2026-09-18T13:25:36+08:00,confirmed
2014-01-02,27.914413452148438,27.971721649169922,27.734233856201172,27.85585594177246,27.59328842163086,72783144,Yahoo Finance,GOOGL,2026-09-18T13:25:36+08:00,confirmed
2014-01-03,27.902902603149414,27.951200485229492,27.650901794433594,27.652652740478516,27.392000198364258,66601332,Yahoo Finance,GOOGL,2026-09-18T13:25:36+08:00,confirmed
2014-01-06,27.853103637695312,27.99949836730957,27.688688278198242,27.960960388183594,27.69739532470703,70701228,Yahoo Finance,GOOGL,2026-09-18T13:25:36+08:00,confirmed
2014-01-07,28.153152465820312,28.520771026611328,28.057056427001953,28.5,28.231361389160156,102001896,Yahoo Finance,GOOGL,2026-09-18T13:25:36+08:00,confirmed
2014-01-08,28.678678512573242,28.711711883544922,28.360610961914062,28.559309005737305,28.290109634399414,89610300,Yahoo Finance,GOOGL,2026-09-18T13:25:36+08:00,confirmed
2014-01-09,28.614614486694336,28.63413429260254,28.16716766357422,28.284284591674805,28.017675399780273,83296620,Yahoo Finance,GOOGL,2026-09-18T13:25:36+08:00,confirmed
2014-01-10,28.50550651550293,28.50550651550293,28.084333419799805,28.28278350830078,28.016191482543945,85654260,Yahoo Finance,GOOGL,2026-09-18T13:25:36+08:00,confirmed
2014-01-13,28.189939498901367,28.70145034790039,27.95720672607422,28.102603912353516,27.83770751953125,96659244,Yahoo Finance,GOOGL,2026-09-18T13:25:36+08:00,confirmed
2014-01-14,28.47722625732422,28.803804397583008,28.230480194091797,28.763763427734375,28.49263572692871,99204696,Yahoo Finance,GOOGL,2026-09-18T13:25:36+08:00,confirmed
2014-01-15,28.85360336303711,28.90390396118164,28.62337303161621,28.744243621826172,28.473297119140625,77929992,Yahoo Finance,GOOGL,2026-09-18T13:25:36+08:00,confirmed
2014-01-16,28.756256103515625,28.97722625732422,28.728729248046875,28.93443489074707,28.66169548034668,67288644,Yahoo Finance,GOOGL,2026-09-18T13:25:36+08:00,confirmed
2014-01-17,28.950199127197266,29.0447940826416,28.633634567260742,28.792041778564453,28.520648956298828,107943948,Yahoo Finance,GOOGL,2026-09-18T13:25:36+08:00,confirmed
2014-01-21,29.05230140686035,29.12912940979004,28.811311721801758,29.12162208557129,28.847124099731445,79116804,Yahoo Finance,GOOGL,2026-09-18T13:25:36+08:00,confirmed
2014-01-22,29.19444465637207,29.226476669311523,29.00050163269043,29.15465545654297,28.87984275817871,62793144,Yahoo Finance,GOOGL,2026-09-18T13:25:36+08:00,confirmed
2014-01-23,29.029029846191406,29.091341018676758,28.888137817382812,29.031532287597656,28.75787925720215,77886036,Yahoo Finance,GOOGL,2026-09-18T13:25:36+08:00,confirmed
2014-01-24,28.804054260253906,28.867618560791016,28.103103637695312,28.12387466430664,27.85877799987793,155544300,Yahoo Finance,GOOGL,2026-09-18T13:25:36+08:00,confirmed
2014-01-27,28.180681228637695,28.190690994262695,27.083833694458008,27.558307647705078,27.298540115356445,173969856,Yahoo Finance,GOOGL,2026-09-18T13:25:36+08:00,confirmed
2014-01-28,27.785785675048828,28.17192268371582,27.776275634765625,28.10335350036621,27.83845329284668,88319592,Yahoo Finance,GOOGL,2026-09-18T13:25:36+08:00,confirmed
2014-01-29,28.006006240844727,28.071821212768555,27.51301383972168,27.700700759887695,27.439592361450195,95100804,Yahoo Finance,GOOGL,2026-09-18T13:25:36+08:00,confirmed
2014-01-30,28.653654098510742,28.84109115600586,28.20945930480957,28.413162231445312,28.14533805847168,203452344,Yahoo Finance,GOOGL,2026-09-18T13:25:36+08:00,confirmed
2014-01-31,29.31306266784668,29.693193435668945,28.807056427001953,29.553804397583008,29.275230407714844,222429348,Yahoo Finance,GOOGL,2026-09-18T13:25:36+08:00,confirmed
2014-02-03,29.509510040283203,29.572572708129883,28.32857894897461,28.36411476135254,28.09675407409668,182581236,Yahoo Finance,GOOGL,2026-09-18T13:25:36+08:00,confirmed
2014-02-04,28.478227615356445,28.90390396118164,28.453704833984375,28.48248291015625,28.21401023864746,112363524,Yahoo Finance,GOOGL,2026-09-18T13:25:36+08:00,confirmed
2014-02-05,28.613113403320312,28.79804801940918,28.228729248046875,28.60860824584961,28.338945388793945,95684220,Yahoo Finance,GOOGL,2026-09-18T13:25:36+08:00,confirmed
2014-02-06,28.807056427001953,29.03303337097168,28.717466354370117,29.02802848815918,28.754409790039062,77786136,Yahoo Finance,GOOGL,2026-09-18T13:25:36+08:00,confirmed
2014-02-07,29.219970703125,29.47697639465332,29.04304313659668,29.465465545654297,29.187725067138672,105342552,Yahoo Finance,GOOGL,2026-09-18T13:25:36+08:00,confirmed
2014-02-10,29.324323654174805,29.589590072631836,29.2547550201416,29.352603912353516,29.075927734375,77730192,Yahoo Finance,GOOGL,2026-09-18T13:25:36+08:00,confirmed
2014-02-11,29.533784866333008,29.826576232910156,29.334585189819336,29.784284591674805,29.503538131713867,81949968,Yahoo Finance,GOOGL,2026-09-18T13:25:36+08:00,confirmed
2014-02-12,29.7547550201416,29.7797794342041,29.564064025878906,29.69694709777832,29.417022705078125,68911020,Yahoo Finance,GOOGL,2026-09-18T13:25:36+08:00,confirmed
2014-02-13,29.548297882080078,30.027528762817383,29.521020889282227,30.027528762817383,29.744489669799805,73382544,Yahoo Finance,GOOGL,2026-09-18T13:25:36+08:00,confirmed
2014-02-14,29.920169830322266,30.139890670776367,29.849849700927734,30.100099563598633,29.816375732421875,87380532,Yahoo Finance,GOOGL,2026-09-18T13:25:36+08:00,confirmed
2014-02-18,30.06531524658203,30.352102279663086,30.030029296875,30.30230140686035,30.01666831970215,84271644,Yahoo Finance,GOOGL,2026-09-18T13:25:36+08:00,confirmed
2014-02-19,30.162662506103516,30.260761260986328,29.967466354370117,30.08858871459961,29.804969787597656,84059856,Yahoo Finance,GOOGL,2026-09-18T13:25:36+08:00,confirmed
2014-02-20,30.10860824584961,30.202451705932617,30.03553581237793,30.132883071899414,29.848852157592773,67963968,Yahoo Finance,GOOGL,2026-09-18T13:25:36+08:00,confirmed
2014-02-21,30.225475311279297,30.277027130126953,30.10110092163086,30.124874114990234,29.84091567993164,74417508,Yahoo Finance,GOOGL,2026-09-18T13:25:36+08:00,confirmed
2014-02-24,30.16416358947754,30.534534454345703,30.157657623291016,30.343093872070312,30.057079315185547,66905028,Yahoo Finance,GOOGL,2026-09-18T13:25:36+08:00,confirmed
2014-02-25,30.42892837524414,30.643142700195312,30.290790557861328,30.53053092956543,30.242746353149414,57490452,Yahoo Finance,GOOGL,2026-09-18T13:25:36+08:00,confirmed
2014-02-26,30.630630493164062,30.75275230407715,30.374374389648438,30.5347843170166,30.246963500976562,79208712,Yahoo Finance,GOOGL,2026-09-18T13:25:36+08:00,confirmed
2014-02-27,30.4902400970459,30.63638687133789,30.455705642700195,30.510761260986328,30.22316551208496,50349600,Yahoo Finance,GOOGL,2026-09-18T13:25:36+08:00,confirmed
2014-02-28,30.539039611816406,30.635385513305664,30.185686111450195,30.421672821044922,30.134920120239258,92451456,Yahoo Finance,GOOGL,2026-09-18T13:25:36+08:00,confirmed
2014-03-03,30.198949813842773,30.226226806640625,29.833332061767578,30.097347259521484,29.813648223876953,84107808,Yahoo Finance,GOOGL,2026-09-18T13:25:36+08:00,confirmed
2014-03-04,30.405405044555664,30.430429458618164,30.26776885986328,30.403152465820312,30.1165714263916,58649292,Yahoo Finance,GOOGL,2026-09-18T13:25:36+08:00,confirmed
2014-03-05,30.40665626525879,30.607608795166016,30.31556510925293,30.48698616027832,30.199615478515625,49362588,Yahoo Finance,GOOGL,2026-09-18T13:25:36+08:00,confirmed
2014-03-06,30.587587356567383,30.68443489074707,30.495494842529297,30.520771026611328,30.23307991027832,50673276,Yahoo Finance,GOOGL,2026-09-18T13:25:36+08:00,confirmed
2014-03-07,30.700700759887695,30.705455780029297,30.316316604614258,30.400150299072266,30.113601684570312,60543396,Yahoo Finance,GOOGL,2026-09-18T13:25:36+08:00,confirmed
2014-03-10,30.422672271728516,30.471471786499023,30.132381439208984,30.319570541381836,30.033777236938477,48535416,Yahoo Finance,GOOGL,2026-09-18T13:25:36+08:00,confirmed
2014-03-11,30.374624252319336,30.38838768005371,29.945945739746094,30.0297794342041,29.746719360351562,68451480,Yahoo Finance,GOOGL,2026-09-18T13:25:36+08:00,confirmed
2014-03-12,29.939939498901367,30.226476669311523,29.634384155273438,30.21271324157715,29.927928924560547,78493428,Yahoo Finance,GOOGL,2026-09-18T13:25:36+08:00,confirmed
2014-03-13,30.228979110717773,30.29279327392578,29.648649215698242,29.756256103515625,29.475772857666016,93730176,Yahoo Finance,GOOGL,2026-09-18T13:25:36+08:00,confirmed
2014-03-14,29.579328536987305,29.801551818847656,29.342592239379883,29.349348068237305,29.072702407836914,91664244,Yahoo Finance,GOOGL,2026-09-18T13:25:36+08:00,confirmed
2014-03-17,29.510761260986328,29.956707000732422,29.48223114013672,29.832332611083984,29.55113410949707,86397516,Yahoo Finance,GOOGL,2026-09-18T13:25:36+08:00,confirmed
2014-03-18,29.89664649963379,30.31856918334961,29.856355667114258,30.311811447143555,30.026090621948242,72527400,Yahoo Finance,GOOGL,2026-09-18T13:25:36+08:00,confirmed
2014-03-19,30.32532501220703,30.330080032348633,29.890140533447266,30.011260986328125,29.728374481201172,64451484,Yahoo Finance,GOOGL,2026-09-18T13:25:36+08:00,confirmed
2014-03-20,30.028778076171875,30.27052116394043,29.91391372680664,29.958959579467773,29.67656707763672,67320612,Yahoo Finance,GOOGL,2026-09-18T13:25:36+08:00,confirmed
2014-03-21,30.187938690185547,30.271020889282227,29.59084129333496,29.605606079101562,29.3265438079834,128211660,Yahoo Finance,GOOGL,2026-09-18T13:25:36+08:00,confirmed
2014-03-24,29.634384155273438,29.652151107788086,28.677427291870117,28.97722625732422,28.70408821105957,121362516,Yahoo Finance,GOOGL,2026-09-18T13:25:36+08:00,confirmed
2014-03-25,29.17917823791504,29.2752742767334,28.703704833984375,28.996997833251953,28.723670959472656,96311592,Yahoo Finance,GOOGL,2026-09-18T13:25:36+08:00,confirmed
2014-03-26,29.079328536987305,29.31856918334961,28.31581687927246,28.327577590942383,28.060564041137695,103096800,Yahoo Finance,GOOGL,2026-09-18T13:25:36+08:00,confirmed
2014-03-27,28.299549102783203,28.326826095581055,27.580080032348633,27.884885787963867,27.62204360961914,152735112,Yahoo Finance,GOOGL,2026-09-18T13:25:36+08:00,confirmed
2014-03-28,28.003002166748047,28.358108520507812,27.97222137451172,28.031782150268555,27.767555236816406,90265644,Yahoo Finance,GOOGL,2026-09-18T13:25:36+08:00,confirmed
2014-03-31,28.288288116455078,28.40340232849121,27.849098205566406,27.890640258789062,27.627742767333984,77614308,Yahoo Finance,GOOGL,2026-09-18T13:25:36+08:00,confirmed
2014-04-01,28.0347843170166,28.465965270996094,27.977977752685547,28.400651931762695,28.13294792175293,87152760,Yahoo Finance,GOOGL,2026-09-18T13:25:36+08:00,confirmed
2014-04-02,28.57607650756836,28.648649215698242,28.128128051757812,28.405906677246094,28.138154983520508,83360556,Yahoo Finance,GOOGL,2026-09-18T13:25:36+08:00,confirmed
2014-04-03,28.66950035095215,29.415000915527344,28.300500869750977,28.575000762939453,28.305654525756836,80366000,Yahoo Finance,GOOGL,2026-09-18T13:25:36+08:00,confirmed
2014-04-04,28.927499771118164,28.986000061035156,27.22450065612793,27.262500762939453,27.005525588989258,107274000,Yahoo Finance,GOOGL,2026-09-18T13:25:36+08:00,confirmed
2014-04-07,27.239500045776367,27.49250030517578,26.526500701904297,27.0314998626709,26.776702880859375,79232000,Yahoo Finance,GOOGL,2026-09-18T13:25:36+08:00,confirmed
2014-04-08,27.252500534057617,27.993999481201172,27.235000610351562,27.875499725341797,27.612741470336914,69650000,Yahoo Finance,GOOGL,2026-09-18T13:25:36+08:00,confirmed
2014-04-09,28.29199981689453,28.389999389648438,27.768999099731445,28.351999282836914,28.084754943847656,60632000,Yahoo Finance,GOOGL,2026-09-18T13:25:36+08:00,confirmed
2014-04-10,28.399999618530273,28.410499572753906,27.274999618530273,27.33449935913086,27.07684326171875,65890000,Yahoo Finance,GOOGL,2026-09-18T13:25:36+08:00,confirmed
2014-04-11,26.89699935913086,27.379499435424805,26.670000076293945,26.88800048828125,26.634553909301758,63494000,Yahoo Finance,GOOGL,2026-09-18T13:25:36+08:00,confirmed
2014-04-14,27.183000564575195,27.650999069213867,27.025999069213867,27.260000228881836,27.003049850463867,50824000,Yahoo Finance,GOOGL,2026-09-18T13:25:36+08:00,confirmed
2014-04-15,27.549999237060547,27.644500732421875,26.531999588012695,27.434999465942383,27.176401138305664,79956000,Yahoo Finance,GOOGL,2026-09-18T13:25:36+08:00,confirmed
2014-04-16,27.885000228881836,28.200000762939453,27.655000686645508,28.19499969482422,27.92923355102539,91644000,Yahoo Finance,GOOGL,2026-09-18T13:25:36+08:00,confirmed
2014-04-17,27.81599998474121,27.850000381469727,26.969999313354492,27.16699981689453,26.91092300415039,112294000,Yahoo Finance,GOOGL,2026-09-18T13:25:36+08:00,confirmed
2014-04-21,27.200000762939453,27.200000762939453,26.700000762939453,26.9685001373291,26.714298248291016,48502000,Yahoo Finance,GOOGL,2026-09-18T13:25:36+08:00,confirmed
2014-04-22,26.799999237060547,27.399999618530273,26.799999237060547,27.274999618530273,27.01790428161621,46622000,Yahoo Finance,GOOGL,2026-09-18T13:25:36+08:00,confirmed
2014-04-23,27.183500289916992,27.239999771118164,26.4064998626709,26.875499725341797,26.62217140197754,39114000,Yahoo Finance,GOOGL,2026-09-18T13:25:36+08:00,confirmed
2014-04-24,27.08449935913086,27.125,26.549999237060547,26.722000122070312,26.47011947631836,41348000,Yahoo Finance,GOOGL,2026-09-18T13:25:36+08:00,confirmed
2014-04-25,26.613000869750977,26.69300079345703,26.125,26.155000686645508,25.908464431762695,47400000,Yahoo Finance,GOOGL,2026-09-18T13:25:36+08:00,confirmed
2014-04-28,26.290000915527344,26.295000076293945,25.549999237060547,26.14900016784668,25.90252113342285,75056000,Yahoo Finance,GOOGL,2026-09-18T13:25:36+08:00,confirmed
2014-04-29,26.194499969482422,26.88800048828125,26.149999618530273,26.816499710083008,26.563724517822266,50704000,Yahoo Finance,GOOGL,2026-09-18T13:25:36+08:00,confirmed
2014-04-30,26.756000518798828,26.816999435424805,26.454500198364258,26.743999481201172,26.49190902709961,40770000,Yahoo Finance,GOOGL,2026-09-18T13:25:36+08:00,confirmed
2014-05-01,26.712499618530273,26.995500564575195,26.64299964904785,26.92650032043457,26.672691345214844,40086000,Yahoo Finance,GOOGL,2026-09-18T13:25:36+08:00,confirmed
2014-05-02,27.07200050354004,27.1200008392334,26.66349983215332,26.693500518798828,26.441884994506836,35616000,Yahoo Finance,GOOGL,2026-09-18T13:25:36+08:00,confirmed
2014-05-05,26.511999130249023,26.785999298095703,26.378999710083008,26.76650047302246,26.514198303222656,24568000,Yahoo Finance,GOOGL,2026-09-18T13:25:36+08:00,confirmed
2014-05-06,26.670499801635742,26.727500915527344,26.113000869750977,26.12849998474121,25.882213592529297,36700000,Yahoo Finance,GOOGL,2026-09-18T13:25:36+08:00,confirmed
2014-05-07,26.162500381469727,26.221500396728516,25.554500579833984,25.899999618530273,25.655866622924805,61486000,Yahoo Finance,GOOGL,2026-09-18T13:25:36+08:00,confirmed
2014-05-08,25.785999298095703,26.36750030517578,25.722999572753906,26.008499145507812,25.76334571838379,49040000,Yahoo Finance,GOOGL,2026-09-18T13:25:36+08:00,confirmed
2014-05-09,25.9325008392334,26.36750030517578,25.714000701904297,26.33099937438965,26.08280372619629,45224000,Yahoo Finance,GOOGL,2026-09-18T13:25:36+08:00,confirmed
2014-05-12,26.591999053955078,26.9375,26.375499725341797,26.921499252319336,26.667736053466797,38968000,Yahoo Finance,GOOGL,2026-09-18T13:25:36+08:00,confirmed
2014-05-13,26.979000091552734,27.199499130249023,26.895000457763672,27.07699966430664,26.8217716217041,40240000,Yahoo Finance,GOOGL,2026-09-18T13:25:36+08:00,confirmed
2014-05-14,27.090999603271484,27.090999603271484,26.655500411987305,26.720500946044922,26.468631744384766,25618000,Yahoo Finance,GOOGL,2026-09-18T13:25:36+08:00,confirmed
2014-05-15,26.656999588012695,26.700000762939453,26.265499114990234,26.45599937438965,26.206623077392578,36658000,Yahoo Finance,GOOGL,2026-09-18T13:25:36+08:00,confirmed
2014-05-16,26.479999542236328,26.54199981689453,26.178499221801758,26.415000915527344,26.166011810302734,38154000,Yahoo Finance,GOOGL,2026-09-18T13:25:36+08:00,confirmed
2014-05-19,26.444000244140625,26.967500686645508,26.283000946044922,26.941499710083008,26.687549591064453,39530000,Yahoo Finance,GOOGL,2026-09-18T13:25:36+08:00,confirmed
2014-05-20,27.0,27.3174991607666,26.828500747680664,27.019500732421875,26.764814376831055,48506000,Yahoo Finance,GOOGL,2026-09-18T13:25:36+08:00,confirmed
2014-05-21,27.145000457763672,27.487499237060547,27.105499267578125,27.485000610351562,27.225927352905273,31294000,Yahoo Finance,GOOGL,2026-09-18T13:25:36+08:00,confirmed
2014-05-22,27.610000610351562,27.898000717163086,27.549999237060547,27.772499084472656,27.51071548461914,42994000,Yahoo Finance,GOOGL,2026-09-18T13:25:36+08:00,confirmed
2014-05-23,27.9064998626709,28.25,27.708499908447266,28.190000534057617,27.92428207397461,53450000,Yahoo Finance,GOOGL,2026-09-18T13:25:36+08:00,confirmed
2014-05-27,28.388999938964844,28.743499755859375,28.207500457763672,28.743499755859375,28.472564697265625,43716000,Yahoo Finance,GOOGL,2026-09-18T13:25:36+08:00,confirmed
2014-05-28,28.728500366210938,28.882999420166016,28.497499465942383,28.522499084472656,28.253644943237305,31632000,Yahoo Finance,GOOGL,2026-09-18T13:25:36+08:00,confirmed
2014-05-29,28.66950035095215,28.673999786376953,28.422500610351562,28.527999877929688,28.25909423828125,28222000,Yahoo Finance,GOOGL,2026-09-18T13:25:36+08:00,confirmed
2014-05-30,28.582000732421875,28.628999710083008,28.289499282836914,28.582500457763672,28.313079833984375,37434000,Yahoo Finance,GOOGL,2026-09-18T13:25:36+08:00,confirmed
2014-06-02,28.487499237060547,28.52050018310547,27.834999084472656,28.216999053955078,27.951026916503906,33210000,Yahoo Finance,GOOGL,2026-09-18T13:25:36+08:00,confirmed
2014-06-03,28.045000076293945,28.1200008392334,27.62649917602539,27.725500106811523,27.46415901184082,40626000,Yahoo Finance,GOOGL,2026-09-18T13:25:36+08:00,confirmed
2014-06-04,27.576000213623047,27.929000854492188,27.42799949645996,27.687999725341797,27.42701530456543,34582000,Yahoo Finance,GOOGL,2026-09-18T13:25:36+08:00,confirmed
2014-06-05,27.855499267578125,28.25,27.752500534057617,28.24650001525879,27.980249404907227,35868000,Yahoo Finance,GOOGL,2026-09-18T13:25:36+08:00,confirmed
2014-06-06,28.408000946044922,28.440000534057617,27.979000091552734,28.30150032043457,28.03472900390625,34804000,Yahoo Finance,GOOGL,2026-09-18T13:25:36+08:00,confirmed
2014-06-09,28.337499618530273,28.600000381469727,28.26099967956543,28.536500930786133,28.267515182495117,30594000,Yahoo Finance,GOOGL,2026-09-18T13:25:36+08:00,confirmed
2014-06-10,28.43899917602539,28.600000381469727,28.306499481201172,28.415000915527344,28.147165298461914,29676000,Yahoo Finance,GOOGL,2026-09-18T13:25:36+08:00,confirmed
2014-06-11,28.29599952697754,28.44849967956543,28.18400001525879,28.375,28.10753631591797,22580000,Yahoo Finance,GOOGL,2026-09-18T13:25:36+08:00,confirmed
2014-06-12,28.350000381469727,28.350000381469727,27.857500076293945,27.975000381469727,27.7113094329834,30930000,Yahoo Finance,GOOGL,2026-09-18T13:25:36+08:00,confirmed
2014-06-13,28.003999710083008,28.032499313354492,27.68600082397461,28.017499923706055,27.753406524658203,27066000,Yahoo Finance,GOOGL,2026-09-18T13:25:36+08:00,confirmed
2014-06-16,27.862499237060547,27.899499893188477,27.5,27.614999771118164,27.35470199584961,39436000,Yahoo Finance,GOOGL,2026-09-18T13:25:36+08:00,confirmed
2014-06-17,27.618000030517578,27.687000274658203,27.37350082397461,27.5310001373291,27.271493911743164,29552000,Yahoo Finance,GOOGL,2026-09-18T13:25:36+08:00,confirmed
2014-06-18,27.639999389648438,28.06999969482422,27.57900047302246,28.033000946044922,27.76876449584961,41212000,Yahoo Finance,GOOGL,2026-09-18T13:25:36+08:00,confirmed
2014-06-19,28.0575008392334,28.25,27.833499908447266,28.249500274658203,27.983219146728516,52548000,Yahoo Finance,GOOGL,2026-09-18T13:25:36+08:00,confirmed
2014-06-20,28.322500228881836,28.338499069213867,27.9685001373291,28.326000213623047,28.058998107910156,63212000,Yahoo Finance,GOOGL,2026-09-18T13:25:36+08:00,confirmed
2014-06-23,28.217500686645508,28.722000122070312,28.174999237060547,28.714500427246094,28.443838119506836,34456000,Yahoo Finance,GOOGL,2026-09-18T13:25:36+08:00,confirmed
2014-06-24,28.711000442504883,29.112499237060547,28.45800018310547,28.62700080871582,28.35716438293457,56886000,Yahoo Finance,GOOGL,2026-09-18T13:25:36+08:00,confirmed
2014-06-25,28.677499771118164,29.364999771118164,28.663000106811523,29.296499252319336,29.020349502563477,42294000,Yahoo Finance,GOOGL,2026-09-18T13:25:36+08:00,confirmed
2014-06-26,29.46500015258789,29.479999542236328,28.979999542236328,29.238500595092773,28.96289825439453,40248000,Yahoo Finance,GOOGL,2026-09-18T13:25:36+08:00,confirmed
2014-06-27,29.272499084472656,29.393999099731445,29.131000518798828,29.284500122070312,29.008464813232422,40426000,Yahoo Finance,GOOGL,2026-09-18T13:25:36+08:00,confirmed
2014-06-30,29.33799934387207,29.385499954223633,29.164499282836914,29.23349952697754,28.95794677734375,29578000,Yahoo Finance,GOOGL,2026-09-18T13:25:36+08:00,confirmed
2014-07-01,29.38249969482422,29.683000564575195,29.31450080871582,29.574499130249023,29.29572868347168,32864000,Yahoo Finance,GOOGL,2026-09-18T13:25:36+08:00,confirmed
2014-07-02,29.613000869750977,29.707500457763672,29.45549964904785,29.538999557495117,29.26056480407715,23916000,Yahoo Finance,GOOGL,2026-09-18T13:25:36+08:00,confirmed
2014-07-03,29.584999084472656,29.712499618530273,29.450000762939453,29.65399932861328,29.374481201171875,17978000,Yahoo Finance,GOOGL,2026-09-18T13:25:36+08:00,confirmed
2014-07-07,29.675500869750977,29.782499313354492,29.39699935913086,29.538000106811523,29.25957489013672,26734000,Yahoo Finance,GOOGL,2026-09-18T13:25:36+08:00,confirmed
2014-07-08,29.318500518798828,29.398500442504883,28.700000762939453,28.920000076293945,28.64739990234375,42504000,Yahoo Finance,GOOGL,2026-09-18T13:25:36+08:00,confirmed
2014-07-09,28.947500228881836,29.204999923706055,28.850000381469727,29.167999267578125,28.8930606842041,27456000,Yahoo Finance,GOOGL,2026-09-18T13:25:36+08:00,confirmed
2014-07-10,28.649999618530273,29.262500762939453,28.604999542236328,29.00200080871582,28.728626251220703,28724000,Yahoo Finance,GOOGL,2026-09-18T13:25:36+08:00,confirmed
2014-07-11,29.049999237060547,29.411500930786133,29.02899932861328,29.332500457763672,29.056015014648438,30232000,Yahoo Finance,GOOGL,2026-09-18T13:25:36+08:00,confirmed
2014-07-14,29.530000686645508,29.743000030517578,29.33449935913086,29.71299934387207,29.43292236328125,39032000,Yahoo Finance,GOOGL,2026-09-18T13:25:36+08:00,confirmed
2014-07-15,29.75749969482422,29.764999389648438,29.265499114990234,29.652999877929688,29.373493194580078,33476000,Yahoo Finance,GOOGL,2026-09-18T13:25:36+08:00,confirmed
2014-07-16,29.844499588012695,29.850000381469727,29.512500762939453,29.5310001373291,29.252639770507812,28816000,Yahoo Finance,GOOGL,2026-09-18T13:25:36+08:00,confirmed
2014-07-17,29.44849967956543,29.475000381469727,28.842500686645508,29.041000366210938,28.76725959777832,58706000,Yahoo Finance,GOOGL,2026-09-18T13:25:36+08:00,confirmed
2014-07-18,30.15049934387207,30.334999084472656,29.54599952697754,30.25550079345703,29.970312118530273,97432000,Yahoo Finance,GOOGL,2026-09-18T13:25:36+08:00,confirmed
2014-07-21,30.0674991607666,30.20800018310547,29.72249984741211,29.922000885009766,29.639955520629883,44758000,Yahoo Finance,GOOGL,2026-09-18T13:25:36+08:00,confirmed
2014-07-22,29.985000610351562,30.444499969482422,29.96299934387207,30.178499221801758,29.8940372467041,37632000,Yahoo Finance,GOOGL,2026-09-18T13:25:36+08:00,confirmed
2014-07-23,30.102500915527344,30.352500915527344,30.0674991607666,30.25950050354004,29.974271774291992,22120000,Yahoo Finance,GOOGL,2026-09-18T13:25:36+08:00,confirmed
2014-07-24,30.276500701904297,30.445499420166016,30.049999237060547,30.15049934387207,29.866300582885742,27100000,Yahoo Finance,GOOGL,2026-09-18T13:25:36+08:00,confirmed
2014-07-25,29.962499618530273,30.049999237060547,29.787500381469727,29.90399932861328,29.62212371826172,27200000,Yahoo Finance,GOOGL,2026-09-18T13:25:36+08:00,confirmed
2014-07-28,29.887500762939453,30.05500030517578,29.629499435424805,29.951000213623047,29.668682098388672,27162000,Yahoo Finance,GOOGL,2026-09-18T13:25:36+08:00,confirmed
2014-07-29,29.885000228881836,29.92449951171875,29.60849952697754,29.697500228881836,29.417572021484375,27332000,Yahoo Finance,GOOGL,2026-09-18T13:25:36+08:00,confirmed
2014-07-30,29.79050064086914,29.922500610351562,29.635000228881836,29.77199935913086,29.491369247436523,24302000,Yahoo Finance,GOOGL,2026-09-18T13:25:36+08:00,confirmed
2014-07-31,29.447999954223633,29.59950065612793,28.884000778198242,28.977500915527344,28.704360961914062,46190000,Yahoo Finance,GOOGL,2026-09-18T13:25:36+08:00,confirmed
2014-08-01,28.927499771118164,29.171499252319336,28.514999389648438,28.68000030517578,28.4096622467041,44266000,Yahoo Finance,GOOGL,2026-09-18T13:25:36+08:00,confirmed
2014-08-04,28.82550048828125,29.19099998474121,28.613000869750977,29.113500595092773,28.839078903198242,30388000,Yahoo Finance,GOOGL,2026-09-18T13:25:36+08:00,confirmed
2014-08-05,28.9689998626709,29.010000228881836,28.515499114990234,28.656999588012695,28.386877059936523,32876000,Yahoo Finance,GOOGL,2026-09-18T13:25:36+08:00,confirmed
2014-08-06,28.475000381469727,28.93199920654297,28.372499465942383,28.72450065612793,28.453744888305664,26456000,Yahoo Finance,GOOGL,2026-09-18T13:25:36+08:00,confirmed
2014-08-07,28.802499771118164,28.91550064086914,28.471500396728516,28.590499877929688,28.32100486755371,23260000,Yahoo Finance,GOOGL,2026-09-18T13:25:36+08:00,confirmed
2014-08-08,28.60099983215332,28.97800064086914,28.451000213623047,28.89699935913086,28.624614715576172,29866000,Yahoo Finance,GOOGL,2026-09-18T13:25:36+08:00,confirmed
2014-08-11,28.950000762939453,28.984500885009766,28.764999389648438,28.862499237060547,28.590444564819336,24068000,Yahoo Finance,GOOGL,2026-09-18T13:25:36+08:00,confirmed
2014-08-12,28.75,28.795000076293945,28.495500564575195,28.606000900268555,28.336360931396484,27890000,Yahoo Finance,GOOGL,2026-09-18T13:25:36+08:00,confirmed
2014-08-13,28.822500228881836,29.306499481201172,28.760000228881836,29.22800064086914,28.952495574951172,37988000,Yahoo Finance,GOOGL,2026-09-18T13:25:36+08:00,confirmed
2014-08-14,29.33449935913086,29.389999389648438,29.04599952697754,29.232500076293945,28.95695686340332,25458000,Yahoo Finance,GOOGL,2026-09-18T13:25:36+08:00,confirmed
2014-08-15,29.375,29.473499298095703,29.038000106811523,29.18549919128418,28.910396575927734,34468000,Yahoo Finance,GOOGL,2026-09-18T13:25:36+08:00,confirmed
2014-08-18,29.354999542236328,29.752500534057617,29.327499389648438,29.635000228881836,29.355661392211914,29320000,Yahoo Finance,GOOGL,2026-09-18T13:25:36+08:00,confirmed
2014-08-19,29.779499053955078,29.890499114990234,29.722000122070312,29.855499267578125,29.574081420898438,20864000,Yahoo Finance,GOOGL,2026-09-18T13:25:36+08:00,confirmed
2014-08-20,29.84749984741211,29.84950065612793,29.649999618530273,29.77050018310547,29.489885330200195,19346000,Yahoo Finance,GOOGL,2026-09-18T13:25:36+08:00,confirmed
2014-08-21,29.7450008392334,29.762500762939453,29.55500030517578,29.621000289916992,29.341793060302734,22640000,Yahoo Finance,GOOGL,2026-09-18T13:25:36+08:00,confirmed
2014-08-22,29.66349983215332,29.749500274658203,29.489999771118164,29.62700080871582,29.34773826599121,17544000,Yahoo Finance,GOOGL,2026-09-18T13:25:36+08:00,confirmed
2014-08-25,29.738500595092773,29.77899932861328,29.46299934387207,29.528499603271484,29.250164031982422,25912000,Yahoo Finance,GOOGL,2026-09-18T13:25:36+08:00,confirmed
2014-08-26,29.600000381469727,29.602500915527344,29.372499465942383,29.4060001373291,29.128820419311523,29434000,Yahoo Finance,GOOGL,2026-09-18T13:25:36+08:00,confirmed
2014-08-27,29.390499114990234,29.4685001373291,29.045000076293945,29.149999618530273,28.875232696533203,27292000,Yahoo Finance,GOOGL,2026-09-18T13:25:36+08:00,confirmed
2014-08-28,29.000999450683594,29.23550033569336,28.893999099731445,29.016000747680664,28.742496490478516,28116000,Yahoo Finance,GOOGL,2026-09-18T13:25:36+08:00,confirmed
2014-08-29,29.11750030517578,29.145000457763672,28.91200065612793,29.118000030517578,28.843530654907227,24122000,Yahoo Finance,GOOGL,2026-09-18T13:25:36+08:00,confirmed
2014-09-02,29.147499084472656,29.46500015258789,29.1200008392334,29.431499481201172,29.15407371520996,31660000,Yahoo Finance,GOOGL,2026-09-18T13:25:36+08:00,confirmed
2014-09-03,29.58650016784668,29.72450065612793,29.325000762939453,29.47599983215332,29.198158264160156,31580000,Yahoo Finance,GOOGL,2026-09-18T13:25:36+08:00,confirmed
2014-09-04,29.60650062561035,29.899999618530273,29.530000686645508,29.656999588012695,29.37745475769043,32616000,Yahoo Finance,GOOGL,2026-09-18T13:25:36+08:00,confirmed
2014-09-05,29.756500244140625,29.924999237060547,29.677499771118164,29.888999938964844,29.60726547241211,35982000,Yahoo Finance,GOOGL,2026-09-18T13:25:36+08:00,confirmed
2014-09-08,29.957000732421875,30.176000595092773,29.900999069213867,30.081499099731445,29.797954559326172,31984000,Yahoo Finance,GOOGL,2026-09-18T13:25:36+08:00,confirmed
2014-09-09,30.013500213623047,30.030000686645508,29.52400016784668,29.598499298095703,29.319501876831055,31424000,Yahoo Finance,GOOGL,2026-09-18T13:25:36+08:00,confirmed
2014-09-10,29.586999893188477,29.68600082397461,29.35700035095215,29.67099952697754,29.391321182250977,23202000,Yahoo Finance,GOOGL,2026-09-18T13:25:36+08:00,confirmed
2014-09-11,29.5,29.59749984741211,29.302000045776367,29.555500030517578,29.276912689208984,30028000,Yahoo Finance,GOOGL,2026-09-18T13:25:36+08:00,confirmed
2014-09-12,29.519500732421875,29.573999404907227,29.163999557495117,29.2450008392334,28.969341278076172,37030000,Yahoo Finance,GOOGL,2026-09-18T13:25:36+08:00,confirmed
2014-09-15,29.11199951171875,29.195999145507812,28.850500106811523,29.082000732421875,28.807872772216797,30908000,Yahoo Finance,GOOGL,2026-09-18T13:25:36+08:00,confirmed
2014-09-16,29.047500610351562,29.50749969482422,29.047500610351562,29.43899917602539,29.161510467529297,31592000,Yahoo Finance,GOOGL,2026-09-18T13:25:36+08:00,confirmed
2014-09-17,29.475500106811523,29.803499221801758,29.356000900268555,29.664499282836914,29.384883880615234,34390000,Yahoo Finance,GOOGL,2026-09-18T13:25:36+08:00,confirmed
2014-09-18,29.752500534057617,29.878000259399414,29.650999069213867,29.863500595092773,29.58200454711914,29890000,Yahoo Finance,GOOGL,2026-09-18T13:25:36+08:00,confirmed
2014-09-19,29.97450065612793,30.270000457763672,29.88800048828125,30.270000457763672,29.984678268432617,83832000,Yahoo Finance,GOOGL,2026-09-18T13:25:36+08:00,confirmed
2014-09-22,30.125,30.190000534057617,29.6560001373291,29.863500595092773,29.58200454711914,35644000,Yahoo Finance,GOOGL,2026-09-18T13:25:36+08:00,confirmed
2014-09-23,29.75,29.832500457763672,29.511999130249023,29.55900001525879,29.28038215637207,28074000,Yahoo Finance,GOOGL,2026-09-18T13:25:36+08:00,confirmed
2014-09-24,29.578500747680664,30.00550079345703,29.514999389648438,29.92099952697754,29.63896369934082,35160000,Yahoo Finance,GOOGL,2026-09-18T13:25:36+08:00,confirmed
2014-09-25,29.84950065612793,29.903499603271484,29.23699951171875,29.262500762939453,28.986675262451172,33420000,Yahoo Finance,GOOGL,2026-09-18T13:25:36+08:00,confirmed
2014-09-26,29.296499252319336,29.478500366210938,29.25,29.395000457763672,29.117923736572266,25782000,Yahoo Finance,GOOGL,2026-09-18T13:25:36+08:00,confirmed
2014-09-29,29.09149932861328,29.465499877929688,29.078500747680664,29.390499114990234,29.113466262817383,22874000,Yahoo Finance,GOOGL,2026-09-18T13:25:36+08:00,confirmed
2014-09-30,29.374500274658203,29.549999237060547,29.225000381469727,29.420499801635742,29.1431827545166,31430000,Yahoo Finance,GOOGL,2026-09-18T13:25:36+08:00,confirmed
2014-10-01,29.34000015258789,29.43600082397461,28.900999069213867,28.98150062561035,28.70832061767578,28954000,Yahoo Finance,GOOGL,2026-09-18T13:25:36+08:00,confirmed
2014-10-02,28.899999618530273,29.16200065612793,28.702499389648438,29.04400062561035,28.770233154296875,30726000,Yahoo Finance,GOOGL,2026-09-18T13:25:36+08:00,confirmed
2014-10-03,29.204999923706055,29.414499282836914,29.174999237060547,29.3125,29.03619956970215,24290000,Yahoo Finance,GOOGL,2026-09-18T13:25:36+08:00,confirmed
2014-10-06,29.497499465942383,29.6200008392334,29.270000457763672,29.388999938964844,29.111982345581055,25722000,Yahoo Finance,GOOGL,2026-09-18T13:25:36+08:00,confirmed
2014-10-07,29.2450008392334,29.292499542236328,28.704999923706055,28.704999923706055,28.43442726135254,30914000,Yahoo Finance,GOOGL,2026-09-18T13:25:36+08:00,confirmed
2014-10-08,28.739500045776367,29.234500885009766,28.381999969482422,29.187000274658203,28.911882400512695,44158000,Yahoo Finance,GOOGL,2026-09-18T13:25:36+08:00,confirmed
2014-10-09,29.08049964904785,29.12649917602539,28.451499938964844,28.54050064086914,28.271482467651367,48234000,Yahoo Finance,GOOGL,2026-09-18T13:25:36+08:00,confirmed
2014-10-10,28.37350082397461,28.761499404907227,27.750499725341797,27.75950050354004,27.497840881347656,59574000,Yahoo Finance,GOOGL,2026-09-18T13:25:36+08:00,confirmed
2014-10-13,27.756500244140625,28.04400062561035,27.221500396728516,27.237499237060547,26.98076057434082,55116000,Yahoo Finance,GOOGL,2026-09-18T13:25:36+08:00,confirmed
2014-10-14,27.506999969482422,27.931499481201172,27.225000381469727,27.434499740600586,27.175905227661133,52198000,Yahoo Finance,GOOGL,2026-09-18T13:25:36+08:00,confirmed
2014-10-15,27.104000091552734,27.195999145507812,26.42099952697754,27.036500930786133,26.78165626525879,76720000,Yahoo Finance,GOOGL,2026-09-18T13:25:36+08:00,confirmed
2014-10-16,26.350000381469727,27.04949951171875,26.247499465942383,26.84600067138672,26.59294891357422,76100000,Yahoo Finance,GOOGL,2026-09-18T13:25:36+08:00,confirmed
2014-10-17,27.022499084472656,27.172500610351562,25.920499801635742,26.148500442504883,25.902023315429688,119930000,Yahoo Finance,GOOGL,2026-09-18T13:25:36+08:00,confirmed
2014-10-20,26.022499084472656,26.658000946044922,25.957000732421875,26.618999481201172,26.368091583251953,54964000,Yahoo Finance,GOOGL,2026-09-18T13:25:36+08:00,confirmed
2014-10-21,26.863500595092773,26.938499450683594,26.510000228881836,26.901500701904297,26.647926330566406,49190000,Yahoo Finance,GOOGL,2026-09-18T13:25:36+08:00,confirmed
2014-10-22,27.052499771118164,27.538000106811523,27.011499404907227,27.13450050354004,26.87873077392578,59474000,Yahoo Finance,GOOGL,2026-09-18T13:25:36+08:00,confirmed
2014-10-23,27.413999557495117,27.8700008392334,27.274999618530273,27.6825008392334,27.421566009521484,43026000,Yahoo Finance,GOOGL,2026-09-18T13:25:36+08:00,confirmed
2014-10-24,27.749000549316406,27.75,27.257999420166016,27.44499969482422,27.186302185058594,43508000,Yahoo Finance,GOOGL,2026-09-18T13:25:36+08:00,confirmed
2014-10-27,27.38800048828125,27.700000762939453,27.360000610351562,27.493999481201172,27.234838485717773,31934000,Yahoo Finance,GOOGL,2026-09-18T13:25:36+08:00,confirmed
2014-10-28,27.585500717163086,27.959999084472656,27.521499633789062,27.94700050354004,27.68357276916504,34774000,Yahoo Finance,GOOGL,2026-09-18T13:25:36+08:00,confirmed
2014-10-29,28.042499542236328,28.24850082397461,27.798999786376953,27.922500610351562,27.659299850463867,41066000,Yahoo Finance,GOOGL,2026-09-18T13:25:36+08:00,confirmed
2014-10-30,27.912500381469727,28.125,27.60650062561035,28.013500213623047,27.749446868896484,32250000,Yahoo Finance,GOOGL,2026-09-18T13:25:36+08:00,confirmed
2014-10-31,28.415000915527344,28.436500549316406,28.24049949645996,28.39349937438965,28.125864028930664,46810000,Yahoo Finance,GOOGL,2026-09-18T13:25:36+08:00,confirmed
2014-11-03,28.17650032043457,28.357500076293945,28.081499099731445,28.188499450683594,27.92279624938965,30834000,Yahoo Finance,GOOGL,2026-09-18T13:25:36+08:00,confirmed
2014-11-04,28.058000564575195,28.239500045776367,27.915000915527344,28.20949935913086,27.94359588623047,27726000,Yahoo Finance,GOOGL,2026-09-18T13:25:36+08:00,confirmed
2014-11-05,28.339500427246094,28.344999313354492,27.707500457763672,27.797500610351562,27.535480499267578,32906000,Yahoo Finance,GOOGL,2026-09-18T13:25:36+08:00,confirmed
2014-11-06,27.774999618530273,27.84000015258789,27.52899932861328,27.58449935913086,27.32448959350586,33014000,Yahoo Finance,GOOGL,2026-09-18T13:25:36+08:00,confirmed
2014-11-07,27.780000686645508,27.780000686645508,27.467500686645508,27.590999603271484,27.33092498779297,31782000,Yahoo Finance,GOOGL,2026-09-18T13:25:36+08:00,confirmed
2014-11-10,27.6200008392334,28.0314998626709,27.58099937438965,27.911500930786133,27.648405075073242,26090000,Yahoo Finance,GOOGL,2026-09-18T13:25:36+08:00,confirmed
2014-11-11,27.926000595092773,28.125,27.812000274658203,28.06450080871582,27.799964904785156,21966000,Yahoo Finance,GOOGL,2026-09-18T13:25:36+08:00,confirmed
2014-11-12,28.0575008392334,28.0625,27.774999618530273,27.912500381469727,27.649398803710938,21882000,Yahoo Finance,GOOGL,2026-09-18T13:25:36+08:00,confirmed
2014-11-13,28.04050064086914,28.041000366210938,27.704500198364258,27.82200050354004,27.559751510620117,30220000,Yahoo Finance,GOOGL,2026-09-18T13:25:36+08:00,confirmed
2014-11-14,27.899999618530273,27.899999618530273,27.625499725341797,27.75950050354004,27.497840881347656,28502000,Yahoo Finance,GOOGL,2026-09-18T13:25:36+08:00,confirmed
2014-11-17,27.75950050354004,27.75950050354004,27.222000122070312,27.332000732421875,27.074369430541992,33612000,Yahoo Finance,GOOGL,2026-09-18T13:25:36+08:00,confirmed
2014-11-18,27.396499633789062,27.63949966430664,27.190000534057617,27.225500106811523,26.9688720703125,36440000,Yahoo Finance,GOOGL,2026-09-18T13:25:36+08:00,confirmed
2014-11-19,27.237499237060547,27.410999298095703,26.95949935913086,27.360000610351562,27.102108001708984,30346000,Yahoo Finance,GOOGL,2026-09-18T13:25:36+08:00,confirmed
2014-11-20,27.10449981689453,27.268999099731445,27.075000762939453,27.187999725341797,26.931724548339844,35016000,Yahoo Finance,GOOGL,2026-09-18T13:25:36+08:00,confirmed
2014-11-21,27.552000045776367,27.552000045776367,27.25,27.29450035095215,27.03722381591797,50120000,Yahoo Finance,GOOGL,2026-09-18T13:25:36+08:00,confirmed
2014-11-24,27.328500747680664,27.559499740600586,27.207500457763672,27.374000549316406,27.1159725189209,33076000,Yahoo Finance,GOOGL,2026-09-18T13:25:36+08:00,confirmed
2014-11-25,27.36050033569336,27.625,27.345500946044922,27.46150016784668,27.202646255493164,38072000,Yahoo Finance,GOOGL,2026-09-18T13:25:36+08:00,confirmed
2014-11-26,27.46150016784668,27.493999481201172,27.261499404907227,27.386499404907227,27.128353118896484,29604000,Yahoo Finance,GOOGL,2026-09-18T13:25:36+08:00,confirmed
2014-11-28,27.350000381469727,27.479999542236328,27.224000930786133,27.45400047302246,27.195220947265625,24202000,Yahoo Finance,GOOGL,2026-09-18T13:25:36+08:00,confirmed
2014-12-01,27.254499435424805,27.43950080871582,26.930999755859375,26.982500076293945,26.72816276550293,39888000,Yahoo Finance,GOOGL,2026-09-18T13:25:36+08:00,confirmed
2014-12-02,26.97249984741211,27.092500686645508,26.732999801635742,26.929500579833984,26.6756649017334,41480000,Yahoo Finance,GOOGL,2026-09-18T13:25:36+08:00,confirmed
2014-12-03,26.875,27.070499420166016,26.760499954223633,26.848499298095703,26.595420837402344,32476000,Yahoo Finance,GOOGL,2026-09-18T13:25:36+08:00,confirmed
2014-12-04,26.881999969482422,27.13450050354004,26.74449920654297,27.128999710083008,26.873281478881836,32598000,Yahoo Finance,GOOGL,2026-09-18T13:25:36+08:00,confirmed
2014-12-05,26.834999084472656,26.90999984741211,26.363000869750977,26.40399932861328,26.15511703491211,61402000,Yahoo Finance,GOOGL,2026-09-18T13:25:36+08:00,confirmed
2014-12-08,26.461000442504883,26.69099998474121,26.350000381469727,26.536500930786133,26.28636932373047,64566000,Yahoo Finance,GOOGL,2026-09-18T13:25:36+08:00,confirmed
2014-12-09,26.29400062561035,26.832500457763672,26.170499801635742,26.805500030517578,26.552831649780273,43322000,Yahoo Finance,GOOGL,2026-09-18T13:25:36+08:00,confirmed
2014-12-10,26.795000076293945,26.968000411987305,26.374500274658203,26.402000427246094,26.153135299682617,46222000,Yahoo Finance,GOOGL,2026-09-18T13:25:36+08:00,confirmed
2014-12-11,26.500499725341797,26.851999282836914,26.45800018310547,26.605499267578125,26.354713439941406,41426000,Yahoo Finance,GOOGL,2026-09-18T13:25:36+08:00,confirmed
2014-12-12,26.371999740600586,26.61199951171875,26.072999954223633,26.07550048828125,25.829713821411133,47314000,Yahoo Finance,GOOGL,2026-09-18T13:25:36+08:00,confirmed
2014-12-15,26.187999725341797,26.26849937438965,25.770000457763672,25.79199981689453,25.54888153076172,52352000,Yahoo Finance,GOOGL,2026-09-18T13:25:36+08:00,confirmed
2014-12-16,25.68000030517578,25.77899932861328,24.859500885009766,24.908000946044922,24.6732177734375,86998000,Yahoo Finance,GOOGL,2026-09-18T13:25:36+08:00,confirmed
2014-12-17,24.993000030517578,25.453500747680664,24.95549964904785,25.322500228881836,25.083810806274414,72788000,Yahoo Finance,GOOGL,2026-09-18T13:25:36+08:00,confirmed
2014-12-18,25.79949951171875,25.8125,25.327999114990234,25.731000900268555,25.488460540771484,77534000,Yahoo Finance,GOOGL,2026-09-18T13:25:36+08:00,confirmed
2014-12-19,25.84950065612793,26.04050064086914,25.44300079345703,26.00200080871582,25.756906509399414,97442000,Yahoo Finance,GOOGL,2026-09-18T13:25:36+08:00,confirmed
2014-12-22,26.030500411987305,26.648500442504883,26.029499053955078,26.614999771118164,26.36412811279297,66390000,Yahoo Finance,GOOGL,2026-09-18T13:25:36+08:00,confirmed
2014-12-23,26.725500106811523,27.114999771118164,26.68600082397461,26.938499450683594,26.684579849243164,57544000,Yahoo Finance,GOOGL,2026-09-18T13:25:36+08:00,confirmed
2014-12-24,26.94099998474121,27.01449966430664,26.7549991607666,26.846500396728516,26.593442916870117,14754000,Yahoo Finance,GOOGL,2026-09-18T13:25:36+08:00,confirmed
2014-12-26,26.846500396728516,27.162500381469727,26.774499893188477,27.076000213623047,26.820783615112305,22270000,Yahoo Finance,GOOGL,2026-09-18T13:25:36+08:00,confirmed
2014-12-29,27.024999618530273,27.196500778198242,26.857999801635742,26.86549949645996,26.612266540527344,44300000,Yahoo Finance,GOOGL,2026-09-18T13:25:36+08:00,confirmed
2014-12-30,26.74799919128418,26.892000198364258,26.680500030517578,26.763999938964844,26.511722564697266,20972000,Yahoo Finance,GOOGL,2026-09-18T13:25:36+08:00,confirmed
2014-12-31,26.886999130249023,26.920000076293945,26.510000228881836,26.533000946044922,26.282899856567383,24648000,Yahoo Finance,GOOGL,2026-09-18T13:25:36+08:00,confirmed
2015-01-02,26.6299991607666,26.790000915527344,26.393999099731445,26.477500915527344,26.227924346923828,26480000,Yahoo Finance,GOOGL,2026-09-18T13:25:36+08:00,confirmed
2015-01-05,26.357500076293945,26.399499893188477,25.887500762939453,25.972999572753906,25.728178024291992,41182000,Yahoo Finance,GOOGL,2026-09-18T13:25:36+08:00,confirmed
2015-01-06,26.024999618530273,26.06049919128418,25.27750015258789,25.332000732421875,25.09322166442871,54456000,Yahoo Finance,GOOGL,2026-09-18T13:25:36+08:00,confirmed
2015-01-07,25.547500610351562,25.574499130249023,25.1825008392334,25.25749969482422,25.019424438476562,46918000,Yahoo Finance,GOOGL,2026-09-18T13:25:36+08:00,confirmed
2015-01-08,25.07550048828125,25.375,24.750999450683594,25.345500946044922,25.106597900390625,73054000,Yahoo Finance,GOOGL,2026-09-18T13:25:36+08:00,confirmed
2015-01-09,25.409000396728516,25.43000030517578,24.9325008392334,25.035999298095703,24.80000877380371,42000000,Yahoo Finance,GOOGL,2026-09-18T13:25:36+08:00,confirmed
2015-01-12,24.961999893188477,25.013999938964844,24.545499801635742,24.85300064086914,24.618736267089844,57138000,Yahoo Finance,GOOGL,2026-09-18T13:25:36+08:00,confirmed
2015-01-13,25.12849998474121,25.43000030517578,24.863000869750977,25.09000015258789,24.853500366210938,60958000,Yahoo Finance,GOOGL,2026-09-18T13:25:36+08:00,confirmed
2015-01-14,25.020999908447266,25.413000106811523,24.908000946044922,25.296499252319336,25.058053970336914,52800000,Yahoo Finance,GOOGL,2026-09-18T13:25:36+08:00,confirmed
2015-01-15,25.444499969482422,25.487499237060547,25.100500106811523,25.20050048828125,24.962961196899414,51068000,Yahoo Finance,GOOGL,2026-09-18T13:25:36+08:00,confirmed
2015-01-16,25.157499313354492,25.542499542236328,25.154499053955078,25.523000717163086,25.282419204711914,49658000,Yahoo Finance,GOOGL,2026-09-18T13:25:36+08:00,confirmed
2015-01-20,25.638500213623047,25.780500411987305,25.4685001373291,25.496999740600586,25.256664276123047,46796000,Yahoo Finance,GOOGL,2026-09-18T13:25:36+08:00,confirmed
2015-01-21,25.54199981689453,26.092500686645508,25.47949981689453,26.019500732421875,25.774240493774414,46356000,Yahoo Finance,GOOGL,2026-09-18T13:25:36+08:00,confirmed
2015-01-22,26.149999618530273,26.941999435424805,26.095500946044922,26.864999771118164,26.61176872253418,56068000,Yahoo Finance,GOOGL,2026-09-18T13:25:36+08:00,confirmed
2015-01-23,26.901500701904297,27.27050018310547,26.787500381469727,27.09749984741211,26.842077255249023,45966000,Yahoo Finance,GOOGL,2026-09-18T13:25:36+08:00,confirmed
2015-01-26,27.075000762939453,27.075000762939453,26.603500366210938,26.836000442504883,26.583044052124023,30932000,Yahoo Finance,GOOGL,2026-09-18T13:25:36+08:00,confirmed
2015-01-27,26.56999969482422,26.638999938964844,26.042999267578125,26.059499740600586,25.813858032226562,39148000,Yahoo Finance,GOOGL,2026-09-18T13:25:36+08:00,confirmed
2015-01-28,26.25,26.284500122070312,25.61750030517578,25.62150001525879,25.379995346069336,35822000,Yahoo Finance,GOOGL,2026-09-18T13:25:36+08:00,confirmed
2015-01-29,25.645000457763672,25.75950050354004,25.173999786376953,25.661500930786133,25.41961669921875,79018000,Yahoo Finance,GOOGL,2026-09-18T13:25:36+08:00,confirmed
2015-01-30,25.950000762939453,27.155000686645508,25.909000396728516,26.877500534057617,26.62415313720703,121108000,Yahoo Finance,GOOGL,2026-09-18T13:25:36+08:00,confirmed
2015-02-02,26.715999603271484,26.825000762939453,26.086000442504883,26.610000610351562,26.359176635742188,75378000,Yahoo Finance,GOOGL,2026-09-18T13:25:36+08:00,confirmed
2015-02-03,26.496999740600586,26.872499465942383,26.340499877929688,26.665000915527344,26.413654327392578,47062000,Yahoo Finance,GOOGL,2026-09-18T13:25:36+08:00,confirmed
2015-02-04,26.656999588012695,26.837499618530273,26.25149917602539,26.30500030517578,26.057048797607422,33896000,Yahoo Finance,GOOGL,2026-09-18T13:25:36+08:00,confirmed
2015-02-05,26.396499633789062,26.534500122070312,26.281999588012695,26.491500854492188,26.241790771484375,33176000,Yahoo Finance,GOOGL,2026-09-18T13:25:36+08:00,confirmed
2015-02-06,26.550500869750977,27.01099967956543,26.4325008392334,26.694000244140625,26.4423828125,42938000,Yahoo Finance,GOOGL,2026-09-18T13:25:36+08:00,confirmed
2015-02-09,26.55299949645996,26.694000244140625,26.377500534057617,26.464000701904297,26.21455192565918,30314000,Yahoo Finance,GOOGL,2026-09-18T13:25:36+08:00,confirmed
2015-02-10,26.607500076293945,27.049999237060547,26.458499908447266,27.007999420166016,26.753421783447266,47430000,Yahoo Finance,GOOGL,2026-09-18T13:25:36+08:00,confirmed
2015-02-11,26.986499786376953,27.09749984741211,26.799999237060547,26.899999618530273,26.646442413330078,38306000,Yahoo Finance,GOOGL,2026-09-18T13:25:36+08:00,confirmed
2015-02-12,26.982999801635742,27.41699981689453,26.850000381469727,27.300500869750977,27.043167114257812,48590000,Yahoo Finance,GOOGL,2026-09-18T13:25:36+08:00,confirmed
2015-02-13,27.375499725341797,27.62700080871582,27.329999923706055,27.558000564575195,27.298240661621094,47382000,Yahoo Finance,GOOGL,2026-09-18T13:25:36+08:00,confirmed
2015-02-17,27.558000564575195,27.649999618530273,27.163000106811523,27.250499725341797,26.993635177612305,39174000,Yahoo Finance,GOOGL,2026-09-18T13:25:36+08:00,confirmed
2015-02-18,27.19099998474121,27.377500534057617,26.977500915527344,27.13249969482422,26.876747131347656,31164000,Yahoo Finance,GOOGL,2026-09-18T13:25:36+08:00,confirmed
2015-02-19,27.12350082397461,27.343000411987305,27.037500381469727,27.322500228881836,27.064958572387695,30834000,Yahoo Finance,GOOGL,2026-09-18T13:25:36+08:00,confirmed
2015-02-20,27.378999710083008,27.378999710083008,26.905000686645508,27.09000015258789,26.83465003967285,38234000,Yahoo Finance,GOOGL,2026-09-18T13:25:36+08:00,confirmed
2015-02-23,26.950000762939453,26.96500015258789,26.600000381469727,26.75,26.49785614013672,32906000,Yahoo Finance,GOOGL,2026-09-18T13:25:36+08:00,confirmed
2015-02-24,26.577499389648438,26.969999313354492,26.549999237060547,26.9325008392334,26.678634643554688,28406000,Yahoo Finance,GOOGL,2026-09-18T13:25:36+08:00,confirmed
2015-02-25,26.922000885009766,27.478500366210938,26.90049934387207,27.366500854492188,27.108543395996094,40836000,Yahoo Finance,GOOGL,2026-09-18T13:25:36+08:00,confirmed
2015-02-26,27.28700065612793,28.006500244140625,27.254499435424805,27.964500427246094,27.70090675354004,54032000,Yahoo Finance,GOOGL,2026-09-18T13:25:36+08:00,confirmed
2015-02-27,27.907499313354492,28.47100067138672,27.851499557495117,28.131500244140625,27.8663330078125,68328000,Yahoo Finance,GOOGL,2026-09-18T13:25:36+08:00,confirmed
2015-03-02,28.350000381469727,28.79949951171875,28.157499313354492,28.750999450683594,28.47999382019043,50406000,Yahoo Finance,GOOGL,2026-09-18T13:25:36+08:00,confirmed
2015-03-03,28.8174991607666,29.042499542236328,28.524999618530273,28.93950080871582,28.666719436645508,50526000,Yahoo Finance,GOOGL,2026-09-18T13:25:36+08:00,confirmed
2015-03-04,28.848499298095703,29.081499099731445,28.625999450683594,28.916500091552734,28.64393424987793,37964000,Yahoo Finance,GOOGL,2026-09-18T13:25:36+08:00,confirmed
2015-03-05,28.981000900268555,29.15999984741211,28.911500930786133,29.071500778198242,28.797473907470703,35918000,Yahoo Finance,GOOGL,2026-09-18T13:25:36+08:00,confirmed
2015-03-06,29.100000381469727,29.138999938964844,28.60300064086914,28.645000457763672,28.37499237060547,37592000,Yahoo Finance,GOOGL,2026-09-18T13:25:36+08:00,confirmed
2015-03-09,28.54599952697754,28.772499084472656,28.452499389648438,28.704999923706055,28.43442726135254,23478000,Yahoo Finance,GOOGL,2026-09-18T13:25:36+08:00,confirmed
2015-03-10,28.423999786376953,28.488000869750977,27.990999221801758,27.99250030517578,27.7286434173584,40080000,Yahoo Finance,GOOGL,2026-09-18T13:25:36+08:00,confirmed
2015-03-11,27.989999771118164,28.208999633789062,27.77050018310547,27.784500122070312,27.522605895996094,40524000,Yahoo Finance,GOOGL,2026-09-18T13:25:36+08:00,confirmed
2015-03-12,27.923999786376953,28.091999053955078,27.776500701904297,28.058500289916992,27.794023513793945,35602000,Yahoo Finance,GOOGL,2026-09-18T13:25:36+08:00,confirmed
2015-03-13,27.96150016784668,28.218000411987305,27.51650047302246,27.649999618530273,27.389371871948242,35428000,Yahoo Finance,GOOGL,2026-09-18T13:25:36+08:00,confirmed
2015-03-16,27.846500396728516,28.1875,27.56599998474121,28.082000732421875,27.817304611206055,36856000,Yahoo Finance,GOOGL,2026-09-18T13:25:36+08:00,confirmed
2015-03-17,27.914499282836914,28.031999588012695,27.720500946044922,27.88050079345703,27.61769676208496,28892000,Yahoo Finance,GOOGL,2026-09-18T13:25:36+08:00,confirmed
2015-03-18,27.886499404907227,28.32550048828125,27.674999237060547,28.308000564575195,28.041170120239258,35324000,Yahoo Finance,GOOGL,2026-09-18T13:25:36+08:00,confirmed
2015-03-19,28.22599983215332,28.347999572753906,28.106000900268555,28.183500289916992,27.9178409576416,24660000,Yahoo Finance,GOOGL,2026-09-18T13:25:36+08:00,confirmed
2015-03-20,28.335500717163086,28.354999542236328,28.224000930786133,28.247499465942383,27.981239318847656,44320000,Yahoo Finance,GOOGL,2026-09-18T13:25:36+08:00,confirmed
2015-03-23,28.299999237060547,28.48200035095215,28.152999877929688,28.26849937438965,28.002038955688477,30234000,Yahoo Finance,GOOGL,2026-09-18T13:25:36+08:00,confirmed
2015-03-24,28.427000045776367,29.0939998626709,28.404499053955078,28.87700080871582,28.60480499267578,79156000,Yahoo Finance,GOOGL,2026-09-18T13:25:36+08:00,confirmed
2015-03-25,28.87849998474121,29.00349998474121,28.350000381469727,28.350000381469727,28.082773208618164,53070000,Yahoo Finance,GOOGL,2026-09-18T13:25:36+08:00,confirmed
2015-03-26,28.232500076293945,28.359500885009766,27.91550064086914,28.18199920654297,27.916358947753906,49842000,Yahoo Finance,GOOGL,2026-09-18T13:25:36+08:00,confirmed
2015-03-27,28.09149932861328,28.203500747680664,27.846500396728516,27.877500534057617,27.614727020263672,34552000,Yahoo Finance,GOOGL,2026-09-18T13:25:36+08:00,confirmed
2015-03-30,28.012500762939453,28.107999801635742,27.839500427246094,28.05699920654297,27.792537689208984,24788000,Yahoo Finance,GOOGL,2026-09-18T13:25:36+08:00,confirmed
2015-03-31,27.89699935913086,28.122499465942383,27.73349952697754,27.735000610351562,27.473567962646484,34932000,Yahoo Finance,GOOGL,2026-09-18T13:25:36+08:00,confirmed
2015-04-01,27.741500854492188,27.924999237060547,27.30150032043457,27.47450065612793,27.215524673461914,38902000,Yahoo Finance,GOOGL,2026-09-18T13:25:36+08:00,confirmed
2015-04-02,27.370500564575195,27.399999618530273,27.02199935913086,27.065500259399414,26.810379028320312,47760000,Yahoo Finance,GOOGL,2026-09-18T13:25:36+08:00,confirmed
2015-04-06,26.941999435424805,27.277000427246094,26.78499984741211,27.197500228881836,26.941137313842773,33718000,Yahoo Finance,GOOGL,2026-09-18T13:25:36+08:00,confirmed
2015-04-07,27.249500274658203,27.507999420166016,27.179500579833984,27.243000030517578,26.986207962036133,27318000,Yahoo Finance,GOOGL,2026-09-18T13:25:36+08:00,confirmed
2015-04-08,27.299999237060547,27.575000762939453,27.299999237060547,27.441999435424805,27.18332862854004,28386000,Yahoo Finance,GOOGL,2026-09-18T13:25:36+08:00,confirmed
2015-04-09,27.460500717163086,27.4685001373291,27.09749984741211,27.400999069213867,27.142717361450195,32366000,Yahoo Finance,GOOGL,2026-09-18T13:25:36+08:00,confirmed
2015-04-10,27.478500366210938,27.49250030517578,27.249000549316406,27.427000045776367,27.168472290039062,26104000,Yahoo Finance,GOOGL,2026-09-18T13:25:36+08:00,confirmed
2015-04-13,27.352500915527344,27.66349983215332,27.315000534057617,27.43199920654297,27.173425674438477,29326000,Yahoo Finance,GOOGL,2026-09-18T13:25:36+08:00,confirmed
2015-04-14,27.328500747680664,27.328500747680664,26.78700065612793,26.98900032043457,26.734603881835938,47206000,Yahoo Finance,GOOGL,2026-09-18T13:25:36+08:00,confirmed
2015-04-15,26.898000717163086,27.159500122070312,26.618499755859375,27.052000045776367,26.797008514404297,46962000,Yahoo Finance,GOOGL,2026-09-18T13:25:36+08:00,confirmed
2015-04-16,26.917499542236328,27.261499404907227,26.905000686645508,27.176000595092773,26.919841766357422,31722000,Yahoo Finance,GOOGL,2026-09-18T13:25:36+08:00,confirmed
2015-04-17,26.86549949645996,26.989999771118164,26.450000762939453,26.636999130249023,26.38591957092285,49234000,Yahoo Finance,GOOGL,2026-09-18T13:25:36+08:00,confirmed
2015-04-20,26.6875,27.290000915527344,26.667499542236328,27.226499557495117,26.96986198425293,38508000,Yahoo Finance,GOOGL,2026-09-18T13:25:36+08:00,confirmed
2015-04-21,27.315500259399414,27.388500213623047,27.11050033569336,27.145999908447266,26.890121459960938,29128000,Yahoo Finance,GOOGL,2026-09-18T13:25:36+08:00,confirmed
2015-04-22,27.152999877929688,27.549999237060547,27.06599998474121,27.458999633789062,27.20016860961914,31806000,Yahoo Finance,GOOGL,2026-09-18T13:25:36+08:00,confirmed
2015-04-23,27.52050018310547,28.058500289916992,27.503999710083008,27.87299919128418,27.610267639160156,78184000,Yahoo Finance,GOOGL,2026-09-18T13:25:36+08:00,confirmed
2015-04-24,29.002500534057617,29.235000610351562,28.417499542236328,28.683000564575195,28.412633895874023,92168000,Yahoo Finance,GOOGL,2026-09-18T13:25:36+08:00,confirmed
2015-04-27,28.638500213623047,28.775999069213867,28.114999771118164,28.305999755859375,28.039186477661133,48062000,Yahoo Finance,GOOGL,2026-09-18T13:25:36+08:00,confirmed
2015-04-28,28.215999603271484,28.39150047302246,28.04800033569336,28.2185001373291,27.9525146484375,37178000,Yahoo Finance,GOOGL,2026-09-18T13:25:36+08:00,confirmed
2015-04-29,28.02549934387207,28.29199981689453,27.950000762939453,28.069499969482422,27.804914474487305,33622000,Yahoo Finance,GOOGL,2026-09-18T13:25:36+08:00,confirmed
2015-04-30,27.92799949645996,28.055500030517578,27.336000442504883,27.438499450683594,27.179861068725586,47240000,Yahoo Finance,GOOGL,2026-09-18T13:25:36+08:00,confirmed
2015-05-01,27.52549934387207,27.56100082397461,27.1924991607666,27.558000564575195,27.298240661621094,36572000,Yahoo Finance,GOOGL,2026-09-18T13:25:36+08:00,confirmed
2015-05-04,27.54949951171875,27.83449935913086,27.36949920654297,27.642000198364258,27.381444931030273,35260000,Yahoo Finance,GOOGL,2026-09-18T13:25:36+08:00,confirmed
2015-05-05,27.507999420166016,27.63050079345703,27.118499755859375,27.152000427246094,26.89606285095215,28528000,Yahoo Finance,GOOGL,2026-09-18T13:25:36+08:00,confirmed
2015-05-06,27.131999969482422,27.196500778198242,26.61199951171875,26.753999710083008,26.50181770324707,39034000,Yahoo Finance,GOOGL,2026-09-18T13:25:36+08:00,confirmed
2015-05-07,26.795000076293945,27.260000228881836,26.672500610351562,27.101999282836914,26.84653663635254,31844000,Yahoo Finance,GOOGL,2026-09-18T13:25:36+08:00,confirmed
2015-05-08,27.443500518798828,27.639999389648438,27.401500701904297,27.447500228881836,27.188777923583984,28226000,Yahoo Finance,GOOGL,2026-09-18T13:25:36+08:00,confirmed
2015-05-11,27.42449951171875,27.668500900268555,27.280000686645508,27.288999557495117,27.03177261352539,21858000,Yahoo Finance,GOOGL,2026-09-18T13:25:36+08:00,confirmed
2015-05-12,27.140499114990234,27.148000717163086,26.75,26.936500549316406,26.682594299316406,35282000,Yahoo Finance,GOOGL,2026-09-18T13:25:36+08:00,confirmed
2015-05-13,27.023500442504883,27.191999435424805,26.948999404907227,26.97450065612793,26.720237731933594,24238000,Yahoo Finance,GOOGL,2026-09-18T13:25:36+08:00,confirmed
2015-05-14,27.19849967956543,27.484500885009766,27.125,27.459999084472656,27.201160430908203,31736000,Yahoo Finance,GOOGL,2026-09-18T13:25:36+08:00,confirmed
2015-05-15,27.519500732421875,27.530000686645508,27.125,27.324499130249023,27.066936492919922,33440000,Yahoo Finance,GOOGL,2026-09-18T13:25:36+08:00,confirmed
2015-05-18,27.19099998474121,27.41699981689453,27.112499237060547,27.333499908447266,27.075851440429688,26706000,Yahoo Finance,GOOGL,2026-09-18T13:25:36+08:00,confirmed
2015-05-19,27.399999618530273,27.670000076293945,27.356000900268555,27.464000701904297,27.205127716064453,47126000,Yahoo Finance,GOOGL,2026-09-18T13:25:36+08:00,confirmed
2015-05-20,27.54599952697754,27.803499221801758,27.2549991607666,27.625499725341797,27.365100860595703,30840000,Yahoo Finance,GOOGL,2026-09-18T13:25:36+08:00,confirmed
2015-05-21,27.510000228881836,27.88050079345703,27.46500015258789,27.840499877929688,27.578073501586914,34170000,Yahoo Finance,GOOGL,2026-09-18T13:25:36+08:00,confirmed
2015-05-22,27.722999572753906,27.91200065612793,27.680999755859375,27.72599983215332,27.46465301513672,24266000,Yahoo Finance,GOOGL,2026-09-18T13:25:36+08:00,confirmed
2015-05-26,27.628999710083008,27.666500091552734,27.148500442504883,27.359500885009766,27.101608276367188,37474000,Yahoo Finance,GOOGL,2026-09-18T13:25:36+08:00,confirmed
2015-05-27,27.43400001525879,27.76449966430664,27.32900047302246,27.712499618530273,27.451282501220703,34844000,Yahoo Finance,GOOGL,2026-09-18T13:25:36+08:00,confirmed
2015-05-28,27.68950080871582,27.788000106811523,27.540000915527344,27.708999633789062,27.447813034057617,23544000,Yahoo Finance,GOOGL,2026-09-18T13:25:36+08:00,confirmed
2015-05-29,27.65999984741211,27.69700050354004,27.25200080871582,27.266000747680664,27.00899314880371,43446000,Yahoo Finance,GOOGL,2026-09-18T13:25:36+08:00,confirmed
2015-06-01,27.436500549316406,27.528499603271484,27.179000854492188,27.460500717163086,27.201658248901367,33210000,Yahoo Finance,GOOGL,2026-09-18T13:25:36+08:00,confirmed
2015-06-02,27.37150001525879,27.93950080871582,27.327499389648438,27.697500228881836,27.436424255371094,31842000,Yahoo Finance,GOOGL,2026-09-18T13:25:36+08:00,confirmed
2015-06-03,27.7549991607666,27.899499893188477,27.607500076293945,27.76449966430664,27.502790451049805,26710000,Yahoo Finance,GOOGL,2026-09-18T13:25:36+08:00,confirmed
2015-06-04,27.608999252319336,27.79800033569336,27.45599937438965,27.58449935913086,27.32448959350586,26866000,Yahoo Finance,GOOGL,2026-09-18T13:25:36+08:00,confirmed
2015-06-05,27.600000381469727,27.666500091552734,27.368999481201172,27.476499557495117,27.217504501342773,24396000,Yahoo Finance,GOOGL,2026-09-18T13:25:36+08:00,confirmed
2015-06-08,27.480499267578125,27.493499755859375,27.147499084472656,27.173999786376953,26.917858123779297,27336000,Yahoo Finance,GOOGL,2026-09-18T13:25:36+08:00,confirmed
2015-06-09,27.17099952697754,27.242000579833984,26.9424991607666,27.107999801635742,26.852479934692383,30016000,Yahoo Finance,GOOGL,2026-09-18T13:25:36+08:00,confirmed
2015-06-10,27.28499984741211,27.73900032043457,27.25550079345703,27.6299991607666,27.369558334350586,30316000,Yahoo Finance,GOOGL,2026-09-18T13:25:36+08:00,confirmed
2015-06-11,27.72450065612793,27.741500854492188,27.458499908447266,27.50200080871582,27.242767333984375,25872000,Yahoo Finance,GOOGL,2026-09-18T13:25:36+08:00,confirmed
2015-06-12,27.357500076293945,27.4424991607666,27.2814998626709,27.37350082397461,27.115476608276367,25468000,Yahoo Finance,GOOGL,2026-09-18T13:25:36+08:00,confirmed
2015-06-15,27.136499404907227,27.202499389648438,26.960500717163086,27.149999618530273,26.894084930419922,27150000,Yahoo Finance,GOOGL,2026-09-18T13:25:36+08:00,confirmed
2015-06-16,27.224000930786133,27.33449935913086,27.078500747680664,27.243499755859375,26.98670196533203,32526000,Yahoo Finance,GOOGL,2026-09-18T13:25:36+08:00,confirmed
2015-06-17,27.270999908447266,27.417999267578125,27.090499877929688,27.329999923706055,27.072385787963867,24440000,Yahoo Finance,GOOGL,2026-09-18T13:25:36+08:00,confirmed
2015-06-18,27.399999618530273,27.862499237060547,27.399999618530273,27.80900001525879,27.546871185302734,41192000,Yahoo Finance,GOOGL,2026-09-18T13:25:36+08:00,confirmed
2015-06-19,27.826000213623047,27.89550018310547,27.613000869750977,27.875999450683594,27.61324119567871,59290000,Yahoo Finance,GOOGL,2026-09-18T13:25:36+08:00,confirmed
2015-06-22,27.970500946044922,28.280500411987305,27.945499420166016,27.983999252319336,27.7202205657959,34752000,Yahoo Finance,GOOGL,2026-09-18T13:25:36+08:00,confirmed
2015-06-23,27.989500045776367,28.2450008392334,27.857500076293945,28.16950035095215,27.90397834777832,31396000,Yahoo Finance,GOOGL,2026-09-18T13:25:36+08:00,confirmed
2015-06-24,28.124000549316406,28.131999969482422,27.840499877929688,27.928499221801758,27.665245056152344,28924000,Yahoo Finance,GOOGL,2026-09-18T13:25:36+08:00,confirmed
2015-06-25,28.014999389648438,28.156999588012695,27.87299919128418,27.897499084472656,27.634536743164062,26684000,Yahoo Finance,GOOGL,2026-09-18T13:25:36+08:00,confirmed
2015-06-26,27.98550033569336,28.0,27.592500686645508,27.652999877929688,27.39234733581543,43676000,Yahoo Finance,GOOGL,2026-09-18T13:25:36+08:00,confirmed
2015-06-29,27.337499618530273,27.545000076293945,27.011999130249023,27.0625,26.807405471801758,37756000,Yahoo Finance,GOOGL,2026-09-18T13:25:36+08:00,confirmed
2015-06-30,27.254499435424805,27.295000076293945,26.976999282836914,27.00200080871582,26.747482299804688,34510000,Yahoo Finance,GOOGL,2026-09-18T13:25:36+08:00,confirmed
2015-07-01,27.183000564575195,27.29050064086914,26.988000869750977,27.165000915527344,26.90894317626953,30760000,Yahoo Finance,GOOGL,2026-09-18T13:25:36+08:00,confirmed
2015-07-02,27.23699951171875,27.399999618530273,27.178499221801758,27.367000579833984,27.109041213989258,28124000,Yahoo Finance,GOOGL,2026-09-18T13:25:36+08:00,confirmed
2015-07-06,27.112499237060547,27.429000854492188,27.104999542236328,27.2810001373291,27.023847579956055,25614000,Yahoo Finance,GOOGL,2026-09-18T13:25:36+08:00,confirmed
2015-07-07,27.37150001525879,27.549999237060547,26.99250030517578,27.50149917602539,27.24226951599121,33578000,Yahoo Finance,GOOGL,2026-09-18T13:25:36+08:00,confirmed
2015-07-08,27.280000686645508,27.413999557495117,27.059999465942383,27.084999084472656,26.829696655273438,27662000,Yahoo Finance,GOOGL,2026-09-18T13:25:36+08:00,confirmed
2015-07-09,27.4325008392334,27.444000244140625,27.231000900268555,27.232500076293945,26.97580909729004,29766000,Yahoo Finance,GOOGL,2026-09-18T13:25:36+08:00,confirmed
2015-07-10,27.68549919128418,27.964500427246094,27.600000381469727,27.805500030517578,27.543405532836914,43436000,Yahoo Finance,GOOGL,2026-09-18T13:25:36+08:00,confirmed
2015-07-13,27.975500106811523,28.642499923706055,27.934999465942383,28.58650016784668,28.317041397094727,41792000,Yahoo Finance,GOOGL,2026-09-18T13:25:36+08:00,confirmed
2015-07-14,28.725000381469727,29.48550033569336,28.708499908447266,29.208999633789062,28.93367576599121,74832000,Yahoo Finance,GOOGL,2026-09-18T13:25:36+08:00,confirmed
2015-07-15,29.187000274658203,29.434499740600586,29.010499954223633,29.197999954223633,28.922779083251953,41466000,Yahoo Finance,GOOGL,2026-09-18T13:25:36+08:00,confirmed
2015-07-16,29.475000381469727,30.225000381469727,29.395999908447266,30.089000701904297,29.80537986755371,112642000,Yahoo Finance,GOOGL,2026-09-18T13:25:36+08:00,confirmed
2015-07-17,34.0,35.150001525878906,33.900001525878906,34.98099899291992,34.651268005371094,257162000,Yahoo Finance,GOOGL,2026-09-18T13:25:36+08:00,confirmed
2015-07-20,34.44900131225586,34.88999938964844,34.0885009765625,34.641998291015625,34.31546401977539,102436000,Yahoo Finance,GOOGL,2026-09-18T13:25:36+08:00,confirmed
2015-07-21,34.24399948120117,35.279998779296875,34.20750045776367,34.76750183105469,34.439781188964844,75604000,Yahoo Finance,GOOGL,2026-09-18T13:25:36+08:00,confirmed
2015-07-22,34.70100021362305,35.666500091552734,34.58100128173828,34.755001068115234,34.42740249633789,83100000,Yahoo Finance,GOOGL,2026-09-18T13:25:36+08:00,confirmed
2015-07-23,34.592498779296875,34.80350112915039,33.579498291015625,33.73649978637695,33.418495178222656,76232000,Yahoo Finance,GOOGL,2026-09-18T13:25:36+08:00,confirmed
2015-07-24,33.8385009765625,33.88949966430664,32.659000396728516,32.73849868774414,32.429901123046875,82622000,Yahoo Finance,GOOGL,2026-09-18T13:25:36+08:00,confirmed
2015-07-27,32.57849884033203,33.35350036621094,32.57749938964844,32.91350173950195,32.6032600402832,58382000,Yahoo Finance,GOOGL,2026-09-18T13:25:36+08:00,confirmed
2015-07-28,33.0880012512207,33.20500183105469,32.670501708984375,32.983001708984375,32.67210388183594,34364000,Yahoo Finance,GOOGL,2026-09-18T13:25:36+08:00,confirmed
2015-07-29,33.112998962402344,33.166500091552734,32.641998291015625,33.07149887084961,32.759765625,36756000,Yahoo Finance,GOOGL,2026-09-18T13:25:36+08:00,confirmed
2015-07-30,32.87200164794922,33.40250015258789,32.58449935913086,33.22800064086914,32.91478729248047,39606000,Yahoo Finance,GOOGL,2026-09-18T13:25:36+08:00,confirmed
2015-07-31,33.23500061035156,33.25,32.86000061035156,32.875,32.56511688232422,34922000,Yahoo Finance,GOOGL,2026-09-18T13:25:36+08:00,confirmed
2015-08-03,32.882999420166016,33.333499908447266,32.882999420166016,33.236000061035156,32.9227180480957,31348000,Yahoo Finance,GOOGL,2026-09-18T13:25:36+08:00,confirmed
2015-08-04,33.21699905395508,33.400001525878906,33.0255012512207,33.06399917602539,32.75233840942383,26188000,Yahoo Finance,GOOGL,2026-09-18T13:25:36+08:00,confirmed
2015-08-05,33.287498474121094,33.99549865722656,33.27899932861328,33.66450119018555,33.34718322753906,36448000,Yahoo Finance,GOOGL,2026-09-18T13:25:36+08:00,confirmed
2015-08-06,33.699501037597656,33.73749923706055,33.0364990234375,33.50749969482422,33.1916618347168,40660000,Yahoo Finance,GOOGL,2026-09-18T13:25:36+08:00,confirmed
2015-08-07,33.388999938964844,33.439998626708984,32.94350051879883,33.21950149536133,32.90637969970703,27544000,Yahoo Finance,GOOGL,2026-09-18T13:25:36+08:00,confirmed
2015-08-10,33.35449981689453,33.58100128173828,33.01150131225586,33.15700149536133,32.84446334838867,34458000,Yahoo Finance,GOOGL,2026-09-18T13:25:36+08:00,confirmed
2015-08-11,34.979000091552734,35.20000076293945,34.215999603271484,34.51499938964844,34.189666748046875,109880000,Yahoo Finance,GOOGL,2026-09-18T13:25:36+08:00,confirmed
2015-08-12,34.7244987487793,34.79999923706055,34.0255012512207,34.57350158691406,34.24761199951172,58498000,Yahoo Finance,GOOGL,2026-09-18T13:25:36+08:00,confirmed
2015-08-13,34.459999084472656,34.701499938964844,34.10900115966797,34.32550048828125,34.001949310302734,36354000,Yahoo Finance,GOOGL,2026-09-18T13:25:36+08:00,confirmed
2015-08-14,34.20199966430664,34.612998962402344,34.14500045776367,34.46849822998047,34.14360046386719,27598000,Yahoo Finance,GOOGL,2026-09-18T13:25:36+08:00,confirmed
2015-08-17,34.402000427246094,34.73699951171875,34.15299987792969,34.705501556396484,34.37836456298828,24680000,Yahoo Finance,GOOGL,2026-09-18T13:25:36+08:00,confirmed
2015-08-18,34.55350112915039,34.78799819946289,34.26599884033203,34.436500549316406,34.111900329589844,27710000,Yahoo Finance,GOOGL,2026-09-18T13:25:36+08:00,confirmed
2015-08-19,34.50550079345703,35.0099983215332,34.34000015258789,34.70199966430664,34.37489318847656,50194000,Yahoo Finance,GOOGL,2026-09-18T13:25:36+08:00,confirmed
2015-08-20,34.45500183105469,34.80799865722656,33.763999938964844,33.9739990234375,33.65376281738281,57798000,Yahoo Finance,GOOGL,2026-09-18T13:25:36+08:00,confirmed
2015-08-21,33.551998138427734,33.644500732421875,32.154998779296875,32.201499938964844,31.897966384887695,91880000,Yahoo Finance,GOOGL,2026-09-18T13:25:36+08:00,confirmed
2015-08-24,30.030000686645508,31.384000778198242,29.654499053955078,30.905500411987305,30.614185333251953,129788000,Yahoo Finance,GOOGL,2026-09-18T13:25:36+08:00,confirmed
2015-08-25,32.32350158691406,32.349998474121094,30.583499908447266,30.62350082397461,30.3348445892334,71430000,Yahoo Finance,GOOGL,2026-09-18T13:25:36+08:00,confirmed
2015-08-26,32.154998779296875,33.124000549316406,31.51849937438965,32.98699951171875,32.67606735229492,87740000,Yahoo Finance,GOOGL,2026-09-18T13:25:36+08:00,confirmed
2015-08-27,33.5994987487793,33.69900131225586,32.55500030517578,33.39799880981445,33.08319091796875,58974000,Yahoo Finance,GOOGL,2026-09-18T13:25:36+08:00,confirmed
2015-08-28,33.28799819946289,33.349998474121094,32.6875,32.984500885009766,32.673583984375,38836000,Yahoo Finance,GOOGL,2026-09-18T13:25:36+08:00,confirmed
2015-08-31,32.71699905395508,33.22050094604492,32.317501068115234,32.39099884033203,32.08567810058594,38936000,Yahoo Finance,GOOGL,2026-09-18T13:25:36+08:00,confirmed
2015-09-01,31.690500259399414,32.22200012207031,31.253000259399414,31.47800064086914,31.181289672851562,51458000,Yahoo Finance,GOOGL,2026-09-18T13:25:36+08:00,confirmed
2015-09-02,31.899999618530273,32.25299835205078,31.531999588012695,32.24549865722656,31.941551208496094,37630000,Yahoo Finance,GOOGL,2026-09-18T13:25:36+08:00,confirmed
2015-09-03,32.39649963378906,32.5625,31.690500259399414,31.852500915527344,31.552261352539062,34572000,Yahoo Finance,GOOGL,2026-09-18T13:25:36+08:00,confirmed
2015-09-04,31.485000610351562,31.725000381469727,31.325000762939453,31.447999954223633,31.151573181152344,40478000,Yahoo Finance,GOOGL,2026-09-18T13:25:36+08:00,confirmed
2015-09-08,32.04999923706055,32.25199890136719,31.645000457763672,32.194000244140625,31.890539169311523,39092000,Yahoo Finance,GOOGL,2026-09-18T13:25:36+08:00,confirmed
2015-09-09,32.59400177001953,32.86800003051758,32.04499816894531,32.170501708984375,31.86726188659668,40978000,Yahoo Finance,GOOGL,2026-09-18T13:25:36+08:00,confirmed
2015-09-10,32.19499969482422,32.744998931884766,32.084999084472656,32.55400085449219,32.24714279174805,27850000,Yahoo Finance,GOOGL,2026-09-18T13:25:36+08:00,confirmed
2015-09-11,32.510501861572266,32.765499114990234,32.37049865722656,32.76499938964844,32.45615005493164,34892000,Yahoo Finance,GOOGL,2026-09-18T13:25:36+08:00,confirmed
2015-09-14,32.78150177001953,32.79600143432617,32.474998474121094,32.62350082397461,32.31599044799805,29942000,Yahoo Finance,GOOGL,2026-09-18T13:25:36+08:00,confirmed
2015-09-15,32.83549880981445,33.442501068115234,32.66699981689453,33.253501892089844,32.9400520324707,35546000,Yahoo Finance,GOOGL,2026-09-18T13:25:36+08:00,confirmed
2015-09-16,33.27750015258789,33.403499603271484,33.11000061035156,33.2760009765625,32.96234130859375,26252000,Yahoo Finance,GOOGL,2026-09-18T13:25:36+08:00,confirmed
2015-09-17,33.3745002746582,34.0994987487793,33.25,33.583499908447266,33.26694107055664,47752000,Yahoo Finance,GOOGL,2026-09-18T13:25:36+08:00,confirmed
2015-09-18,33.25299835205078,33.492000579833984,33.00149917602539,33.04600143432617,32.73451614379883,72544000,Yahoo Finance,GOOGL,2026-09-18T13:25:36+08:00,confirmed
2015-09-21,33.2755012512207,33.45000076293945,32.900001525878906,33.3489990234375,33.03465270996094,39094000,Yahoo Finance,GOOGL,2026-09-18T13:25:36+08:00,confirmed
2015-09-22,32.87350082397461,32.941001892089844,32.25149917602539,32.65999984741211,32.352142333984375,54362000,Yahoo Finance,GOOGL,2026-09-18T13:25:36+08:00,confirmed
2015-09-23,32.64500045776367,33.013999938964844,32.5364990234375,32.66450119018555,32.35660934448242,29160000,Yahoo Finance,GOOGL,2026-09-18T13:25:36+08:00,confirmed
2015-09-24,32.44850158691406,32.8385009765625,32.10850143432617,32.74549865722656,32.43684005737305,38692000,Yahoo Finance,GOOGL,2026-09-18T13:25:36+08:00,confirmed
2015-09-25,32.92900085449219,32.92900085449219,31.982999801635742,32.00749969482422,31.70579719543457,48480000,Yahoo Finance,GOOGL,2026-09-18T13:25:36+08:00,confirmed
2015-09-28,31.952499389648438,32.14250183105469,30.892000198364258,31.212499618530273,30.918289184570312,47646000,Yahoo Finance,GOOGL,2026-09-18T13:25:36+08:00,confirmed
2015-09-29,31.274999618530273,31.733999252319336,30.901500701904297,31.13050079345703,30.837066650390625,42130000,Yahoo Finance,GOOGL,2026-09-18T13:25:36+08:00,confirmed
2015-09-30,31.59149932861328,31.965499877929688,31.457500457763672,31.918500900268555,31.617633819580078,52954000,Yahoo Finance,GOOGL,2026-09-18T13:25:36+08:00,confirmed
2015-10-01,31.89699935913086,32.19200134277344,31.555999755859375,32.099998474121094,31.797426223754883,42506000,Yahoo Finance,GOOGL,2026-09-18T13:25:36+08:00,confirmed
2015-10-02,31.90049934387207,32.849998474121094,31.674999237060547,32.8494987487793,32.53986358642578,48788000,Yahoo Finance,GOOGL,2026-09-18T13:25:36+08:00,confirmed
2015-10-05,33.08000183105469,33.6515007019043,32.79349899291992,33.58399963378906,33.26744079589844,37960000,Yahoo Finance,GOOGL,2026-09-18T13:25:36+08:00,confirmed
2015-10-06,33.467498779296875,33.939998626708984,33.15399932861328,33.582000732421875,33.26545715332031,42774000,Yahoo Finance,GOOGL,2026-09-18T13:25:36+08:00,confirmed
2015-10-07,33.869998931884766,33.9370002746582,32.90549850463867,33.5,33.184234619140625,44354000,Yahoo Finance,GOOGL,2026-09-18T13:25:36+08:00,confirmed
2015-10-08,33.47249984741211,33.59450149536133,32.7244987487793,33.349998474121094,33.03564453125,39308000,Yahoo Finance,GOOGL,2026-09-18T13:25:36+08:00,confirmed
2015-10-09,33.3745002746582,33.704498291015625,33.11800003051758,33.5620002746582,33.245643615722656,32124000,Yahoo Finance,GOOGL,2026-09-18T13:25:36+08:00,confirmed
2015-10-12,33.45949935913086,33.89899826049805,33.36199951171875,33.82149887084961,33.502689361572266,26684000,Yahoo Finance,GOOGL,2026-09-18T13:25:36+08:00,confirmed
2015-10-13,33.7130012512207,34.42300033569336,33.65549850463867,34.15850067138672,33.836524963378906,42446000,Yahoo Finance,GOOGL,2026-09-18T13:25:36+08:00,confirmed
2015-10-14,34.186500549316406,34.50199890136719,33.94499969482422,34.02050018310547,33.699825286865234,31292000,Yahoo Finance,GOOGL,2026-09-18T13:25:36+08:00,confirmed
2015-10-15,34.26250076293945,34.70800018310547,34.21950149536133,34.6510009765625,34.32438278198242,47156000,Yahoo Finance,GOOGL,2026-09-18T13:25:36+08:00,confirmed
2015-10-16,34.77000045776367,34.81100082397461,34.45500183105469,34.76599884033203,34.43829345703125,36316000,Yahoo Finance,GOOGL,2026-09-18T13:25:36+08:00,confirmed
2015-10-19,34.70000076293945,35.012001037597656,34.61050033569336,34.997501373291016,34.66761779785156,30172000,Yahoo Finance,GOOGL,2026-09-18T13:25:36+08:00,confirmed
2015-10-20,34.894500732421875,34.900001525878906,33.683998107910156,34.0,33.67952346801758,52434000,Yahoo Finance,GOOGL,2026-09-18T13:25:36+08:00,confirmed
2015-10-21,34.160499572753906,34.244998931884766,33.53499984741211,33.59000015258789,33.27338409423828,31952000,Yahoo Finance,GOOGL,2026-09-18T13:25:36+08:00,confirmed
2015-10-22,33.77199935913086,34.40250015258789,33.584999084472656,34.05699920654297,33.735984802246094,88632000,Yahoo Finance,GOOGL,2026-09-18T13:25:36+08:00,confirmed
2015-10-23,37.50299835205078,37.625,35.89699935913086,35.96649932861328,35.62748336791992,126726000,Yahoo Finance,GOOGL,2026-09-18T13:25:36+08:00,confirmed
2015-10-26,36.000999450683594,36.747501373291016,36.000999450683594,36.555999755859375,36.211421966552734,48776000,Yahoo Finance,GOOGL,2026-09-18T13:25:36+08:00,confirmed
2015-10-27,36.32849884033203,36.79800033569336,36.207000732421875,36.64099884033203,36.29561996459961,38778000,Yahoo Finance,GOOGL,2026-09-18T13:25:36+08:00,confirmed
2015-10-28,36.650001525878906,36.868499755859375,36.36349868774414,36.84600067138672,36.49869155883789,39604000,Yahoo Finance,GOOGL,2026-09-18T13:25:36+08:00,confirmed
2015-10-29,36.83150100708008,37.339500427246094,36.757999420166016,37.24250030517578,36.89145278930664,36520000,Yahoo Finance,GOOGL,2026-09-18T13:25:36+08:00,confirmed
2015-10-30,37.27799987792969,37.31549835205078,36.826499938964844,36.86949920654297,36.5219612121582,39984000,Yahoo Finance,GOOGL,2026-09-18T13:25:36+08:00,confirmed
2015-11-02,36.72650146484375,37.409000396728516,36.5724983215332,37.387001037597656,37.03458786010742,39914000,Yahoo Finance,GOOGL,2026-09-18T13:25:36+08:00,confirmed
2015-11-03,37.27149963378906,37.584999084472656,37.05799865722656,37.441001892089844,37.08808135986328,36306000,Yahoo Finance,GOOGL,2026-09-18T13:25:36+08:00,confirmed
2015-11-04,37.494998931884766,37.994998931884766,37.459999084472656,37.765499114990234,37.409515380859375,41840000,Yahoo Finance,GOOGL,2026-09-18T13:25:36+08:00,confirmed
2015-11-05,37.94049835205078,38.317501068115234,37.87350082397461,38.03350067138672,37.67500305175781,45486000,Yahoo Finance,GOOGL,2026-09-18T13:25:36+08:00,confirmed
2015-11-06,37.96950149536133,38.1510009765625,37.75149917602539,38.08000183105469,37.721065521240234,33544000,Yahoo Finance,GOOGL,2026-09-18T13:25:36+08:00,confirmed
2015-11-09,37.92599868774414,38.165000915527344,37.455501556396484,37.73849868774414,37.38277816772461,35538000,Yahoo Finance,GOOGL,2026-09-18T13:25:36+08:00,confirmed
2015-11-10,37.67399978637695,38.029998779296875,37.420501708984375,37.91299819946289,37.55562973022461,29798000,Yahoo Finance,GOOGL,2026-09-18T13:25:36+08:00,confirmed
2015-11-11,38.11899948120117,38.45399856567383,37.98749923706055,38.26250076293945,37.90183639526367,41866000,Yahoo Finance,GOOGL,2026-09-18T13:25:36+08:00,confirmed
2015-11-12,38.00899887084961,38.290000915527344,37.792999267578125,37.826499938964844,37.469947814941406,35452000,Yahoo Finance,GOOGL,2026-09-18T13:25:36+08:00,confirmed
2015-11-13,37.70199966430664,37.76649856567383,36.9734992980957,37.003501892089844,36.65470504760742,48188000,Yahoo Finance,GOOGL,2026-09-18T13:25:36+08:00,confirmed
2015-11-16,37.010501861572266,37.58549880981445,36.71649932861328,37.520999908447266,37.16732406616211,50704000,Yahoo Finance,GOOGL,2026-09-18T13:25:36+08:00,confirmed
2015-11-17,37.62350082397461,37.747501373291016,37.20249938964844,37.29899978637695,36.947425842285156,38864000,Yahoo Finance,GOOGL,2026-09-18T13:25:36+08:00,confirmed
2015-11-18,37.47850036621094,38.05500030517578,37.36949920654297,38.0004997253418,37.642303466796875,36266000,Yahoo Finance,GOOGL,2026-09-18T13:25:36+08:00,confirmed
2015-11-19,37.98899841308594,38.1614990234375,37.86149978637695,37.99700164794922,37.63884353637695,28078000,Yahoo Finance,GOOGL,2026-09-18T13:25:36+08:00,confirmed
2015-11-20,38.46500015258789,38.965999603271484,38.20500183105469,38.849998474121094,38.483795166015625,55478000,Yahoo Finance,GOOGL,2026-09-18T13:25:36+08:00,confirmed
2015-11-23,38.87350082397461,39.14500045776367,38.675498962402344,38.834999084472656,38.46894454956055,34648000,Yahoo Finance,GOOGL,2026-09-18T13:25:36+08:00,confirmed
2015-11-24,38.64799880981445,38.79949951171875,37.90549850463867,38.48149871826172,38.11876678466797,47880000,Yahoo Finance,GOOGL,2026-09-18T13:25:36+08:00,confirmed
2015-11-25,38.58449935913086,38.650001525878906,38.326499938964844,38.4630012512207,38.10044860839844,23612000,Yahoo Finance,GOOGL,2026-09-18T13:25:36+08:00,confirmed
2015-11-27,38.45800018310547,38.70000076293945,38.349998474121094,38.5984992980957,38.23466491699219,14434000,Yahoo Finance,GOOGL,2026-09-18T13:25:36+08:00,confirmed
2015-11-30,38.59349822998047,38.75149917602539,38.055999755859375,38.14250183105469,37.78296661376953,33586000,Yahoo Finance,GOOGL,2026-09-18T13:25:36+08:00,confirmed
2015-12-01,38.34700012207031,39.25,38.29750061035156,39.18949890136719,38.82010269165039,40398000,Yahoo Finance,GOOGL,2026-09-18T13:25:36+08:00,confirmed
2015-12-02,39.26250076293945,39.65250015258789,38.82149887084961,38.89250183105469,38.52589797973633,46876000,Yahoo Finance,GOOGL,2026-09-18T13:25:36+08:00,confirmed
2015-12-03,39.02799987792969,39.2239990234375,38.122501373291016,38.40999984741211,38.04794692993164,41950000,Yahoo Finance,GOOGL,2026-09-18T13:25:36+08:00,confirmed
2015-12-04,38.48550033569336,39.12099838256836,38.2755012512207,38.96049880981445,38.593257904052734,49800000,Yahoo Finance,GOOGL,2026-09-18T13:25:36+08:00,confirmed
2015-12-07,39.00299835205078,39.04999923706055,38.33599853515625,38.64950180053711,38.285186767578125,36626000,Yahoo Finance,GOOGL,2026-09-18T13:25:36+08:00,confirmed
2015-12-08,38.224998474121094,38.932498931884766,38.125999450683594,38.75699996948242,38.39167404174805,31082000,Yahoo Finance,GOOGL,2026-09-18T13:25:36+08:00,confirmed
2015-12-09,38.55500030517578,38.804500579833984,37.60049819946289,38.127498626708984,37.76810836791992,46550000,Yahoo Finance,GOOGL,2026-09-18T13:25:36+08:00,confirmed
2015-12-10,38.179500579833984,38.30350112915039,37.75,38.00199890136719,37.64379119873047,32458000,Yahoo Finance,GOOGL,2026-09-18T13:25:36+08:00,confirmed
2015-12-11,37.45000076293945,37.87200164794922,37.432498931884766,37.520999908447266,37.16732406616211,43184000,Yahoo Finance,GOOGL,2026-09-18T13:25:36+08:00,confirmed
2015-12-14,37.5629997253418,38.20750045776367,36.8129997253418,38.12699890136719,37.767616271972656,53864000,Yahoo Finance,GOOGL,2026-09-18T13:25:36+08:00,confirmed
2015-12-15,38.38949966430664,38.73749923706055,37.900001525878906,38.00450134277344,37.646270751953125,49386000,Yahoo Finance,GOOGL,2026-09-18T13:25:36+08:00,confirmed
2015-12-16,38.32849884033203,39.07500076293945,37.852500915527344,38.829498291015625,38.46348571777344,53120000,Yahoo Finance,GOOGL,2026-09-18T13:25:36+08:00,confirmed
2015-12-17,39.05799865722656,39.079498291015625,38.46500015258789,38.49150085449219,38.12867736816406,36510000,Yahoo Finance,GOOGL,2026-09-18T13:25:36+08:00,confirmed
2015-12-18,38.36149978637695,38.707000732421875,37.829498291015625,37.842498779296875,37.48579406738281,67794000,Yahoo Finance,GOOGL,2026-09-18T13:25:36+08:00,confirmed
2015-12-21,38.15250015258789,38.317501068115234,37.70750045776367,38.040000915527344,37.68144226074219,34848000,Yahoo Finance,GOOGL,2026-09-18T13:25:36+08:00,confirmed
2015-12-22,38.2135009765625,38.516998291015625,38.060001373291016,38.35649871826172,37.994956970214844,36338000,Yahoo Finance,GOOGL,2026-09-18T13:25:36+08:00,confirmed
2015-12-23,38.53450012207031,38.595001220703125,37.88249969482422,38.425498962402344,38.06330108642578,30594000,Yahoo Finance,GOOGL,2026-09-18T13:25:36+08:00,confirmed
2015-12-24,38.42599868774414,38.459999084472656,38.21950149536133,38.29199981689453,37.931060791015625,10412000,Yahoo Finance,GOOGL,2026-09-18T13:25:36+08:00,confirmed
2015-12-28,38.5,39.14099884033203,38.38650131225586,39.11199951171875,38.74333190917969,31156000,Yahoo Finance,GOOGL,2026-09-18T13:25:36+08:00,confirmed
2015-12-29,39.3494987487793,39.93450164794922,39.310001373291016,39.698001861572266,39.32381057739258,38430000,Yahoo Finance,GOOGL,2026-09-18T13:25:36+08:00,confirmed
2015-12-30,39.698001861572266,39.823001861572266,39.36000061035156,39.51499938964844,39.14252853393555,28566000,Yahoo Finance,GOOGL,2026-09-18T13:25:36+08:00,confirmed
2015-12-31,39.39099884033203,39.416500091552734,38.86600112915039,38.9005012512207,38.5338249206543,32752000,Yahoo Finance,GOOGL,2026-09-18T13:25:36+08:00,confirmed
2016-01-04,38.11000061035156,38.11000061035156,37.37699890136719,37.97200012207031,37.61406707763672,67382000,Yahoo Finance,GOOGL,2026-09-18T13:25:36+08:00,confirmed
2016-01-05,38.20500183105469,38.459999084472656,37.782501220703125,38.076499938964844,37.71759033203125,45216000,Yahoo Finance,GOOGL,2026-09-18T13:25:36+08:00,confirmed
2016-01-06,37.51850128173828,38.2864990234375,37.400001525878906,37.96649932861328,37.60862350463867,48206000,Yahoo Finance,GOOGL,2026-09-18T13:25:36+08:00,confirmed
2016-01-07,37.324501037597656,37.765499114990234,36.763999938964844,37.04999923706055,36.70075988769531,63132000,Yahoo Finance,GOOGL,2026-09-18T13:25:36+08:00,confirmed
2016-01-08,37.38999938964844,37.50600051879883,36.44599914550781,36.545501708984375,36.20102310180664,47506000,Yahoo Finance,GOOGL,2026-09-18T13:25:36+08:00,confirmed
2016-01-11,36.59749984741211,36.75400161743164,35.97800064086914,36.653499603271484,36.30800247192383,50896000,Yahoo Finance,GOOGL,2026-09-18T13:25:36+08:00,confirmed
2016-01-12,37.037498474121094,37.41699981689453,36.82149887084961,37.266998291015625,36.91571807861328,46816000,Yahoo Finance,GOOGL,2026-09-18T13:25:36+08:00,confirmed
2016-01-13,37.46699905395508,37.650001525878906,35.8390007019043,35.97850036621094,35.639366149902344,51728000,Yahoo Finance,GOOGL,2026-09-18T13:25:36+08:00,confirmed
2016-01-14,36.22200012207031,36.99449920654297,35.25,36.56949996948242,36.224796295166016,55558000,Yahoo Finance,GOOGL,2026-09-18T13:25:36+08:00,confirmed
2016-01-15,35.4995002746582,36.20800018310547,35.07550048828125,35.52450180053711,35.18964767456055,76676000,Yahoo Finance,GOOGL,2026-09-18T13:25:36+08:00,confirmed
2016-01-19,36.00749969482422,36.26750183105469,35.49250030517578,35.95399856567383,35.61509704589844,48724000,Yahoo Finance,GOOGL,2026-09-18T13:25:36+08:00,confirmed
2016-01-20,35.29499816894531,36.34749984741211,34.388999938964844,35.928001403808594,35.58934020996094,82440000,Yahoo Finance,GOOGL,2026-09-18T13:25:36+08:00,confirmed
2016-01-21,36.00849914550781,36.88349914550781,35.55550003051758,36.333499908447266,35.991024017333984,51938000,Yahoo Finance,GOOGL,2026-09-18T13:25:36+08:00,confirmed
2016-01-22,37.099998474121094,37.428001403808594,37.025001525878906,37.27299880981445,36.921669006347656,47146000,Yahoo Finance,GOOGL,2026-09-18T13:25:36+08:00,confirmed
2016-01-25,37.19200134277344,37.62300109863281,36.625,36.680999755859375,36.335243225097656,45340000,Yahoo Finance,GOOGL,2026-09-18T13:25:36+08:00,confirmed
2016-01-26,36.760501861572266,36.972999572753906,36.3484992980957,36.68949890136719,36.343658447265625,30940000,Yahoo Finance,GOOGL,2026-09-18T13:25:36+08:00,confirmed
2016-01-27,36.794498443603516,36.794498443603516,35.67250061035156,35.87900161743164,35.540809631347656,42428000,Yahoo Finance,GOOGL,2026-09-18T13:25:36+08:00,confirmed
2016-01-28,36.90950012207031,37.55799865722656,36.529998779296875,37.415000915527344,37.06232833862305,62104000,Yahoo Finance,GOOGL,2026-09-18T13:25:36+08:00,confirmed
2016-01-29,37.448001861572266,38.25550079345703,37.209999084472656,38.067501068115234,37.70867919921875,75808000,Yahoo Finance,GOOGL,2026-09-18T13:25:36+08:00,confirmed
2016-02-01,38.5629997253418,38.87950134277344,38.069000244140625,38.53850173950195,38.17523956298828,111522000,Yahoo Finance,GOOGL,2026-09-18T13:25:36+08:00,confirmed
2016-02-02,40.025001525878906,40.51750183105469,39.029998779296875,39.045501708984375,38.677459716796875,135846000,Yahoo Finance,GOOGL,2026-09-18T13:25:36+08:00,confirmed
2016-02-03,39.31399917602539,39.57149887084961,36.8129997253418,37.46900177001953,37.115821838378906,131114000,Yahoo Finance,GOOGL,2026-09-18T13:25:36+08:00,confirmed
2016-02-04,37.22949981689453,37.262001037597656,36.130001068115234,36.50149917602539,36.157440185546875,104922000,Yahoo Finance,GOOGL,2026-09-18T13:25:36+08:00,confirmed
2016-02-05,36.275001525878906,36.33599853515625,35.00699996948242,35.1879997253418,34.85631561279297,109556000,Yahoo Finance,GOOGL,2026-09-18T13:25:36+08:00,confirmed
2016-02-08,34.38399887084961,35.22600173950195,34.10049819946289,35.20800018310547,34.876129150390625,89410000,Yahoo Finance,GOOGL,2026-09-18T13:25:36+08:00,confirmed
2016-02-09,34.647499084472656,36.04800033569336,34.42499923706055,35.05099868774414,34.720603942871094,84300000,Yahoo Finance,GOOGL,2026-09-18T13:25:36+08:00,confirmed
2016-02-10,35.589500427246094,36.1609992980957,35.269500732421875,35.342498779296875,35.00935745239258,60314000,Yahoo Finance,GOOGL,2026-09-18T13:25:36+08:00,confirmed
2016-02-11,34.81700134277344,35.61600112915039,34.55950164794922,35.31800079345703,34.9850959777832,65004000,Yahoo Finance,GOOGL,2026-09-18T13:25:36+08:00,confirmed
2016-02-12,35.61050033569336,35.79999923706055,35.07899856567383,35.34450149536133,35.01134490966797,46538000,Yahoo Finance,GOOGL,2026-09-18T13:25:36+08:00,confirmed
2016-02-16,35.932498931884766,36.14400100708008,35.50899887084961,35.88199996948242,35.54377746582031,43444000,Yahoo Finance,GOOGL,2026-09-18T13:25:36+08:00,confirmed
2016-02-17,36.349998474121094,36.6879997253418,35.830501556396484,36.5984992980957,36.2535285949707,49154000,Yahoo Finance,GOOGL,2026-09-18T13:25:36+08:00,confirmed
2016-02-18,36.698001861572266,36.79999923706055,35.77750015258789,35.8754997253418,35.53733444213867,47276000,Yahoo Finance,GOOGL,2026-09-18T13:25:36+08:00,confirmed
2016-02-19,35.79499816894531,36.201499938964844,35.65599822998047,36.105499267578125,35.765167236328125,34918000,Yahoo Finance,GOOGL,2026-09-18T13:25:36+08:00,confirmed
2016-02-22,36.47549819946289,36.74250030517578,36.17250061035156,36.45249938964844,36.10890197753906,37516000,Yahoo Finance,GOOGL,2026-09-18T13:25:36+08:00,confirmed
2016-02-23,36.30500030517578,36.54499816894531,35.78350067138672,35.864498138427734,35.52643585205078,41332000,Yahoo Finance,GOOGL,2026-09-18T13:25:36+08:00,confirmed
2016-02-24,35.53049850463867,36.06100082397461,35.10100173950195,36.04499816894531,35.705230712890625,37092000,Yahoo Finance,GOOGL,2026-09-18T13:25:36+08:00,confirmed
2016-02-25,36.14649963378906,36.47549819946289,35.6614990234375,36.45600128173828,36.112369537353516,36146000,Yahoo Finance,GOOGL,2026-09-18T13:25:36+08:00,confirmed
2016-02-26,36.68000030517578,36.80799865722656,36.09700012207031,36.24300003051758,35.90137481689453,42474000,Yahoo Finance,GOOGL,2026-09-18T13:25:36+08:00,confirmed
2016-02-29,36.04999923706055,36.529998779296875,35.84199905395508,35.861000061035156,35.522979736328125,45068000,Yahoo Finance,GOOGL,2026-09-18T13:25:36+08:00,confirmed
2016-03-01,36.064998626708984,37.11650085449219,35.93199920654297,37.10850143432617,36.75871658325195,60112000,Yahoo Finance,GOOGL,2026-09-18T13:25:36+08:00,confirmed
2016-03-02,37.14350128173828,37.15599822998047,36.662498474121094,36.9739990234375,36.6254768371582,36292000,Yahoo Finance,GOOGL,2026-09-18T13:25:36+08:00,confirmed
2016-03-03,36.9739990234375,37.04999923706055,36.48149871826172,36.579498291015625,36.23469543457031,40534000,Yahoo Finance,GOOGL,2026-09-18T13:25:36+08:00,confirmed
2016-03-04,36.7400016784668,36.75,36.28099822998047,36.51100158691406,36.166847229003906,48516000,Yahoo Finance,GOOGL,2026-09-18T13:25:36+08:00,confirmed
2016-03-07,36.25749969482422,36.36050033569336,35.25699996948242,35.63999938964844,35.30405807495117,61690000,Yahoo Finance,GOOGL,2026-09-18T13:25:36+08:00,confirmed
2016-03-08,35.419498443603516,36.11249923706055,35.20000076293945,35.67649841308594,35.34021759033203,52530000,Yahoo Finance,GOOGL,2026-09-18T13:25:36+08:00,confirmed
2016-03-09,35.75849914550781,36.3120002746582,35.632999420166016,36.27050018310547,35.928611755371094,39544000,Yahoo Finance,GOOGL,2026-09-18T13:25:36+08:00,confirmed
2016-03-10,36.38949966430664,36.82699966430664,36.16450119018555,36.60850143432617,36.263427734375,44616000,Yahoo Finance,GOOGL,2026-09-18T13:25:36+08:00,confirmed
2016-03-11,36.997501373291016,37.244998931884766,36.834999084472656,37.243499755859375,36.89243698120117,35380000,Yahoo Finance,GOOGL,2026-09-18T13:25:36+08:00,confirmed
2016-03-14,37.24850082397461,37.7130012512207,37.18299865722656,37.512001037597656,37.158416748046875,32824000,Yahoo Finance,GOOGL,2026-09-18T13:25:36+08:00,confirmed
2016-03-15,37.30099868774414,37.6505012512207,37.141998291015625,37.528499603271484,37.17475891113281,29832000,Yahoo Finance,GOOGL,2026-09-18T13:25:36+08:00,confirmed
2016-03-16,37.45249938964844,37.95000076293945,37.32500076293945,37.86800003051758,37.51105880737305,29306000,Yahoo Finance,GOOGL,2026-09-18T13:25:36+08:00,confirmed
2016-03-17,37.88249969482422,38.266998291015625,37.86800003051758,37.92399978637695,37.566524505615234,44564000,Yahoo Finance,GOOGL,2026-09-18T13:25:36+08:00,confirmed
2016-03-18,38.08150100708008,38.106998443603516,37.590999603271484,37.77050018310547,37.41447448730469,56222000,Yahoo Finance,GOOGL,2026-09-18T13:25:36+08:00,confirmed
2016-03-21,37.695499420166016,38.16699981689453,37.563499450683594,38.108001708984375,37.7487907409668,28774000,Yahoo Finance,GOOGL,2026-09-18T13:25:36+08:00,confirmed
2016-03-22,37.922000885009766,38.25,37.89400100708008,38.002498626708984,37.644290924072266,22096000,Yahoo Finance,GOOGL,2026-09-18T13:25:36+08:00,confirmed
2016-03-23,38.16749954223633,38.269500732421875,37.80149841308594,37.87799835205078,37.520957946777344,24678000,Yahoo Finance,GOOGL,2026-09-18T13:25:36+08:00,confirmed
2016-03-24,37.560001373291016,37.87799835205078,37.525001525878906,37.742000579833984,37.38624572753906,31116000,Yahoo Finance,GOOGL,2026-09-18T13:25:36+08:00,confirmed
2016-03-28,37.80849838256836,37.915000915527344,37.60200119018555,37.66400146484375,37.30897521972656,21676000,Yahoo Finance,GOOGL,2026-09-18T13:25:36+08:00,confirmed
2016-03-29,37.683998107910156,38.35900115966797,37.41450119018555,38.294498443603516,37.933528900146484,40062000,Yahoo Finance,GOOGL,2026-09-18T13:25:36+08:00,confirmed
2016-03-30,38.410499572753906,38.865501403808594,38.37900161743164,38.41699981689453,38.05488204956055,40396000,Yahoo Finance,GOOGL,2026-09-18T13:25:36+08:00,confirmed
2016-03-31,38.41699981689453,38.45399856567383,37.912498474121094,38.14500045776367,37.78544616699219,32554000,Yahoo Finance,GOOGL,2026-09-18T13:25:36+08:00,confirmed
2016-04-01,37.858001708984375,38.50199890136719,37.7599983215332,38.48350143432617,38.120758056640625,31674000,Yahoo Finance,GOOGL,2026-09-18T13:25:36+08:00,confirmed
2016-04-04,38.47549819946289,38.62200164794922,38.089500427246094,38.25600051879883,37.89540100097656,26924000,Yahoo Finance,GOOGL,2026-09-18T13:25:36+08:00,confirmed
2016-04-05,37.90650177001953,38.14350128173828,37.779998779296875,37.92850112915039,37.57098388671875,24478000,Yahoo Finance,GOOGL,2026-09-18T13:25:36+08:00,confirmed
2016-04-06,37.891998291015625,38.42100143432617,37.814998626708984,38.403499603271484,38.04151153564453,25312000,Yahoo Finance,GOOGL,2026-09-18T13:25:36+08:00,confirmed
2016-04-07,38.26599884033203,38.46799850463867,37.875,38.00600051879883,37.64775085449219,25498000,Yahoo Finance,GOOGL,2026-09-18T13:25:36+08:00,confirmed
2016-04-08,38.29349899291992,38.35649871826172,37.78850173950195,37.9734992980957,37.61556625366211,23434000,Yahoo Finance,GOOGL,2026-09-18T13:25:36+08:00,confirmed
2016-04-11,38.272499084472656,38.361000061035156,37.867000579833984,37.87699890136719,37.51996994018555,31774000,Yahoo Finance,GOOGL,2026-09-18T13:25:36+08:00,confirmed
2016-04-12,37.92150115966797,38.24599838256836,37.57849884033203,38.215999603271484,37.85578155517578,27388000,Yahoo Finance,GOOGL,2026-09-18T13:25:36+08:00,confirmed
2016-04-13,38.515499114990234,38.787498474121094,38.22949981689453,38.59550094604492,38.23169708251953,35426000,Yahoo Finance,GOOGL,2026-09-18T13:25:36+08:00,confirmed
2016-04-14,38.768001556396484,38.980499267578125,38.6609992980957,38.769500732421875,38.404052734375,26992000,Yahoo Finance,GOOGL,2026-09-18T13:25:36+08:00,confirmed
2016-04-15,38.775001525878906,39.04650115966797,38.746498107910156,39.0,38.63238525390625,31712000,Yahoo Finance,GOOGL,2026-09-18T13:25:36+08:00,confirmed
2016-04-18,39.009498596191406,39.4275016784668,38.88050079345703,39.38399887084961,39.01276397705078,33540000,Yahoo Finance,GOOGL,2026-09-18T13:25:36+08:00,confirmed
2016-04-19,39.525001525878906,39.54750061035156,38.51350021362305,38.8125,38.446651458740234,43952000,Yahoo Finance,GOOGL,2026-09-18T13:25:36+08:00,confirmed
2016-04-20,38.95800018310547,38.983001708984375,38.563499450683594,38.74599838256836,38.380775451660156,34262000,Yahoo Finance,GOOGL,2026-09-18T13:25:36+08:00,confirmed
2016-04-21,38.865501403808594,39.08399963378906,38.57749938964844,39.0,38.63238525390625,77628000,Yahoo Finance,GOOGL,2026-09-18T13:25:36+08:00,confirmed
2016-04-22,37.195499420166016,37.69599914550781,36.51850128173828,36.88850021362305,36.540794372558594,140798000,Yahoo Finance,GOOGL,2026-09-18T13:25:36+08:00,confirmed
2016-04-25,36.76750183105469,37.24399948120117,36.755001068115234,37.11050033569336,36.76069641113281,49442000,Yahoo Finance,GOOGL,2026-09-18T13:25:36+08:00,confirmed
2016-04-26,37.22100067138672,37.27949905395508,36.01599884033203,36.26850128173828,35.92662811279297,55864000,Yahoo Finance,GOOGL,2026-09-18T13:25:36+08:00,confirmed
2016-04-27,36.26599884033203,36.35749816894531,35.45399856567383,36.073001861572266,35.732975006103516,66262000,Yahoo Finance,GOOGL,2026-09-18T13:25:36+08:00,confirmed
2016-04-28,36.16450119018555,36.4630012512207,35.15999984741211,35.25299835205078,34.92070007324219,62590000,Yahoo Finance,GOOGL,2026-09-18T13:25:36+08:00,confirmed
2016-04-29,35.20600128173828,35.605499267578125,35.18899917602539,35.39400100708008,35.06037521362305,58278000,Yahoo Finance,GOOGL,2026-09-18T13:25:36+08:00,confirmed
2016-05-02,35.59600067138672,35.77050018310547,35.31800079345703,35.72050094604492,35.3838005065918,33476000,Yahoo Finance,GOOGL,2026-09-18T13:25:36+08:00,confirmed
2016-05-03,35.625,35.66849899291992,35.36650085449219,35.422000885009766,35.08811569213867,38620000,Yahoo Finance,GOOGL,2026-09-18T13:25:36+08:00,confirmed
2016-05-04,35.3385009765625,35.752498626708984,35.20249938964844,35.56850051879883,35.233238220214844,34172000,Yahoo Finance,GOOGL,2026-09-18T13:25:36+08:00,confirmed
2016-05-05,35.75,35.877498626708984,35.47249984741211,35.73550033569336,35.39865493774414,29668000,Yahoo Finance,GOOGL,2026-09-18T13:25:36+08:00,confirmed
2016-05-06,35.61000061035156,36.29949951171875,35.59749984741211,36.25899887084961,35.91722106933594,39952000,Yahoo Finance,GOOGL,2026-09-18T13:25:36+08:00,confirmed
2016-05-09,36.334999084472656,36.714500427246094,36.17499923706055,36.45650100708008,36.112857818603516,38074000,Yahoo Finance,GOOGL,2026-09-18T13:25:36+08:00,confirmed
2016-05-10,36.74800109863281,37.0,36.580501556396484,36.96900177001953,36.62053298950195,32634000,Yahoo Finance,GOOGL,2026-09-18T13:25:36+08:00,confirmed
2016-05-11,37.0260009765625,37.040000915527344,36.39500045776367,36.52750015258789,36.183189392089844,29834000,Yahoo Finance,GOOGL,2026-09-18T13:25:36+08:00,confirmed
2016-05-12,36.599998474121094,36.76850128173828,36.2135009765625,36.403499603271484,36.06035614013672,27094000,Yahoo Finance,GOOGL,2026-09-18T13:25:36+08:00,confirmed
2016-05-13,36.33100128173828,36.56449890136719,36.175498962402344,36.24150085449219,35.89988708496094,25244000,Yahoo Finance,GOOGL,2026-09-18T13:25:36+08:00,confirmed
2016-05-16,36.215999603271484,36.63399887084961,36.0,36.51499938964844,36.17080307006836,22538000,Yahoo Finance,GOOGL,2026-09-18T13:25:36+08:00,confirmed
2016-05-17,36.553001403808594,36.79249954223633,35.900001525878906,36.009498596191406,35.67007827758789,33404000,Yahoo Finance,GOOGL,2026-09-18T13:25:36+08:00,confirmed
2016-05-18,35.92499923706055,36.278499603271484,35.750999450683594,36.0890007019043,35.74882507324219,32536000,Yahoo Finance,GOOGL,2026-09-18T13:25:36+08:00,confirmed
2016-05-19,35.915000915527344,36.025001525878906,35.515499114990234,35.765499114990234,35.42837905883789,30598000,Yahoo Finance,GOOGL,2026-09-18T13:25:36+08:00,confirmed
2016-05-20,35.823001861572266,36.3849983215332,35.7504997253418,36.08549880981445,35.745357513427734,34798000,Yahoo Finance,GOOGL,2026-09-18T13:25:36+08:00,confirmed
2016-05-23,35.999000549316406,36.17499923706055,35.84700012207031,35.86249923706055,35.52445983886719,24816000,Yahoo Finance,GOOGL,2026-09-18T13:25:36+08:00,confirmed
2016-05-24,35.99250030517578,36.709999084472656,35.98249816894531,36.6515007019043,36.3060188293457,37884000,Yahoo Finance,GOOGL,2026-09-18T13:25:36+08:00,confirmed
2016-05-25,36.75,36.99449920654297,36.630001068115234,36.904998779296875,36.55713653564453,32216000,Yahoo Finance,GOOGL,2026-09-18T13:25:36+08:00,confirmed
2016-05-26,36.79999923706055,37.05500030517578,36.650001525878906,36.846500396728516,36.499183654785156,27202000,Yahoo Finance,GOOGL,2026-09-18T13:25:36+08:00,confirmed
2016-05-27,36.8754997253418,37.39550018310547,36.85049819946289,37.380001068115234,37.02766036987305,34802000,Yahoo Finance,GOOGL,2026-09-18T13:25:36+08:00,confirmed
2016-05-31,37.4379997253418,37.67399978637695,37.278499603271484,37.442501068115234,37.089569091796875,42484000,Yahoo Finance,GOOGL,2026-09-18T13:25:36+08:00,confirmed
2016-06-01,37.423500061035156,37.56850051879883,37.21699905395508,37.42300033569336,37.070255279541016,20788000,Yahoo Finance,GOOGL,2026-09-18T13:25:36+08:00,confirmed
2016-06-02,37.30500030517578,37.3650016784668,36.849998474121094,37.2135009765625,36.86272430419922,33916000,Yahoo Finance,GOOGL,2026-09-18T13:25:36+08:00,confirmed
2016-06-03,37.074501037597656,37.074501037597656,36.695499420166016,36.792999267578125,36.44618606567383,24608000,Yahoo Finance,GOOGL,2026-09-18T13:25:36+08:00,confirmed
2016-06-06,36.92499923706055,36.92499923706055,36.41450119018555,36.50299835205078,36.15891647338867,29992000,Yahoo Finance,GOOGL,2026-09-18T13:25:36+08:00,confirmed
2016-06-07,36.66350173950195,36.83549880981445,36.540000915527344,36.554500579833984,36.20994186401367,24314000,Yahoo Finance,GOOGL,2026-09-18T13:25:36+08:00,confirmed
2016-06-08,36.974998474121094,37.19049835205078,36.78850173950195,37.14649963378906,36.796363830566406,32314000,Yahoo Finance,GOOGL,2026-09-18T13:25:36+08:00,confirmed
2016-06-09,36.85350036621094,37.19649887084961,36.82500076293945,37.125999450683594,36.77605056762695,19180000,Yahoo Finance,GOOGL,2026-09-18T13:25:36+08:00,confirmed
2016-06-10,36.79750061035156,36.981998443603516,36.5255012512207,36.65950012207031,36.31394958496094,29050000,Yahoo Finance,GOOGL,2026-09-18T13:25:36+08:00,confirmed
2016-06-13,36.49100112915039,36.95000076293945,36.49100112915039,36.59400177001953,36.24906539916992,23354000,Yahoo Finance,GOOGL,2026-09-18T13:25:36+08:00,confirmed
2016-06-14,36.46549987792969,36.79999923706055,36.32500076293945,36.662498474121094,36.316917419433594,26584000,Yahoo Finance,GOOGL,2026-09-18T13:25:36+08:00,confirmed
2016-06-15,36.74599838256836,36.85749816894531,36.56549835205078,36.609500885009766,36.2644157409668,23234000,Yahoo Finance,GOOGL,2026-09-18T13:25:36+08:00,confirmed
2016-06-16,36.39799880981445,36.519500732421875,35.777000427246094,36.212501525878906,35.87116241455078,45002000,Yahoo Finance,GOOGL,2026-09-18T13:25:36+08:00,confirmed
2016-06-17,36.06949996948242,36.06949996948242,35.055999755859375,35.212501525878906,34.88058090209961,82262000,Yahoo Finance,GOOGL,2026-09-18T13:25:36+08:00,confirmed
2016-06-20,35.515499114990234,35.79349899291992,35.27050018310547,35.30649948120117,34.973697662353516,45654000,Yahoo Finance,GOOGL,2026-09-18T13:25:36+08:00,confirmed
2016-06-21,35.502498626708984,35.76900100708008,35.233001708984375,35.444000244140625,35.109901428222656,30318000,Yahoo Finance,GOOGL,2026-09-18T13:25:36+08:00,confirmed
2016-06-22,35.70249938964844,35.71049880981445,35.29399871826172,35.52349853515625,35.18865203857422,29058000,Yahoo Finance,GOOGL,2026-09-18T13:25:36+08:00,confirmed
2016-06-23,35.52750015258789,35.74399948120117,35.01250076293945,35.743499755859375,35.406578063964844,42500000,Yahoo Finance,GOOGL,2026-09-18T13:25:36+08:00,confirmed
2016-06-24,34.50849914550781,35.25,34.24549865722656,34.2599983215332,33.937068939208984,95436000,Yahoo Finance,GOOGL,2026-09-18T13:25:36+08:00,confirmed
2016-06-27,34.1245002746582,34.166500091552734,33.632999420166016,34.05699920654297,33.735984802246094,58146000,Yahoo Finance,GOOGL,2026-09-18T13:25:36+08:00,confirmed
2016-06-28,34.56850051879883,34.637001037597656,34.24250030517578,34.5629997253418,34.237205505371094,38246000,Yahoo Finance,GOOGL,2026-09-18T13:25:36+08:00,confirmed
2016-06-29,34.7130012512207,34.974998474121094,34.63399887084961,34.759498596191406,34.431861877441406,43124000,Yahoo Finance,GOOGL,2026-09-18T13:25:36+08:00,confirmed
2016-06-30,34.88249969482422,35.188499450683594,34.744998931884766,35.17649841308594,34.84492492675781,42250000,Yahoo Finance,GOOGL,2026-09-18T13:25:36+08:00,confirmed
2016-07-01,35.255001068115234,35.62649917602539,35.186500549316406,35.51250076293945,35.177757263183594,30984000,Yahoo Finance,GOOGL,2026-09-18T13:25:36+08:00,confirmed
2016-07-05,35.2504997253418,35.40599822998047,34.95650100708008,35.24449920654297,34.91228485107422,28440000,Yahoo Finance,GOOGL,2026-09-18T13:25:36+08:00,confirmed
2016-07-06,34.992000579833984,35.650001525878906,34.95000076293945,35.44850158691406,35.1143684387207,28902000,Yahoo Finance,GOOGL,2026-09-18T13:25:36+08:00,confirmed
2016-07-07,35.50550079345703,35.50849914550781,35.03350067138672,35.362998962402344,35.02967071533203,21174000,Yahoo Finance,GOOGL,2026-09-18T13:25:36+08:00,confirmed
2016-07-08,35.52799987792969,35.89500045776367,35.40549850463867,35.888999938964844,35.55071258544922,29946000,Yahoo Finance,GOOGL,2026-09-18T13:25:36+08:00,confirmed
2016-07-11,35.97100067138672,36.44649887084961,35.94350051879883,36.36000061035156,36.01727294921875,28822000,Yahoo Finance,GOOGL,2026-09-18T13:25:36+08:00,confirmed
2016-07-12,36.59600067138672,36.779998779296875,36.375,36.6254997253418,36.280269622802734,26468000,Yahoo Finance,GOOGL,2026-09-18T13:25:36+08:00,confirmed
2016-07-13,36.7760009765625,36.7760009765625,36.45100021362305,36.4739990234375,36.13019561767578,20436000,Yahoo Finance,GOOGL,2026-09-18T13:25:36+08:00,confirmed
2016-07-14,36.696998596191406,36.80699920654297,36.52949905395508,36.790000915527344,36.44321823120117,21408000,Yahoo Finance,GOOGL,2026-09-18T13:25:36+08:00,confirmed
2016-07-15,37.04999923706055,37.04999923706055,36.731998443603516,36.78150177001953,36.43480682373047,32342000,Yahoo Finance,GOOGL,2026-09-18T13:25:36+08:00,confirmed
2016-07-18,36.89550018310547,37.75699996948242,36.82550048828125,37.65999984741211,37.305023193359375,38698000,Yahoo Finance,GOOGL,2026-09-18T13:25:36+08:00,confirmed
2016-07-19,37.493499755859375,37.829498291015625,37.42449951171875,37.670501708984375,37.3154182434082,30436000,Yahoo Finance,GOOGL,2026-09-18T13:25:36+08:00,confirmed
2016-07-20,37.70249938964844,38.03200149536133,37.70249938964844,37.854000091552734,37.497188568115234,22502000,Yahoo Finance,GOOGL,2026-09-18T13:25:36+08:00,confirmed
2016-07-21,37.849998474121094,37.907501220703125,37.57600021362305,37.72050094604492,37.36494827270508,19062000,Yahoo Finance,GOOGL,2026-09-18T13:25:36+08:00,confirmed
2016-07-22,37.86600112915039,37.97249984741211,37.632999420166016,37.9640007019043,37.60615921020508,20920000,Yahoo Finance,GOOGL,2026-09-18T13:25:36+08:00,confirmed
2016-07-25,37.88399887084961,37.99100112915039,37.70349884033203,37.875999450683594,37.51897430419922,21466000,Yahoo Finance,GOOGL,2026-09-18T13:25:36+08:00,confirmed
2016-07-26,37.875999450683594,37.9630012512207,37.63750076293945,37.88249969482422,37.525413513183594,23792000,Yahoo Finance,GOOGL,2026-09-18T13:25:36+08:00,confirmed
2016-07-27,37.94850158691406,38.22249984741211,37.79650115966797,38.0984992980957,37.739376068115234,32172000,Yahoo Finance,GOOGL,2026-09-18T13:25:36+08:00,confirmed
2016-07-28,38.44200134277344,38.44850158691406,37.954498291015625,38.29199981689453,37.931060791015625,73464000,Yahoo Finance,GOOGL,2026-09-18T13:25:36+08:00,confirmed
2016-07-29,39.885501861572266,40.196998596191406,39.5,39.56700134277344,39.194034576416016,101810000,Yahoo Finance,GOOGL,2026-09-18T13:25:36+08:00,confirmed
2016-08-01,39.333499908447266,40.3745002746582,39.25199890136719,40.047000885009766,39.66952133178711,60594000,Yahoo Finance,GOOGL,2026-09-18T13:25:36+08:00,confirmed
2016-08-02,39.86650085449219,40.11600112915039,39.72650146484375,40.00600051879883,39.62890625,39928000,Yahoo Finance,GOOGL,2026-09-18T13:25:36+08:00,confirmed
2016-08-03,39.82350158691406,39.97700119018555,39.6510009765625,39.94599914550781,39.56946563720703,29206000,Yahoo Finance,GOOGL,2026-09-18T13:25:36+08:00,confirmed
2016-08-04,39.9119987487793,40.0099983215332,39.69599914550781,39.86249923706055,39.486751556396484,21520000,Yahoo Finance,GOOGL,2026-09-18T13:25:36+08:00,confirmed
2016-08-05,40.00550079345703,40.361000061035156,39.890499114990234,40.346500396728516,39.96619415283203,36146000,Yahoo Finance,GOOGL,2026-09-18T13:25:36+08:00,confirmed
2016-08-08,40.29999923706055,40.380001068115234,40.08449935913086,40.26150131225586,39.881996154785156,24426000,Yahoo Finance,GOOGL,2026-09-18T13:25:36+08:00,confirmed
2016-08-09,40.2244987487793,40.666500091552734,40.202999114990234,40.374000549316406,39.993438720703125,32154000,Yahoo Finance,GOOGL,2026-09-18T13:25:36+08:00,confirmed
2016-08-10,40.352500915527344,40.54399871826172,40.324501037597656,40.42449951171875,40.04345703125,18370000,Yahoo Finance,GOOGL,2026-09-18T13:25:36+08:00,confirmed
2016-08-11,40.52349853515625,40.694000244140625,40.29999923706055,40.40999984741211,40.02909469604492,25646000,Yahoo Finance,GOOGL,2026-09-18T13:25:36+08:00,confirmed
2016-08-12,40.25450134277344,40.359500885009766,40.18199920654297,40.352500915527344,39.97213363647461,17946000,Yahoo Finance,GOOGL,2026-09-18T13:25:36+08:00,confirmed
2016-08-15,40.36050033569336,40.56800079345703,40.201499938964844,40.29800033569336,39.918148040771484,18596000,Yahoo Finance,GOOGL,2026-09-18T13:25:36+08:00,confirmed
2016-08-16,40.17499923706055,40.2130012512207,39.849998474121094,40.05950164794922,39.6818962097168,21158000,Yahoo Finance,GOOGL,2026-09-18T13:25:36+08:00,confirmed
2016-08-17,40.0,40.28150177001953,39.814998626708984,40.270999908447266,39.89140701293945,21322000,Yahoo Finance,GOOGL,2026-09-18T13:25:36+08:00,confirmed
2016-08-18,40.268001556396484,40.400001525878906,40.08150100708008,40.13750076293945,39.7591667175293,17292000,Yahoo Finance,GOOGL,2026-09-18T13:25:36+08:00,confirmed
2016-08-19,39.989498138427734,40.061500549316406,39.84400177001953,39.98249816894531,39.60562515258789,22416000,Yahoo Finance,GOOGL,2026-09-18T13:25:36+08:00,confirmed
2016-08-22,39.925498962402344,39.96500015258789,39.71649932861328,39.84749984741211,39.471900939941406,17056000,Yahoo Finance,GOOGL,2026-09-18T13:25:36+08:00,confirmed
2016-08-23,40.02399826049805,40.04999923706055,39.79949951171875,39.829498291015625,39.45406723022461,18350000,Yahoo Finance,GOOGL,2026-09-18T13:25:36+08:00,confirmed
2016-08-24,39.84299850463867,39.92300033569336,39.53799819946289,39.68000030517578,39.30598068237305,25672000,Yahoo Finance,GOOGL,2026-09-18T13:25:36+08:00,confirmed
2016-08-25,39.599998474121094,39.736000061035156,39.36149978637695,39.564998626708984,39.19205856323242,24054000,Yahoo Finance,GOOGL,2026-09-18T13:25:36+08:00,confirmed
2016-08-26,39.6245002746582,39.970001220703125,39.47050094604492,39.6609992980957,39.28715515136719,24978000,Yahoo Finance,GOOGL,2026-09-18T13:25:36+08:00,confirmed
2016-08-29,39.65250015258789,39.92599868774414,39.51599884033203,39.79100036621094,39.41592788696289,15474000,Yahoo Finance,GOOGL,2026-09-18T13:25:36+08:00,confirmed
2016-08-30,39.64400100708008,39.900001525878906,39.4734992980957,39.59600067138672,39.222774505615234,23348000,Yahoo Finance,GOOGL,2026-09-18T13:25:36+08:00,confirmed
2016-08-31,39.47999954223633,39.57849884033203,39.36000061035156,39.49250030517578,39.12024688720703,21428000,Yahoo Finance,GOOGL,2026-09-18T13:25:36+08:00,confirmed
2016-09-01,39.5989990234375,39.644500732421875,39.31650161743164,39.56999969482422,39.19701385498047,26070000,Yahoo Finance,GOOGL,2026-09-18T13:25:36+08:00,confirmed
2016-09-02,39.76350021362305,39.85499954223633,39.66299819946289,39.84349822998047,39.46793746948242,26998000,Yahoo Finance,GOOGL,2026-09-18T13:25:36+08:00,confirmed
2016-09-06,39.919498443603516,40.544498443603516,39.77149963378906,40.4010009765625,40.02018737792969,39790000,Yahoo Finance,GOOGL,2026-09-18T13:25:36+08:00,confirmed
2016-09-07,40.39649963378906,40.529998779296875,40.18600082397461,40.39950180053711,40.01869201660156,22906000,Yahoo Finance,GOOGL,2026-09-18T13:25:36+08:00,confirmed
2016-09-08,40.26100158691406,40.42100143432617,40.050498962402344,40.141998291015625,39.763614654541016,23554000,Yahoo Finance,GOOGL,2026-09-18T13:25:36+08:00,confirmed
2016-09-09,39.938499450683594,40.087501525878906,39.40250015258789,39.42399978637695,39.05238723754883,37752000,Yahoo Finance,GOOGL,2026-09-18T13:25:36+08:00,confirmed
2016-09-12,39.22600173950195,40.00849914550781,39.17499923706055,39.941001892089844,39.56452178955078,37274000,Yahoo Finance,GOOGL,2026-09-18T13:25:36+08:00,confirmed
2016-09-13,39.70050048828125,39.78950119018555,39.21649932861328,39.43600082397461,39.064273834228516,36180000,Yahoo Finance,GOOGL,2026-09-18T13:25:36+08:00,confirmed
2016-09-14,39.37649917602539,39.81650161743164,39.37649917602539,39.52299880981445,39.15045928955078,25842000,Yahoo Finance,GOOGL,2026-09-18T13:25:36+08:00,confirmed
2016-09-15,39.5004997253418,40.182498931884766,39.43299865722656,40.061500549316406,39.68388748168945,31144000,Yahoo Finance,GOOGL,2026-09-18T13:25:36+08:00,confirmed
2016-09-16,39.95100021362305,39.95100021362305,39.680999755859375,39.89849853515625,39.52241897583008,42612000,Yahoo Finance,GOOGL,2026-09-18T13:25:36+08:00,confirmed
2016-09-19,40.05550003051758,40.199501037597656,39.678001403808594,39.769500732421875,39.39463424682617,22990000,Yahoo Finance,GOOGL,2026-09-18T13:25:36+08:00,confirmed
2016-09-20,40.0,40.13750076293945,39.91299819946289,39.98899841308594,39.612064361572266,20984000,Yahoo Finance,GOOGL,2026-09-18T13:25:36+08:00,confirmed
2016-09-21,40.0629997253418,40.295501708984375,39.80149841308594,40.25149917602539,39.87208938598633,26970000,Yahoo Finance,GOOGL,2026-09-18T13:25:36+08:00,confirmed
2016-09-22,40.5,40.952999114990234,40.385501861572266,40.79750061035156,40.41294479370117,35186000,Yahoo Finance,GOOGL,2026-09-18T13:25:36+08:00,confirmed
2016-09-23,40.75699996948242,40.849998474121094,40.63650131225586,40.74800109863281,40.363914489746094,28234000,Yahoo Finance,GOOGL,2026-09-18T13:25:36+08:00,confirmed
2016-09-26,40.49100112915039,40.50400161743164,40.022499084472656,40.13249969482422,39.754207611083984,29454000,Yahoo Finance,GOOGL,2026-09-18T13:25:36+08:00,confirmed
2016-09-27,40.09149932861328,40.67449951171875,40.09149932861328,40.5364990234375,40.15440368652344,27346000,Yahoo Finance,GOOGL,2026-09-18T13:25:36+08:00,confirmed
2016-09-28,40.20399856567383,40.51250076293945,40.138999938964844,40.50299835205078,40.1212158203125,29406000,Yahoo Finance,GOOGL,2026-09-18T13:25:36+08:00,confirmed
2016-09-29,40.36149978637695,40.695499420166016,40.042999267578125,40.13199996948242,39.75370788574219,27000000,Yahoo Finance,GOOGL,2026-09-18T13:25:36+08:00,confirmed
2016-09-30,40.18000030517578,40.40449905395508,40.07500076293945,40.202999114990234,39.82404327392578,33204000,Yahoo Finance,GOOGL,2026-09-18T13:25:36+08:00,confirmed
2016-10-03,40.127498626708984,40.176998138427734,39.811500549316406,40.01900100708008,39.641780853271484,29784000,Yahoo Finance,GOOGL,2026-09-18T13:25:36+08:00,confirmed
2016-10-04,40.25,40.32500076293945,39.98350143432617,40.13949966430664,39.761146545410156,25174000,Yahoo Finance,GOOGL,2026-09-18T13:25:36+08:00,confirmed
2016-10-05,40.29999923706055,40.42499923706055,40.035499572753906,40.061500549316406,39.68388748168945,24276000,Yahoo Finance,GOOGL,2026-09-18T13:25:36+08:00,confirmed
2016-10-06,40.20399856567383,40.34749984741211,40.0255012512207,40.15399932861328,39.7755126953125,21998000,Yahoo Finance,GOOGL,2026-09-18T13:25:36+08:00,confirmed
2016-10-07,40.29650115966797,40.297000885009766,39.840999603271484,40.035499572753906,39.65812301635742,23262000,Yahoo Finance,GOOGL,2026-09-18T13:25:36+08:00,confirmed
2016-10-10,40.19649887084961,40.86899948120117,40.11199951171875,40.708499908447266,40.32478332519531,29922000,Yahoo Finance,GOOGL,2026-09-18T13:25:36+08:00,confirmed
2016-10-11,40.708499908447266,40.99300003051758,40.368499755859375,40.47850036621094,40.09695053100586,34432000,Yahoo Finance,GOOGL,2026-09-18T13:25:36+08:00,confirmed
2016-10-12,40.597999572753906,40.724998474121094,40.4275016784668,40.5885009765625,40.20591354370117,18158000,Yahoo Finance,GOOGL,2026-09-18T13:25:36+08:00,confirmed
2016-10-13,40.30350112915039,40.327999114990234,39.930999755859375,40.20399856567383,39.825042724609375,27380000,Yahoo Finance,GOOGL,2026-09-18T13:25:36+08:00,confirmed
2016-10-14,40.372501373291016,40.50450134277344,40.11600112915039,40.22999954223633,39.85079574584961,22238000,Yahoo Finance,GOOGL,2026-09-18T13:25:36+08:00,confirmed
2016-10-17,40.29949951171875,40.67449951171875,40.19150161743164,40.34199905395508,39.96173095703125,21128000,Yahoo Finance,GOOGL,2026-09-18T13:25:36+08:00,confirmed
2016-10-18,40.71049880981445,41.44049835205078,40.666500091552734,41.074501037597656,40.68732833862305,45786000,Yahoo Finance,GOOGL,2026-09-18T13:25:36+08:00,confirmed
2016-10-19,41.14400100708008,41.4900016784668,41.14400100708008,41.34199905395508,40.95231246948242,30002000,Yahoo Finance,GOOGL,2026-09-18T13:25:36+08:00,confirmed
2016-10-20,41.37799835205078,41.423500061035156,41.02750015258789,41.08150100708008,40.694271087646484,27878000,Yahoo Finance,GOOGL,2026-09-18T13:25:36+08:00,confirmed
2016-10-21,41.0,41.214500427246094,40.91550064086914,41.202999114990234,40.81461715698242,32316000,Yahoo Finance,GOOGL,2026-09-18T13:25:36+08:00,confirmed
2016-10-24,41.50450134277344,41.89699935913086,41.45199966430664,41.7869987487793,41.39311218261719,28952000,Yahoo Finance,GOOGL,2026-09-18T13:25:36+08:00,confirmed
2016-10-25,41.92499923706055,41.92499923706055,41.26499938964844,41.4275016784668,41.037010192871094,37814000,Yahoo Finance,GOOGL,2026-09-18T13:25:36+08:00,confirmed
2016-10-26,41.35599899291992,41.385501861572266,40.817501068115234,41.10499954223633,40.71754837036133,35898000,Yahoo Finance,GOOGL,2026-09-18T13:25:36+08:00,confirmed
2016-10-27,41.1505012512207,41.32899856567383,40.730499267578125,40.86750030517578,40.48228454589844,59470000,Yahoo Finance,GOOGL,2026-09-18T13:25:36+08:00,confirmed
2016-10-28,41.49700164794922,41.95000076293945,40.849998474121094,40.97800064086914,40.59174346923828,87098000,Yahoo Finance,GOOGL,2026-09-18T13:25:36+08:00,confirmed
2016-10-31,41.121498107910156,41.131500244140625,40.400001525878906,40.494998931884766,40.11328887939453,44854000,Yahoo Finance,GOOGL,2026-09-18T13:25:36+08:00,confirmed
2016-11-01,40.54349899291992,40.698001861572266,39.91299819946289,40.27399826049805,39.894378662109375,47118000,Yahoo Finance,GOOGL,2026-09-18T13:25:36+08:00,confirmed
2016-11-02,40.3380012512207,40.3380012512207,39.25,39.42100143432617,39.04941940307617,47014000,Yahoo Finance,GOOGL,2026-09-18T13:25:36+08:00,confirmed
2016-11-03,39.224998474121094,39.5,38.93149948120117,39.109500885009766,38.74085235595703,43504000,Yahoo Finance,GOOGL,2026-09-18T13:25:36+08:00,confirmed
2016-11-04,38.564998626708984,39.42399978637695,38.54999923706055,39.05500030517578,38.68686294555664,39412000,Yahoo Finance,GOOGL,2026-09-18T13:25:36+08:00,confirmed
2016-11-07,39.747501373291016,40.25,39.64500045776367,40.10150146484375,39.72350311279297,39852000,Yahoo Finance,GOOGL,2026-09-18T13:25:36+08:00,confirmed
2016-11-08,40.10150146484375,40.801998138427734,39.98099899291992,40.5989990234375,40.21630859375,35382000,Yahoo Finance,GOOGL,2026-09-18T13:25:36+08:00,confirmed
2016-11-09,40.09149932861328,40.58549880981445,39.60200119018555,40.27949905395508,39.89982604980469,61970000,Yahoo Finance,GOOGL,2026-09-18T13:25:36+08:00,confirmed
2016-11-10,40.5,40.50299835205078,38.4114990234375,39.01449966430664,38.646751403808594,118192000,Yahoo Finance,GOOGL,2026-09-18T13:25:36+08:00,confirmed
2016-11-11,38.84049987792969,38.864498138427734,38.277000427246094,38.587501525878906,38.22377395629883,71852000,Yahoo Finance,GOOGL,2026-09-18T13:25:36+08:00,confirmed
2016-11-14,38.5880012512207,38.5890007019043,37.179500579833984,37.6609992980957,37.305999755859375,73766000,Yahoo Finance,GOOGL,2026-09-18T13:25:36+08:00,confirmed
2016-11-15,38.27349853515625,39.012001037597656,38.26100158691406,38.757999420166016,38.392669677734375,58878000,Yahoo Finance,GOOGL,2026-09-18T13:25:36+08:00,confirmed
2016-11-16,38.520999908447266,39.17499923706055,38.31650161743164,38.999000549316406,38.63139343261719,35968000,Yahoo Finance,GOOGL,2026-09-18T13:25:36+08:00,confirmed
2016-11-17,39.125,39.44499969482422,38.99250030517578,39.30799865722656,38.937477111816406,30674000,Yahoo Finance,GOOGL,2026-09-18T13:25:36+08:00,confirmed
2016-11-18,39.35850143432617,39.56449890136719,38.76750183105469,38.798500061035156,38.43278121948242,36126000,Yahoo Finance,GOOGL,2026-09-18T13:25:36+08:00,confirmed
2016-11-21,38.904998779296875,39.32749938964844,38.814998626708984,39.2400016784668,38.87012481689453,32616000,Yahoo Finance,GOOGL,2026-09-18T13:25:36+08:00,confirmed
2016-11-22,39.449501037597656,39.688499450683594,39.1870002746582,39.25,38.880027770996094,27884000,Yahoo Finance,GOOGL,2026-09-18T13:25:36+08:00,confirmed
2016-11-23,39.47600173950195,39.47600173950195,38.63249969482422,38.95000076293945,38.58285903930664,26260000,Yahoo Finance,GOOGL,2026-09-18T13:25:36+08:00,confirmed
2016-11-25,39.13050079345703,39.14500045776367,38.90950012207031,39.01150131225586,38.64377975463867,12270000,Yahoo Finance,GOOGL,2026-09-18T13:25:36+08:00,confirmed
2016-11-28,38.91749954223633,39.98699951171875,38.904998779296875,39.28950119018555,38.919158935546875,51508000,Yahoo Finance,GOOGL,2026-09-18T13:25:36+08:00,confirmed
2016-11-29,39.41899871826172,39.821998596191406,39.266998291015625,39.47200012207031,39.09994125366211,31240000,Yahoo Finance,GOOGL,2026-09-18T13:25:36+08:00,confirmed
2016-11-30,39.45500183105469,39.57550048828125,38.657501220703125,38.79399871826172,38.4283332824707,45582000,Yahoo Finance,GOOGL,2026-09-18T13:25:36+08:00,confirmed
2016-12-01,38.9275016784668,38.93000030517578,37.667999267578125,38.21649932861328,37.85627365112305,57342000,Yahoo Finance,GOOGL,2026-09-18T13:25:36+08:00,confirmed
2016-12-02,38.095001220703125,38.525001525878906,37.95000076293945,38.222999572753906,37.86271286010742,34376000,Yahoo Finance,GOOGL,2026-09-18T13:25:36+08:00,confirmed
2016-12-05,38.5,39.0,38.3484992980957,38.9109992980957,38.54422378540039,33770000,Yahoo Finance,GOOGL,2026-09-18T13:25:36+08:00,confirmed
2016-12-06,39.009498596191406,39.263999938964844,38.66600036621094,38.808998107910156,38.44318389892578,34682000,Yahoo Finance,GOOGL,2026-09-18T13:25:36+08:00,confirmed
2016-12-07,38.997501373291016,39.599998474121094,38.67649841308594,39.57350158691406,39.200477600097656,40588000,Yahoo Finance,GOOGL,2026-09-18T13:25:36+08:00,confirmed
2016-12-08,39.647499084472656,39.95000076293945,39.39550018310547,39.75849914550781,39.383731842041016,32250000,Yahoo Finance,GOOGL,2026-09-18T13:25:36+08:00,confirmed
2016-12-09,39.96500015258789,40.497501373291016,39.90250015258789,40.47249984741211,40.091007232666016,38090000,Yahoo Finance,GOOGL,2026-09-18T13:25:36+08:00,confirmed
2016-12-12,40.24100112915039,40.567501068115234,40.22650146484375,40.39500045776367,40.01423645019531,32572000,Yahoo Finance,GOOGL,2026-09-18T13:25:36+08:00,confirmed
2016-12-13,40.61949920654297,41.21500015258789,40.59700012207031,40.766998291015625,40.382728576660156,42564000,Yahoo Finance,GOOGL,2026-09-18T13:25:36+08:00,confirmed
2016-12-14,40.79600143432617,41.2130012512207,40.638999938964844,40.894500732421875,40.50902557373047,35994000,Yahoo Finance,GOOGL,2026-09-18T13:25:36+08:00,confirmed
2016-12-15,40.86800003051758,41.150001525878906,40.599998474121094,40.782501220703125,40.39808654785156,35394000,Yahoo Finance,GOOGL,2026-09-18T13:25:36+08:00,confirmed
2016-12-16,40.91550064086914,40.959999084472656,40.40599822998047,40.492000579833984,40.11032485961914,51978000,Yahoo Finance,GOOGL,2026-09-18T13:25:36+08:00,confirmed
2016-12-19,40.4640007019043,40.81100082397461,40.224998474121094,40.625,40.242069244384766,25272000,Yahoo Finance,GOOGL,2026-09-18T13:25:36+08:00,confirmed
2016-12-20,40.66849899291992,40.824501037597656,40.54999923706055,40.7599983215332,40.37579345703125,25438000,Yahoo Finance,GOOGL,2026-09-18T13:25:36+08:00,confirmed
2016-12-21,40.7859992980957,40.7859992980957,40.255001068115234,40.61000061035156,40.227210998535156,29192000,Yahoo Finance,GOOGL,2026-09-18T13:25:36+08:00,confirmed
2016-12-22,40.45500183105469,40.55350112915039,40.30149841308594,40.48400115966797,40.10239791870117,22632000,Yahoo Finance,GOOGL,2026-09-18T13:25:36+08:00,confirmed
2016-12-23,40.4005012512207,40.548500061035156,40.25550079345703,40.38999938964844,40.00928497314453,15310000,Yahoo Finance,GOOGL,2026-09-18T13:25:36+08:00,confirmed
2016-12-27,40.433998107910156,40.79999923706055,40.290000915527344,40.496498107910156,40.11478042602539,19520000,Yahoo Finance,GOOGL,2026-09-18T13:25:36+08:00,confirmed
2016-12-28,40.666500091552734,40.666500091552734,40.12200164794922,40.22850036621094,39.849300384521484,24296000,Yahoo Finance,GOOGL,2026-09-18T13:25:36+08:00,confirmed
2016-12-29,40.11650085449219,40.287498474121094,39.90700149536133,40.14400100708008,39.76560974121094,21148000,Yahoo Finance,GOOGL,2026-09-18T13:25:36+08:00,confirmed
2016-12-30,40.160499572753906,40.16450119018555,39.48099899291992,39.622501373291016,39.24901580810547,34718000,Yahoo Finance,GOOGL,2026-09-18T13:25:36+08:00,confirmed
2017-01-03,40.03099822998047,40.571998596191406,39.84450149536133,40.4005012512207,40.019691467285156,39180000,Yahoo Finance,GOOGL,2026-09-18T13:25:36+08:00,confirmed
2017-01-04,40.49449920654297,40.67150115966797,40.205501556396484,40.38850021362305,40.00779724121094,30306000,Yahoo Finance,GOOGL,2026-09-18T13:25:36+08:00,confirmed
2017-01-05,40.375,40.6870002746582,40.29600143432617,40.6510009765625,40.26782989501953,26810000,Yahoo Finance,GOOGL,2026-09-18T13:25:36+08:00,confirmed
2017-01-06,40.7495002746582,41.448001861572266,40.57500076293945,41.260501861572266,40.871578216552734,40342000,Yahoo Finance,GOOGL,2026-09-18T13:25:36+08:00,confirmed
2017-01-09,41.31850051879883,41.52149963378906,41.08100128173828,41.35900115966797,40.969154357910156,28178000,Yahoo Finance,GOOGL,2026-09-18T13:25:36+08:00,confirmed
2017-01-10,41.35350036621094,41.47050094604492,41.15700149536133,41.300498962402344,40.911197662353516,23948000,Yahoo Finance,GOOGL,2026-09-18T13:25:36+08:00,confirmed
2017-01-11,41.33100128173828,41.494998931884766,41.07350158691406,41.49300003051758,41.10188293457031,26508000,Yahoo Finance,GOOGL,2026-09-18T13:25:36+08:00,confirmed
2017-01-12,41.41899871826172,41.51900100708008,41.050498962402344,41.47650146484375,41.08554458618164,26990000,Yahoo Finance,GOOGL,2026-09-18T13:25:36+08:00,confirmed
2017-01-13,41.54999923706055,41.73249816894531,41.47600173950195,41.547000885009766,41.15538024902344,25804000,Yahoo Finance,GOOGL,2026-09-18T13:25:36+08:00,confirmed
2017-01-17,41.5,41.50899887084961,41.15999984741211,41.37300109863281,40.98301696777344,28818000,Yahoo Finance,GOOGL,2026-09-18T13:25:36+08:00,confirmed
2017-01-18,41.4900016784668,41.490501403808594,41.20399856567383,41.45100021362305,41.060279846191406,20554000,Yahoo Finance,GOOGL,2026-09-18T13:25:36+08:00,confirmed
2017-01-19,41.45000076293945,41.650001525878906,41.198001861572266,41.21849822998047,40.829978942871094,21410000,Yahoo Finance,GOOGL,2026-09-18T13:25:36+08:00,confirmed
2017-01-20,41.454498291015625,41.46200180053711,41.22999954223633,41.40850067138672,41.018184661865234,26124000,Yahoo Finance,GOOGL,2026-09-18T13:25:36+08:00,confirmed
2017-01-23,41.580501556396484,42.277000427246094,41.435001373291016,42.221500396728516,41.82352066040039,49148000,Yahoo Finance,GOOGL,2026-09-18T13:25:36+08:00,confirmed
2017-01-24,42.3489990234375,42.57600021362305,42.11399841308594,42.47650146484375,42.07612228393555,33768000,Yahoo Finance,GOOGL,2026-09-18T13:25:36+08:00,confirmed
2017-01-25,42.6775016784668,42.93949890136719,42.48699951171875,42.92250061035156,42.51791763305664,33108000,Yahoo Finance,GOOGL,2026-09-18T13:25:36+08:00,confirmed
2017-01-26,42.95249938964844,43.04999923706055,42.5260009765625,42.8489990234375,42.445106506347656,69866000,Yahoo Finance,GOOGL,2026-09-18T13:25:36+08:00,confirmed
2017-01-27,42.95000076293945,43.349998474121094,42.095001220703125,42.25149917602539,41.853240966796875,75050000,Yahoo Finance,GOOGL,2026-09-18T13:25:36+08:00,confirmed
2017-01-30,41.85300064086914,41.86149978637695,41.05149841308594,41.19150161743164,40.80323028564453,70338000,Yahoo Finance,GOOGL,2026-09-18T13:25:36+08:00,confirmed
2017-01-31,40.974998474121094,41.153499603271484,40.66999816894531,41.009498596191406,40.62294387817383,40404000,Yahoo Finance,GOOGL,2026-09-18T13:25:36+08:00,confirmed
2017-02-01,41.20000076293945,41.20000076293945,40.61249923706055,40.762001037597656,40.37778091430664,45020000,Yahoo Finance,GOOGL,2026-09-18T13:25:36+08:00,confirmed
2017-02-02,40.75,41.22800064086914,40.602500915527344,40.91299819946289,40.527347564697266,33784000,Yahoo Finance,GOOGL,2026-09-18T13:25:36+08:00,confirmed
2017-02-03,41.15650177001953,41.30649948120117,40.967498779296875,41.006500244140625,40.619972229003906,30562000,Yahoo Finance,GOOGL,2026-09-18T13:25:36+08:00,confirmed
2017-02-06,41.04600143432617,41.11949920654297,40.714500427246094,41.08100128173828,40.69377136230469,27018000,Yahoo Finance,GOOGL,2026-09-18T13:25:36+08:00,confirmed
2017-02-07,41.275001525878906,41.59600067138672,41.16450119018555,41.46149826049805,41.0706787109375,33332000,Yahoo Finance,GOOGL,2026-09-18T13:25:36+08:00,confirmed
2017-02-08,41.5265007019043,41.712501525878906,41.25550079345703,41.49399948120117,41.102874755859375,26044000,Yahoo Finance,GOOGL,2026-09-18T13:25:36+08:00,confirmed
2017-02-09,41.58649826049805,41.5989990234375,41.32500076293945,41.50299835205078,41.11178970336914,23884000,Yahoo Finance,GOOGL,2026-09-18T13:25:36+08:00,confirmed
2017-02-10,41.647499084472656,41.85749816894531,41.5255012512207,41.74250030517578,41.34904098510742,28302000,Yahoo Finance,GOOGL,2026-09-18T13:25:36+08:00,confirmed
2017-02-13,41.8849983215332,42.08700180053711,41.8125,41.948001861572266,41.5526008605957,25914000,Yahoo Finance,GOOGL,2026-09-18T13:25:36+08:00,confirmed
2017-02-14,41.98849868774414,42.099998474121094,41.791500091552734,42.00149917602539,41.605587005615234,27266000,Yahoo Finance,GOOGL,2026-09-18T13:25:36+08:00,confirmed
2017-02-15,41.94049835205078,42.0885009765625,41.81100082397461,41.86600112915039,41.471378326416016,27144000,Yahoo Finance,GOOGL,2026-09-18T13:25:36+08:00,confirmed
2017-02-16,41.92499923706055,42.134498596191406,41.862998962402344,42.10850143432617,41.71158981323242,20102000,Yahoo Finance,GOOGL,2026-09-18T13:25:36+08:00,confirmed
2017-02-17,42.06549835205078,42.34700012207031,41.98899841308594,42.32749938964844,41.928524017333984,29224000,Yahoo Finance,GOOGL,2026-09-18T13:25:36+08:00,confirmed
2017-02-21,42.39950180053711,42.61000061035156,42.32749938964844,42.4635009765625,42.0632438659668,25206000,Yahoo Finance,GOOGL,2026-09-18T13:25:36+08:00,confirmed
2017-02-22,42.400001525878906,42.68949890136719,42.33549880981445,42.56800079345703,42.166751861572266,24488000,Yahoo Finance,GOOGL,2026-09-18T13:25:36+08:00,confirmed
2017-02-23,42.55400085449219,42.63100051879883,42.125,42.54999923706055,42.148921966552734,27734000,Yahoo Finance,GOOGL,2026-09-18T13:25:36+08:00,confirmed
2017-02-24,42.38249969482422,42.417999267578125,42.14799880981445,42.390499114990234,41.990928649902344,26924000,Yahoo Finance,GOOGL,2026-09-18T13:25:36+08:00,confirmed
2017-02-27,42.247501373291016,42.53350067138672,42.1505012512207,42.48350143432617,42.08304977416992,20206000,Yahoo Finance,GOOGL,2026-09-18T13:25:36+08:00,confirmed
2017-02-28,42.36750030517578,42.44150161743164,42.071998596191406,42.246498107910156,41.84828186035156,27662000,Yahoo Finance,GOOGL,2026-09-18T13:25:36+08:00,confirmed
2017-03-01,42.569000244140625,42.900001525878906,42.45100021362305,42.837501525878906,42.4337158203125,36374000,Yahoo Finance,GOOGL,2026-09-18T13:25:36+08:00,confirmed
2017-03-02,42.81549835205078,42.824501037597656,42.43600082397461,42.49250030517578,42.09196472167969,25018000,Yahoo Finance,GOOGL,2026-09-18T13:25:36+08:00,confirmed
2017-03-03,42.446998596191406,42.54100036621094,42.23550033569336,42.45399856567383,42.053829193115234,20100000,Yahoo Finance,GOOGL,2026-09-18T13:25:36+08:00,confirmed
2017-03-06,42.34299850463867,42.446998596191406,42.05849838256836,42.36349868774414,41.964176177978516,20958000,Yahoo Finance,GOOGL,2026-09-18T13:25:36+08:00,confirmed
2017-03-07,42.362998962402344,42.666500091552734,42.2760009765625,42.557498931884766,42.15635299682617,20774000,Yahoo Finance,GOOGL,2026-09-18T13:25:36+08:00,confirmed
2017-03-08,42.65599822998047,42.846500396728516,42.5625,42.68199920654297,42.27967834472656,20576000,Yahoo Finance,GOOGL,2026-09-18T13:25:36+08:00,confirmed
2017-03-09,42.68450164794922,43.035499572753906,42.63349914550781,42.891998291015625,42.48769760131836,26954000,Yahoo Finance,GOOGL,2026-09-18T13:25:36+08:00,confirmed
2017-03-10,43.1349983215332,43.21149826049805,42.88050079345703,43.070499420166016,42.66451644897461,26732000,Yahoo Finance,GOOGL,2026-09-18T13:25:36+08:00,confirmed
2017-03-13,43.041500091552734,43.35649871826172,43.04100036621094,43.229000091552734,42.82152557373047,23332000,Yahoo Finance,GOOGL,2026-09-18T13:25:36+08:00,confirmed
2017-03-14,43.1875,43.37900161743164,43.006500244140625,43.295501708984375,42.88739776611328,21234000,Yahoo Finance,GOOGL,2026-09-18T13:25:36+08:00,confirmed
2017-03-15,43.39699935913086,43.49399948120117,43.064998626708984,43.419498443603516,43.010231018066406,26658000,Yahoo Finance,GOOGL,2026-09-18T13:25:36+08:00,confirmed
2017-03-16,43.5265007019043,43.635501861572266,43.375999450683594,43.5,43.089969635009766,22090000,Yahoo Finance,GOOGL,2026-09-18T13:25:36+08:00,confirmed
2017-03-17,43.683998107910156,43.72100067138672,43.41849899291992,43.618499755859375,43.20734786987305,37366000,Yahoo Finance,GOOGL,2026-09-18T13:25:36+08:00,confirmed
2017-03-20,43.4739990234375,43.516998291015625,43.23350143432617,43.39550018310547,42.98645782470703,30844000,Yahoo Finance,GOOGL,2026-09-18T13:25:36+08:00,confirmed
2017-03-21,43.50299835205078,43.673500061035156,42.384498596191406,42.50699996948242,42.106327056884766,50760000,Yahoo Finance,GOOGL,2026-09-18T13:25:36+08:00,confirmed
2017-03-22,42.4739990234375,42.76750183105469,42.349998474121094,42.4900016784668,42.0894889831543,27334000,Yahoo Finance,GOOGL,2026-09-18T13:25:36+08:00,confirmed
2017-03-23,42.06949996948242,42.08449935913086,41.650001525878906,41.98249816894531,41.586769104003906,65754000,Yahoo Finance,GOOGL,2026-09-18T13:25:36+08:00,confirmed
2017-03-24,42.099998474121094,42.20000076293945,41.45500183105469,41.75699996948242,41.3633918762207,42114000,Yahoo Finance,GOOGL,2026-09-18T13:25:36+08:00,confirmed
2017-03-27,41.40449905395508,42.069000244140625,41.21500015258789,41.925498962402344,41.53030776977539,38692000,Yahoo Finance,GOOGL,2026-09-18T13:25:36+08:00,confirmed
2017-03-28,41.984500885009766,42.27000045776367,41.61349868774414,42.03150177001953,41.635311126708984,30384000,Yahoo Finance,GOOGL,2026-09-18T13:25:36+08:00,confirmed
2017-03-29,42.13750076293945,42.579498291015625,42.069000244140625,42.493499755859375,42.09295654296875,29146000,Yahoo Finance,GOOGL,2026-09-18T13:25:36+08:00,confirmed
2017-03-30,42.5989990234375,42.599998474121094,42.3385009765625,42.4739990234375,42.073638916015625,18988000,Yahoo Finance,GOOGL,2026-09-18T13:25:36+08:00,confirmed
2017-03-31,42.34149932861328,42.47800064086914,42.262001037597656,42.38999938964844,41.99042892456055,28820000,Yahoo Finance,GOOGL,2026-09-18T13:25:36+08:00,confirmed
2017-04-03,42.4375,42.95000076293945,42.37649917602539,42.837501525878906,42.4337158203125,39388000,Yahoo Finance,GOOGL,2026-09-18T13:25:36+08:00,confirmed
2017-04-04,42.400001525878906,42.650001525878906,42.3754997253418,42.628501892089844,42.226688385009766,26970000,Yahoo Finance,GOOGL,2026-09-18T13:25:36+08:00,confirmed
2017-04-05,42.73550033569336,43.02949905395508,42.375999450683594,42.445499420166016,42.04541015625,37104000,Yahoo Finance,GOOGL,2026-09-18T13:25:36+08:00,confirmed
2017-04-06,42.474998474121094,42.679500579833984,42.20000076293945,42.255001068115234,41.8567008972168,30672000,Yahoo Finance,GOOGL,2026-09-18T13:25:36+08:00,confirmed
2017-04-07,42.25,42.29399871826172,41.8650016784668,42.10499954223633,41.70812225341797,22232000,Yahoo Finance,GOOGL,2026-09-18T13:25:36+08:00,confirmed
2017-04-10,42.07699966430664,42.33700180053711,42.03950119018555,42.084999084472656,41.68830871582031,20924000,Yahoo Finance,GOOGL,2026-09-18T13:25:36+08:00,confirmed
2017-04-11,42.084999084472656,42.23149871826172,41.72999954223633,41.99399948120117,41.59816360473633,19486000,Yahoo Finance,GOOGL,2026-09-18T13:25:36+08:00,confirmed
2017-04-12,41.92300033569336,42.18600082397461,41.87950134277344,42.073001861572266,41.676414489746094,22716000,Yahoo Finance,GOOGL,2026-09-18T13:25:36+08:00,confirmed
2017-04-13,42.051998138427734,42.186500549316406,41.89250183105469,42.00899887084961,41.61301803588867,21474000,Yahoo Finance,GOOGL,2026-09-18T13:25:36+08:00,confirmed
2017-04-17,42.069000244140625,42.78200149536133,42.05149841308594,42.756500244140625,42.353477478027344,20982000,Yahoo Finance,GOOGL,2026-09-18T13:25:36+08:00,confirmed
2017-04-18,42.62699890136719,42.86949920654297,42.5625,42.699501037597656,42.297019958496094,18724000,Yahoo Finance,GOOGL,2026-09-18T13:25:36+08:00,confirmed
2017-04-19,42.86949920654297,43.0099983215332,42.67649841308594,42.82550048828125,42.42182922363281,21606000,Yahoo Finance,GOOGL,2026-09-18T13:25:36+08:00,confirmed
2017-04-20,42.98699951171875,43.19649887084961,42.875,43.00400161743164,42.5986442565918,23776000,Yahoo Finance,GOOGL,2026-09-18T13:25:36+08:00,confirmed
2017-04-21,43.03099822998047,43.12200164794922,42.88650131225586,42.9474983215332,42.54267883300781,23458000,Yahoo Finance,GOOGL,2026-09-18T13:25:36+08:00,confirmed
2017-04-24,43.422000885009766,43.99800109863281,43.30550003051758,43.94649887084961,43.53226089477539,33930000,Yahoo Finance,GOOGL,2026-09-18T13:25:36+08:00,confirmed
2017-04-25,44.112998962402344,44.61249923706055,43.9640007019043,44.44200134277344,44.02309036254883,40760000,Yahoo Finance,GOOGL,2026-09-18T13:25:36+08:00,confirmed
2017-04-26,44.56949996948242,44.64950180053711,44.25749969482422,44.457000732421875,44.03795623779297,26466000,Yahoo Finance,GOOGL,2026-09-18T13:25:36+08:00,confirmed
2017-04-27,44.5,44.66899871826172,44.35900115966797,44.571998596191406,44.15186309814453,46846000,Yahoo Finance,GOOGL,2026-09-18T13:25:36+08:00,confirmed
2017-04-28,46.45000076293945,46.79499816894531,46.1609992980957,46.22600173950195,45.79027557373047,76918000,Yahoo Finance,GOOGL,2026-09-18T13:25:36+08:00,confirmed
2017-05-01,46.20750045776367,46.79100036621094,46.040000915527344,46.64099884033203,46.201358795166016,46556000,Yahoo Finance,GOOGL,2026-09-18T13:25:36+08:00,confirmed
2017-05-02,46.66350173950195,47.14950180053711,46.54999923706055,46.85449981689453,46.41284942626953,35026000,Yahoo Finance,GOOGL,2026-09-18T13:25:36+08:00,confirmed
2017-05-03,46.8025016784668,47.5099983215332,46.760501861572266,47.42250061035156,46.975502014160156,36496000,Yahoo Finance,GOOGL,2026-09-18T13:25:36+08:00,confirmed
2017-05-04,47.51449966430664,47.957000732421875,47.368499755859375,47.736000061035156,47.286041259765625,38752000,Yahoo Finance,GOOGL,2026-09-18T13:25:36+08:00,confirmed
2017-05-05,47.83599853515625,47.922000885009766,47.404998779296875,47.513999938964844,47.06613540649414,32310000,Yahoo Finance,GOOGL,2026-09-18T13:25:36+08:00,confirmed
2017-05-08,47.372501373291016,48.04949951171875,47.369998931884766,47.93450164794922,47.482666015625,37534000,Yahoo Finance,GOOGL,2026-09-18T13:25:36+08:00,confirmed
2017-05-09,48.06650161743164,48.11000061035156,47.720001220703125,47.83549880981445,47.38460159301758,33758000,Yahoo Finance,GOOGL,2026-09-18T13:25:36+08:00,confirmed
2017-05-10,47.81100082397461,47.83549880981445,47.492000579833984,47.742000579833984,47.2919807434082,22920000,Yahoo Finance,GOOGL,2026-09-18T13:25:36+08:00,confirmed
2017-05-11,47.56449890136719,47.89950180053711,47.43050003051758,47.794498443603516,47.34398651123047,20622000,Yahoo Finance,GOOGL,2026-09-18T13:25:36+08:00,confirmed
2017-05-12,47.89250183105469,47.89899826049805,47.60300064086914,47.75699996948242,47.30684280395508,24298000,Yahoo Finance,GOOGL,2026-09-18T13:25:36+08:00,confirmed
2017-05-15,47.76449966430664,48.1349983215332,47.64099884033203,47.96099853515625,47.50891876220703,26754000,Yahoo Finance,GOOGL,2026-09-18T13:25:36+08:00,confirmed
2017-05-16,48.1775016784668,48.29499816894531,48.01750183105469,48.230499267578125,47.77587890625,22030000,Yahoo Finance,GOOGL,2026-09-18T13:25:36+08:00,confirmed
2017-05-17,47.98500061035156,48.04949951171875,47.00299835205078,47.10850143432617,46.66445541381836,48982000,Yahoo Finance,GOOGL,2026-09-18T13:25:36+08:00,confirmed
2017-05-18,47.15999984741211,47.70899963378906,47.063499450683594,47.525001525878906,47.0770263671875,36010000,Yahoo Finance,GOOGL,2026-09-18T13:25:36+08:00,confirmed
2017-05-19,47.64099884033203,47.97800064086914,47.599998474121094,47.73249816894531,47.28257751464844,27206000,Yahoo Finance,GOOGL,2026-09-18T13:25:36+08:00,confirmed
2017-05-22,47.849998474121094,48.24100112915039,47.827999114990234,48.20349884033203,47.74913024902344,27748000,Yahoo Finance,GOOGL,2026-09-18T13:25:36+08:00,confirmed
2017-05-23,48.49800109863281,48.72549819946289,48.224998474121094,48.52750015258789,48.07007598876953,30908000,Yahoo Finance,GOOGL,2026-09-18T13:25:36+08:00,confirmed
2017-05-24,48.76300048828125,48.90599822998047,48.58150100708008,48.88050079345703,48.41975402832031,22660000,Yahoo Finance,GOOGL,2026-09-18T13:25:36+08:00,confirmed
2017-05-25,48.95000076293945,49.78900146484375,48.89099884033203,49.59299850463867,49.12553787231445,39082000,Yahoo Finance,GOOGL,2026-09-18T13:25:36+08:00,confirmed
2017-05-26,49.599998474121094,49.81949996948242,49.36800003051758,49.66350173950195,49.19537353515625,32728000,Yahoo Finance,GOOGL,2026-09-18T13:25:36+08:00,confirmed
2017-05-30,49.625,49.88100051879883,49.56800079345703,49.80849838256836,49.33900451660156,30324000,Yahoo Finance,GOOGL,2026-09-18T13:25:36+08:00,confirmed
2017-05-31,49.81050109863281,49.97999954223633,49.08399963378906,49.35449981689453,48.889286041259766,34482000,Yahoo Finance,GOOGL,2026-09-18T13:25:36+08:00,confirmed
2017-06-01,49.54800033569336,49.65700149536133,49.06449890136719,49.41450119018555,48.94872283935547,26128000,Yahoo Finance,GOOGL,2026-09-18T13:25:36+08:00,confirmed
2017-06-02,49.429500579833984,49.82400131225586,49.35350036621094,49.805999755859375,49.336524963378906,34710000,Yahoo Finance,GOOGL,2026-09-18T13:25:36+08:00,confirmed
2017-06-05,49.894500732421875,50.369998931884766,49.772499084472656,50.194000244140625,49.72087097167969,27578000,Yahoo Finance,GOOGL,2026-09-18T13:25:36+08:00,confirmed
2017-06-06,50.16550064086914,50.43050003051758,49.7400016784668,49.83399963378906,49.36426544189453,31042000,Yahoo Finance,GOOGL,2026-09-18T13:25:36+08:00,confirmed
2017-06-07,49.954498291015625,50.195499420166016,49.79349899291992,50.07500076293945,49.60299301147461,27482000,Yahoo Finance,GOOGL,2026-09-18T13:25:36+08:00,confirmed
2017-06-08,50.21149826049805,50.279998779296875,49.83100128173828,50.2140007019043,49.740684509277344,33758000,Yahoo Finance,GOOGL,2026-09-18T13:25:36+08:00,confirmed
2017-06-09,50.27450180053711,50.275001525878906,47.66849899291992,48.50600051879883,48.04878616333008,72958000,Yahoo Finance,GOOGL,2026-09-18T13:25:36+08:00,confirmed
2017-06-12,47.93600082397461,48.400001525878906,46.84000015258789,48.09049987792969,47.6371955871582,84042000,Yahoo Finance,GOOGL,2026-09-18T13:25:36+08:00,confirmed
2017-06-13,48.60200119018555,48.89550018310547,48.10049819946289,48.525001525878906,48.06760787963867,40108000,Yahoo Finance,GOOGL,2026-09-18T13:25:36+08:00,confirmed
2017-06-14,48.775001525878906,48.98500061035156,47.97549819946289,48.39649963378906,47.940311431884766,30110000,Yahoo Finance,GOOGL,2026-09-18T13:25:36+08:00,confirmed
2017-06-15,47.4010009765625,48.034000396728516,47.01850128173828,48.00899887084961,47.55647659301758,48552000,Yahoo Finance,GOOGL,2026-09-18T13:25:36+08:00,confirmed
2017-06-16,47.89550018310547,47.997501373291016,47.435001373291016,47.930999755859375,47.47920227050781,51184000,Yahoo Finance,GOOGL,2026-09-18T13:25:36+08:00,confirmed
2017-06-19,48.48249816894531,48.96500015258789,48.40999984741211,48.76100158691406,48.30137634277344,29376000,Yahoo Finance,GOOGL,2026-09-18T13:25:36+08:00,confirmed
2017-06-20,48.765499114990234,49.03950119018555,48.40999984741211,48.449501037597656,47.992820739746094,25946000,Yahoo Finance,GOOGL,2026-09-18T13:25:36+08:00,confirmed
2017-06-21,48.53950119018555,48.977500915527344,48.47249984741211,48.929500579833984,48.46829605102539,23232000,Yahoo Finance,GOOGL,2026-09-18T13:25:36+08:00,confirmed
2017-06-22,48.84349822998047,49.025001525878906,48.66550064086914,48.83100128173828,48.3707160949707,20190000,Yahoo Finance,GOOGL,2026-09-18T13:25:36+08:00,confirmed
2017-06-23,48.775001525878906,49.33100128173828,48.722999572753906,49.304500579833984,48.83975601196289,31280000,Yahoo Finance,GOOGL,2026-09-18T13:25:36+08:00,confirmed
2017-06-26,49.5,49.699501037597656,48.51649856567383,48.60449981689453,48.1463508605957,30358000,Yahoo Finance,GOOGL,2026-09-18T13:25:36+08:00,confirmed
2017-06-27,48.08000183105469,48.361000061035156,47.35449981689453,47.40449905395508,46.957664489746094,48872000,Yahoo Finance,GOOGL,2026-09-18T13:25:36+08:00,confirmed
2017-06-28,47.53300094604492,48.1619987487793,46.80799865722656,48.050498962402344,47.597572326660156,54912000,Yahoo Finance,GOOGL,2026-09-18T13:25:36+08:00,confirmed
2017-06-29,47.567501068115234,47.58300018310547,46.47999954223633,46.89099884033203,46.44900131225586,64134000,Yahoo Finance,GOOGL,2026-09-18T13:25:36+08:00,confirmed
2017-06-30,47.199501037597656,47.25,46.480499267578125,46.48400115966797,46.04584503173828,45754000,Yahoo Finance,GOOGL,2026-09-18T13:25:36+08:00,confirmed
2017-07-03,46.6609992980957,46.71200180053711,45.765499114990234,45.972999572753906,45.53965377807617,33896000,Yahoo Finance,GOOGL,2026-09-18T13:25:36+08:00,confirmed
2017-07-05,46.209999084472656,46.81449890136719,45.93149948120117,46.612998962402344,46.17362594604492,41882000,Yahoo Finance,GOOGL,2026-09-18T13:25:36+08:00,confirmed
2017-07-06,46.25,46.80699920654297,45.99250030517578,46.384498596191406,45.94728469848633,40298000,Yahoo Finance,GOOGL,2026-09-18T13:25:36+08:00,confirmed
2017-07-07,46.54949951171875,47.233001708984375,46.489498138427734,47.04050064086914,46.59709930419922,33266000,Yahoo Finance,GOOGL,2026-09-18T13:25:36+08:00,confirmed
2017-07-10,47.09749984741211,47.65650177001953,47.09749984741211,47.54999923706055,47.10179138183594,29030000,Yahoo Finance,GOOGL,2026-09-18T13:25:36+08:00,confirmed
2017-07-11,47.5260009765625,47.74449920654297,47.25600051879883,47.67649841308594,47.22709274291992,29224000,Yahoo Finance,GOOGL,2026-09-18T13:25:36+08:00,confirmed
2017-07-12,48.042999267578125,48.48149871826172,47.85200119018555,48.382999420166016,47.92694091796875,32042000,Yahoo Finance,GOOGL,2026-09-18T13:25:36+08:00,confirmed
2017-07-13,48.540000915527344,48.935001373291016,48.2400016784668,48.442501068115234,47.98588180541992,30492000,Yahoo Finance,GOOGL,2026-09-18T13:25:36+08:00,confirmed
2017-07-14,48.70000076293945,48.87699890136719,48.50749969482422,48.84550094604492,48.38508605957031,21592000,Yahoo Finance,GOOGL,2026-09-18T13:25:36+08:00,confirmed
2017-07-17,48.816001892089844,49.16749954223633,48.540000915527344,48.79800033569336,48.33802795410156,33210000,Yahoo Finance,GOOGL,2026-09-18T13:25:36+08:00,confirmed
2017-07-18,48.667999267578125,49.54249954223633,48.60200119018555,49.34749984741211,48.88235092163086,28266000,Yahoo Finance,GOOGL,2026-09-18T13:25:36+08:00,confirmed
2017-07-19,49.5004997253418,49.779998779296875,49.35049819946289,49.63850021362305,49.17060470581055,28242000,Yahoo Finance,GOOGL,2026-09-18T13:25:36+08:00,confirmed
2017-07-20,49.849998474121094,49.933998107910156,49.23099899291992,49.609500885009766,49.14188003540039,28368000,Yahoo Finance,GOOGL,2026-09-18T13:25:36+08:00,confirmed
2017-07-21,49.45000076293945,49.75550079345703,49.208499908447266,49.69200134277344,49.223602294921875,29266000,Yahoo Finance,GOOGL,2026-09-18T13:25:36+08:00,confirmed
2017-07-24,49.70500183105469,50.30950164794922,49.51350021362305,49.91550064086914,49.44499588012695,79690000,Yahoo Finance,GOOGL,2026-09-18T13:25:36+08:00,confirmed
2017-07-25,48.53499984741211,48.83649826049805,48.189998626708984,48.451499938964844,47.99479675292969,118672000,Yahoo Finance,GOOGL,2026-09-18T13:25:36+08:00,confirmed
2017-07-26,48.638999938964844,48.6974983215332,48.01150131225586,48.265499114990234,47.81055450439453,44432000,Yahoo Finance,GOOGL,2026-09-18T13:25:36+08:00,confirmed
2017-07-27,48.45899963378906,48.47600173950195,46.85300064086914,47.6254997253418,47.17658233642578,74358000,Yahoo Finance,GOOGL,2026-09-18T13:25:36+08:00,confirmed
2017-07-28,47.39950180053711,48.089500427246094,47.265499114990234,47.916500091552734,47.46483612060547,36276000,Yahoo Finance,GOOGL,2026-09-18T13:25:36+08:00,confirmed
2017-07-31,48.0,48.05950164794922,47.08649826049805,47.275001525878906,46.82939529418945,45670000,Yahoo Finance,GOOGL,2026-09-18T13:25:36+08:00,confirmed
2017-08-01,47.390499114990234,47.7244987487793,47.24800109863281,47.327999114990234,46.88188552856445,28052000,Yahoo Finance,GOOGL,2026-09-18T13:25:36+08:00,confirmed
2017-08-02,47.41849899291992,47.45500183105469,46.625999450683594,47.38199996948242,46.93537902832031,40788000,Yahoo Finance,GOOGL,2026-09-18T13:25:36+08:00,confirmed
2017-08-03,47.45500183105469,47.5,46.97200012207031,47.01499938964844,46.571834564208984,22478000,Yahoo Finance,GOOGL,2026-09-18T13:25:36+08:00,confirmed
2017-08-04,47.1974983215332,47.37699890136719,46.9900016784668,47.28950119018555,46.843746185302734,25092000,Yahoo Finance,GOOGL,2026-09-18T13:25:36+08:00,confirmed
2017-08-07,47.375999450683594,47.448001861572266,47.17499923706055,47.287498474121094,46.841766357421875,28916000,Yahoo Finance,GOOGL,2026-09-18T13:25:36+08:00,confirmed
2017-08-08,47.214500427246094,47.6245002746582,47.124000549316406,47.20949935913086,46.764503479003906,30102000,Yahoo Finance,GOOGL,2026-09-18T13:25:36+08:00,confirmed
2017-08-09,46.92250061035156,47.1879997253418,46.69599914550781,47.00400161743164,46.560943603515625,28018000,Yahoo Finance,GOOGL,2026-09-18T13:25:36+08:00,confirmed
2017-08-10,46.75,46.814998626708984,46.0890007019043,46.179500579833984,45.744205474853516,54148000,Yahoo Finance,GOOGL,2026-09-18T13:25:36+08:00,confirmed
2017-08-11,46.18550109863281,46.667999267578125,46.06100082397461,46.50450134277344,46.06614685058594,32334000,Yahoo Finance,GOOGL,2026-09-18T13:25:36+08:00,confirmed
2017-08-14,46.95349884033203,47.051998138427734,46.7244987487793,46.94649887084961,46.503990173339844,23012000,Yahoo Finance,GOOGL,2026-09-18T13:25:36+08:00,confirmed
2017-08-15,47.05149841308594,47.153499603271484,46.832000732421875,46.90399932861328,46.46188735961914,22130000,Yahoo Finance,GOOGL,2026-09-18T13:25:36+08:00,confirmed
2017-08-16,47.0625,47.494998931884766,47.00199890136719,47.2135009765625,46.76846694946289,26906000,Yahoo Finance,GOOGL,2026-09-18T13:25:36+08:00,confirmed
2017-08-17,47.147499084472656,47.19049835205078,46.38199996948242,46.382999420166016,45.945796966552734,33914000,Yahoo Finance,GOOGL,2026-09-18T13:25:36+08:00,confirmed
2017-08-18,46.3489990234375,46.55099868774414,46.17250061035156,46.308998107910156,45.87248611450195,26748000,Yahoo Finance,GOOGL,2026-09-18T13:25:36+08:00,confirmed
2017-08-21,46.28850173950195,46.412498474121094,45.93000030517578,46.04349899291992,45.609493255615234,26024000,Yahoo Finance,GOOGL,2026-09-18T13:25:36+08:00,confirmed
2017-08-22,46.347999572753906,47.097999572753906,46.30849838256836,47.02000045776367,46.57678985595703,35502000,Yahoo Finance,GOOGL,2026-09-18T13:25:36+08:00,confirmed
2017-08-23,46.849998474121094,47.27149963378906,46.762001037597656,47.12900161743164,46.68476486206055,22690000,Yahoo Finance,GOOGL,2026-09-18T13:25:36+08:00,confirmed
2017-08-24,47.18550109863281,47.31549835205078,46.5369987487793,46.84450149536133,46.4029426574707,25892000,Yahoo Finance,GOOGL,2026-09-18T13:25:36+08:00,confirmed
2017-08-25,46.96049880981445,47.0364990234375,46.505001068115234,46.525001525878906,46.08646011352539,23746000,Yahoo Finance,GOOGL,2026-09-18T13:25:36+08:00,confirmed
2017-08-28,46.59400177001953,46.74250030517578,46.30550003051758,46.40650177001953,45.96907424926758,20988000,Yahoo Finance,GOOGL,2026-09-18T13:25:36+08:00,confirmed
2017-08-29,45.997501373291016,46.90950012207031,45.96549987792969,46.787498474121094,46.34647750854492,23172000,Yahoo Finance,GOOGL,2026-09-18T13:25:36+08:00,confirmed
2017-08-30,46.78350067138672,47.292999267578125,46.70249938964844,47.18149948120117,46.73677062988281,22406000,Yahoo Finance,GOOGL,2026-09-18T13:25:36+08:00,confirmed
2017-08-31,47.314998626708984,47.86000061035156,47.3125,47.762001037597656,47.31179428100586,33866000,Yahoo Finance,GOOGL,2026-09-18T13:25:36+08:00,confirmed
2017-09-01,47.87350082397461,47.916500091552734,47.513999938964844,47.5994987487793,47.15082550048828,20858000,Yahoo Finance,GOOGL,2026-09-18T13:25:36+08:00,confirmed
2017-09-05,47.34299850463867,47.56949996948242,46.779998779296875,47.07400131225586,46.63028335571289,29148000,Yahoo Finance,GOOGL,2026-09-18T13:25:36+08:00,confirmed
2017-09-06,47.19350051879883,47.224998474121094,46.63399887084961,47.10100173950195,46.65703201293945,27830000,Yahoo Finance,GOOGL,2026-09-18T13:25:36+08:00,confirmed
2017-09-07,47.212501525878906,47.525001525878906,46.87649917602539,47.49449920654297,47.046817779541016,22332000,Yahoo Finance,GOOGL,2026-09-18T13:25:36+08:00,confirmed
2017-09-08,47.48500061035156,47.53499984741211,47.0004997253418,47.070499420166016,46.62681579589844,19998000,Yahoo Finance,GOOGL,2026-09-18T13:25:36+08:00,confirmed
2017-09-11,47.36000061035156,47.63399887084961,47.04999923706055,47.16450119018555,46.719932556152344,26748000,Yahoo Finance,GOOGL,2026-09-18T13:25:36+08:00,confirmed
2017-09-12,47.34600067138672,47.40449905395508,46.875,47.33250045776367,46.88634490966797,25696000,Yahoo Finance,GOOGL,2026-09-18T13:25:36+08:00,confirmed
2017-09-13,47.275001525878906,47.64250183105469,47.23699951171875,47.52199935913086,47.07405090332031,21908000,Yahoo Finance,GOOGL,2026-09-18T13:25:36+08:00,confirmed
2017-09-14,47.29999923706055,47.4015007019043,46.917999267578125,47.006500244140625,46.56341552734375,28548000,Yahoo Finance,GOOGL,2026-09-18T13:25:36+08:00,confirmed
2017-09-15,47.00450134277344,47.087501525878906,46.5625,46.76449966430664,46.32369613647461,39886000,Yahoo Finance,GOOGL,2026-09-18T13:25:36+08:00,confirmed
2017-09-18,46.7504997253418,46.84299850463867,46.27000045776367,46.48749923706055,46.04930877685547,29474000,Yahoo Finance,GOOGL,2026-09-18T13:25:36+08:00,confirmed
2017-09-19,46.670501708984375,46.89699935913086,46.33300018310547,46.84299850463867,46.401458740234375,24854000,Yahoo Finance,GOOGL,2026-09-18T13:25:36+08:00,confirmed
2017-09-20,46.88650131225586,47.5,46.875,47.37699890136719,46.930419921875,40080000,Yahoo Finance,GOOGL,2026-09-18T13:25:36+08:00,confirmed
2017-09-21,47.40650177001953,47.63999938964844,46.96900177001953,47.377498626708984,46.9309196472168,27414000,Yahoo Finance,GOOGL,2026-09-18T13:25:36+08:00,confirmed
2017-09-22,47.13850021362305,47.5,47.04199981689453,47.16299819946289,46.71843719482422,21496000,Yahoo Finance,GOOGL,2026-09-18T13:25:36+08:00,confirmed
2017-09-25,46.97249984741211,46.98749923706055,46.22549819946289,46.7140007019043,46.2736701965332,37468000,Yahoo Finance,GOOGL,2026-09-18T13:25:36+08:00,confirmed
2017-09-26,46.83449935913086,47.20399856567383,46.75600051879883,46.871498107910156,46.429691314697266,33454000,Yahoo Finance,GOOGL,2026-09-18T13:25:36+08:00,confirmed
2017-09-27,47.137001037597656,48.27149963378906,47.09749984741211,47.994998931884766,47.542598724365234,46692000,Yahoo Finance,GOOGL,2026-09-18T13:25:36+08:00,confirmed
2017-09-28,47.8125,48.308998107910156,47.77750015258789,48.240501403808594,47.78578567504883,28018000,Yahoo Finance,GOOGL,2026-09-18T13:25:36+08:00,confirmed
2017-09-29,48.29999923706055,48.79050064086914,48.29999923706055,48.68600082397461,48.22708511352539,40622000,Yahoo Finance,GOOGL,2026-09-18T13:25:36+08:00,confirmed
2017-10-02,48.782501220703125,48.887001037597656,48.09749984741211,48.37350082397461,47.91753005981445,30782000,Yahoo Finance,GOOGL,2026-09-18T13:25:36+08:00,confirmed
2017-10-03,48.37799835205078,48.62200164794922,48.135501861572266,48.604000091552734,48.14585494995117,21666000,Yahoo Finance,GOOGL,2026-09-18T13:25:36+08:00,confirmed
2017-10-04,48.5880012512207,48.720001220703125,48.28049850463867,48.3390007019043,47.883358001708984,21156000,Yahoo Finance,GOOGL,2026-09-18T13:25:36+08:00,confirmed
2017-10-05,48.63949966430664,49.32550048828125,48.51350021362305,49.259498596191406,48.7951774597168,35618000,Yahoo Finance,GOOGL,2026-09-18T13:25:36+08:00,confirmed
2017-10-06,49.0,49.7130012512207,48.925498962402344,49.68199920654297,49.21369934082031,31060000,Yahoo Finance,GOOGL,2026-09-18T13:25:36+08:00,confirmed
2017-10-09,49.75,50.02299880981445,49.57500076293945,49.615501403808594,49.147830963134766,25910000,Yahoo Finance,GOOGL,2026-09-18T13:25:36+08:00,confirmed
2017-10-10,49.76499938964844,49.87350082397461,49.05550003051758,49.38999938964844,48.9244499206543,23268000,Yahoo Finance,GOOGL,2026-09-18T13:25:36+08:00,confirmed
2017-10-11,49.45199966430664,50.378501892089844,49.39699935913086,50.282501220703125,49.808536529541016,36300000,Yahoo Finance,GOOGL,2026-09-18T13:25:36+08:00,confirmed
2017-10-12,50.19200134277344,50.57699966430664,50.05500030517578,50.282501220703125,49.808536529541016,30614000,Yahoo Finance,GOOGL,2026-09-18T13:25:36+08:00,confirmed
2017-10-13,50.455501556396484,50.737998962402344,50.35300064086914,50.39350128173828,49.91849136352539,26552000,Yahoo Finance,GOOGL,2026-09-18T13:25:36+08:00,confirmed
2017-10-16,50.48149871826172,50.599998474121094,50.07600021362305,50.467498779296875,49.99179458618164,21420000,Yahoo Finance,GOOGL,2026-09-18T13:25:36+08:00,confirmed
2017-10-17,50.37200164794922,50.72800064086914,50.3025016784668,50.54999923706055,50.073516845703125,20260000,Yahoo Finance,GOOGL,2026-09-18T13:25:36+08:00,confirmed
2017-10-18,50.5525016784668,50.81549835205078,50.26599884033203,50.637001037597656,50.15969467163086,25596000,Yahoo Finance,GOOGL,2026-09-18T13:25:36+08:00,confirmed
2017-10-19,50.23749923706055,50.36600112915039,49.8650016784668,50.09199905395508,49.619834899902344,34284000,Yahoo Finance,GOOGL,2026-09-18T13:25:36+08:00,confirmed
2017-10-20,50.352500915527344,50.432498931884766,50.11349868774414,50.253501892089844,49.77981185913086,32120000,Yahoo Finance,GOOGL,2026-09-18T13:25:36+08:00,confirmed
2017-10-23,50.25899887084961,50.28950119018555,49.154998779296875,49.277000427246094,48.81251525878906,32786000,Yahoo Finance,GOOGL,2026-09-18T13:25:36+08:00,confirmed
2017-10-24,49.32500076293945,49.4630012512207,48.854000091552734,49.42449951171875,48.958621978759766,28902000,Yahoo Finance,GOOGL,2026-09-18T13:25:36+08:00,confirmed
2017-10-25,49.313499450683594,49.721500396728516,48.88600158691406,49.573001861572266,49.10572814941406,30574000,Yahoo Finance,GOOGL,2026-09-18T13:25:36+08:00,confirmed
2017-10-26,49.923500061035156,50.32550048828125,49.52349853515625,49.57099914550781,49.10374450683594,47396000,Yahoo Finance,GOOGL,2026-09-18T13:25:36+08:00,confirmed
2017-10-27,51.54949951171875,53.180999755859375,51.342498779296875,51.68349838256836,51.19633483886719,103682000,Yahoo Finance,GOOGL,2026-09-18T13:25:36+08:00,confirmed
2017-10-30,51.45800018310547,51.99150085449219,51.11650085449219,51.65650177001953,51.16958236694336,46804000,Yahoo Finance,GOOGL,2026-09-18T13:25:36+08:00,confirmed
2017-10-31,51.650001525878906,52.04999923706055,51.314998626708984,51.652000427246094,51.16512680053711,30326000,Yahoo Finance,GOOGL,2026-09-18T13:25:36+08:00,confirmed
2017-11-01,51.816001892089844,52.393001556396484,51.70000076293945,52.130001068115234,51.63862609863281,43262000,Yahoo Finance,GOOGL,2026-09-18T13:25:36+08:00,confirmed
2017-11-02,51.9995002746582,52.2760009765625,51.43299865722656,52.14849853515625,51.656944274902344,26694000,Yahoo Finance,GOOGL,2026-09-18T13:25:36+08:00,confirmed
2017-11-03,52.13750076293945,52.53300094604492,51.88249969482422,52.4995002746582,52.00463104248047,27770000,Yahoo Finance,GOOGL,2026-09-18T13:25:36+08:00,confirmed
2017-11-06,52.45500183105469,52.62950134277344,52.099998474121094,52.13399887084961,51.64258575439453,18294000,Yahoo Finance,GOOGL,2026-09-18T13:25:36+08:00,confirmed
2017-11-07,52.48249816894531,52.670501708984375,52.150001525878906,52.61949920654297,52.123504638671875,26104000,Yahoo Finance,GOOGL,2026-09-18T13:25:36+08:00,confirmed
2017-11-08,52.502498626708984,53.134498596191406,52.352500915527344,52.91450119018555,52.41572952270508,24276000,Yahoo Finance,GOOGL,2026-09-18T13:25:36+08:00,confirmed
2017-11-09,52.400001525878906,52.54399871826172,51.79249954223633,52.38600158691406,51.8922119140625,35892000,Yahoo Finance,GOOGL,2026-09-18T13:25:36+08:00,confirmed
2017-11-10,52.19350051879883,52.33150100708008,52.06100082397461,52.20750045776367,51.715389251708984,19442000,Yahoo Finance,GOOGL,2026-09-18T13:25:36+08:00,confirmed
2017-11-13,52.040000915527344,52.4370002746582,51.9630012512207,52.060001373291016,51.56928253173828,18814000,Yahoo Finance,GOOGL,2026-09-18T13:25:36+08:00,confirmed
2017-11-14,51.88600158691406,52.1150016784668,51.46649932861328,52.082000732421875,51.59107208251953,21012000,Yahoo Finance,GOOGL,2026-09-18T13:25:36+08:00,confirmed
2017-11-15,51.75,51.98149871826172,51.53799819946289,51.820499420166016,51.3320426940918,18106000,Yahoo Finance,GOOGL,2026-09-18T13:25:36+08:00,confirmed
2017-11-16,51.9375,52.5880012512207,51.900001525878906,52.423500061035156,51.92935562133789,23768000,Yahoo Finance,GOOGL,2026-09-18T13:25:36+08:00,confirmed
2017-11-17,52.4900016784668,52.54999923706055,51.686500549316406,51.794498443603516,51.30628967285156,26712000,Yahoo Finance,GOOGL,2026-09-18T13:25:36+08:00,confirmed
2017-11-20,51.79999923706055,51.935001373291016,51.63399887084961,51.733001708984375,51.24536895751953,17526000,Yahoo Finance,GOOGL,2026-09-18T13:25:36+08:00,confirmed
2017-11-21,52.00199890136719,52.519500732421875,51.957000732421875,52.51499938964844,52.019996643066406,22206000,Yahoo Finance,GOOGL,2026-09-18T13:25:36+08:00,confirmed
2017-11-22,52.55799865722656,52.77149963378906,52.36249923706055,52.59600067138672,52.100223541259766,14538000,Yahoo Finance,GOOGL,2026-09-18T13:25:36+08:00,confirmed
2017-11-24,52.71950149536133,53.003501892089844,52.59600067138672,52.82600021362305,52.328067779541016,16492000,Yahoo Finance,GOOGL,2026-09-18T13:25:36+08:00,confirmed
2017-11-27,52.92850112915039,53.652000427246094,52.73849868774414,53.60049819946289,53.09526062011719,35430000,Yahoo Finance,GOOGL,2026-09-18T13:25:36+08:00,confirmed
2017-11-28,53.699501037597656,54.0,52.72700119018555,53.16450119018555,52.663368225097656,36424000,Yahoo Finance,GOOGL,2026-09-18T13:25:36+08:00,confirmed
2017-11-29,52.808998107910156,52.938499450683594,51.48249816894531,51.86899948120117,51.38008117675781,55866000,Yahoo Finance,GOOGL,2026-09-18T13:25:36+08:00,confirmed
2017-11-30,51.99700164794922,52.207000732421875,51.503501892089844,51.80849838256836,51.32014465332031,45092000,Yahoo Finance,GOOGL,2026-09-18T13:25:36+08:00,confirmed
2017-12-01,51.52050018310547,51.86199951171875,50.845001220703125,51.253501892089844,50.770389556884766,37762000,Yahoo Finance,GOOGL,2026-09-18T13:25:36+08:00,confirmed
2017-12-04,51.38999938964844,51.56700134277344,50.46099853515625,50.59349822998047,50.116600036621094,38778000,Yahoo Finance,GOOGL,2026-09-18T13:25:36+08:00,confirmed
2017-12-05,50.54949951171875,51.83399963378906,50.11600112915039,50.97999954223633,50.49946594238281,38998000,Yahoo Finance,GOOGL,2026-09-18T13:25:36+08:00,confirmed
2017-12-06,50.82600021362305,51.979000091552734,50.765499114990234,51.63600158691406,51.1492805480957,28710000,Yahoo Finance,GOOGL,2026-09-18T13:25:36+08:00,confirmed
2017-12-07,51.80350112915039,52.44599914550781,51.768001556396484,52.22850036621094,51.73619842529297,30866000,Yahoo Finance,GOOGL,2026-09-18T13:25:36+08:00,confirmed
2017-12-08,52.59049987792969,52.82099914550781,52.292999267578125,52.46900177001953,51.97442626953125,31170000,Yahoo Finance,GOOGL,2026-09-18T13:25:36+08:00,confirmed
2017-12-11,52.55550003051758,52.79999923706055,52.20600128173828,52.5984992980957,52.10271453857422,23254000,Yahoo Finance,GOOGL,2026-09-18T13:25:36+08:00,confirmed
2017-12-12,52.5,53.125,52.243499755859375,52.438499450683594,51.944217681884766,33882000,Yahoo Finance,GOOGL,2026-09-18T13:25:36+08:00,confirmed
2017-12-13,52.604000091552734,52.77399826049805,52.32899856567383,52.56949996948242,52.073978424072266,27680000,Yahoo Finance,GOOGL,2026-09-18T13:25:36+08:00,confirmed
2017-12-14,52.77450180053711,53.354000091552734,52.68000030517578,52.87350082397461,52.3751106262207,30962000,Yahoo Finance,GOOGL,2026-09-18T13:25:36+08:00,confirmed
2017-12-15,53.18899917602539,53.76250076293945,53.00450134277344,53.599998474121094,53.094764709472656,63760000,Yahoo Finance,GOOGL,2026-09-18T13:25:36+08:00,confirmed
2017-12-18,53.8224983215332,54.324501037597656,53.51850128173828,54.25450134277344,53.74309539794922,30292000,Yahoo Finance,GOOGL,2026-09-18T13:25:36+08:00,confirmed
2017-12-19,54.1510009765625,54.24850082397461,53.61349868774414,53.98899841308594,53.480098724365234,26350000,Yahoo Finance,GOOGL,2026-09-18T13:25:36+08:00,confirmed
2017-12-20,54.04600143432617,54.061500549316406,53.43000030517578,53.678001403808594,53.17203140258789,28728000,Yahoo Finance,GOOGL,2026-09-18T13:25:36+08:00,confirmed
2017-12-21,53.769500732421875,53.875999450683594,53.45000076293945,53.54249954223633,53.037811279296875,25640000,Yahoo Finance,GOOGL,2026-09-18T13:25:36+08:00,confirmed
2017-12-22,53.5,53.58599853515625,53.38199996948242,53.44300079345703,52.939247131347656,17788000,Yahoo Finance,GOOGL,2026-09-18T13:25:36+08:00,confirmed
2017-12-26,53.43199920654297,53.44300079345703,52.93199920654297,53.29249954223633,52.79016876220703,18376000,Yahoo Finance,GOOGL,2026-09-18T13:25:36+08:00,confirmed
2017-12-27,53.33000183105469,53.41350173950195,52.91899871826172,53.0099983215332,52.510318756103516,22324000,Yahoo Finance,GOOGL,2026-09-18T13:25:36+08:00,confirmed
2017-12-28,53.11249923706055,53.242000579833984,52.66899871826172,52.79750061035156,52.29983139038086,19884000,Yahoo Finance,GOOGL,2026-09-18T13:25:36+08:00,confirmed
2017-12-29,52.77450180053711,52.90250015258789,52.6349983215332,52.66999816894531,52.17353439331055,23606000,Yahoo Finance,GOOGL,2026-09-18T13:25:36+08:00,confirmed
2018-01-02,52.6510009765625,53.79899978637695,52.6510009765625,53.660499572753906,53.15469741821289,31766000,Yahoo Finance,GOOGL,2026-09-18T13:25:36+08:00,confirmed
2018-01-03,53.69649887084961,54.80500030517578,53.67150115966797,54.57600021362305,54.06156539916992,31318000,Yahoo Finance,GOOGL,2026-09-18T13:25:36+08:00,confirmed
2018-01-04,54.85449981689453,55.20399856567383,54.7130012512207,54.78799819946289,54.27156448364258,26052000,Yahoo Finance,GOOGL,2026-09-18T13:25:36+08:00,confirmed
2018-01-05,55.17250061035156,55.67900085449219,55.09000015258789,55.51449966430664,54.99122619628906,30250000,Yahoo Finance,GOOGL,2026-09-18T13:25:36+08:00,confirmed
2018-01-08,55.54999923706055,55.95800018310547,55.5,55.71049880981445,55.18537139892578,24644000,Yahoo Finance,GOOGL,2026-09-18T13:25:36+08:00,confirmed
2018-01-09,55.922000885009766,55.922000885009766,55.40999984741211,55.63949966430664,55.11503982543945,26808000,Yahoo Finance,GOOGL,2026-09-18T13:25:36+08:00,confirmed
2018-01-10,55.349998474121094,55.638999938964844,55.19900131225586,55.50699996948242,54.983787536621094,20734000,Yahoo Finance,GOOGL,2026-09-18T13:25:36+08:00,confirmed
2018-01-11,55.615501403808594,55.74250030517578,55.32400131225586,55.602500915527344,55.078392028808594,22424000,Yahoo Finance,GOOGL,2026-09-18T13:25:36+08:00,confirmed
2018-01-12,55.505001068115234,56.564998626708984,55.4005012512207,56.532501220703125,55.99962615966797,38586000,Yahoo Finance,GOOGL,2026-09-18T13:25:36+08:00,confirmed
2018-01-16,57.015499114990234,57.444000244140625,56.33300018310547,56.53499984741211,56.00210189819336,36462000,Yahoo Finance,GOOGL,2026-09-18T13:25:36+08:00,confirmed
2018-01-17,56.81800079345703,56.965999603271484,56.17449951171875,56.95500183105469,56.41814422607422,27830000,Yahoo Finance,GOOGL,2026-09-18T13:25:36+08:00,confirmed
2018-01-18,56.967498779296875,57.02949905395508,56.222999572753906,56.798500061035156,56.263118743896484,27498000,Yahoo Finance,GOOGL,2026-09-18T13:25:36+08:00,confirmed
2018-01-19,56.9015007019043,57.18899917602539,56.625,57.17499923706055,56.63606643676758,30552000,Yahoo Finance,GOOGL,2026-09-18T13:25:36+08:00,confirmed
2018-01-22,57.191001892089844,58.34400177001953,57.090999603271484,58.20800018310547,57.659332275390625,29550000,Yahoo Finance,GOOGL,2026-09-18T13:25:36+08:00,confirmed
2018-01-23,58.53099822998047,58.925498962402344,58.36249923706055,58.80849838256836,58.25416564941406,39138000,Yahoo Finance,GOOGL,2026-09-18T13:25:36+08:00,confirmed
2018-01-24,59.249000549316406,59.352500915527344,58.369998931884766,58.56449890136719,58.01247024536133,37128000,Yahoo Finance,GOOGL,2026-09-18T13:25:36+08:00,confirmed
2018-01-25,59.035499572753906,59.25,58.59199905395508,59.106998443603516,58.54985046386719,29984000,Yahoo Finance,GOOGL,2026-09-18T13:25:36+08:00,confirmed
2018-01-26,59.37649917602539,59.37799835205078,58.4015007019043,59.37799835205078,58.81829833984375,42170000,Yahoo Finance,GOOGL,2026-09-18T13:25:36+08:00,confirmed
2018-01-29,59.400001525878906,59.900001525878906,59.202999114990234,59.32400131225586,58.76481628417969,31494000,Yahoo Finance,GOOGL,2026-09-18T13:25:36+08:00,confirmed
2018-01-30,58.88600158691406,59.39649963378906,58.72549819946289,58.868499755859375,58.3135986328125,37338000,Yahoo Finance,GOOGL,2026-09-18T13:25:36+08:00,confirmed
2018-01-31,59.19049835205078,59.316001892089844,58.60499954223633,59.111000061035156,58.55382537841797,36022000,Yahoo Finance,GOOGL,2026-09-18T13:25:36+08:00,confirmed
2018-02-01,58.79949951171875,59.372501373291016,58.46799850463867,59.079498291015625,58.52261734008789,73514000,Yahoo Finance,GOOGL,2026-09-18T13:25:36+08:00,confirmed
2018-02-02,56.37099838256836,56.564998626708984,55.55849838256836,55.959999084472656,55.432518005371094,117842000,Yahoo Finance,GOOGL,2026-09-18T13:25:36+08:00,confirmed
2018-02-05,55.03049850463867,55.7495002746582,52.83700180053711,53.11949920654297,52.618797302246094,83550000,Yahoo Finance,GOOGL,2026-09-18T13:25:36+08:00,confirmed
2018-02-06,51.69900131225586,54.36899948120117,51.5004997253418,54.221500396728516,53.71040725708008,76630000,Yahoo Finance,GOOGL,2026-09-18T13:25:36+08:00,confirmed
2018-02-07,54.24850082397461,54.326499938964844,52.73099899291992,52.77050018310547,52.27308654785156,51942000,Yahoo Finance,GOOGL,2026-09-18T13:25:36+08:00,confirmed
2018-02-08,52.993499755859375,53.19649887084961,50.23500061035156,50.385501861572266,49.91056823730469,66792000,Yahoo Finance,GOOGL,2026-09-18T13:25:36+08:00,confirmed
2018-02-09,51.29399871826172,52.58599853515625,49.849998474121094,52.313499450683594,51.82038879394531,98360000,Yahoo Finance,GOOGL,2026-09-18T13:25:36+08:00,confirmed
2018-02-12,52.833499908447266,53.278499603271484,52.27450180053711,52.72800064086914,52.23099136352539,56240000,Yahoo Finance,GOOGL,2026-09-18T13:25:36+08:00,confirmed
2018-02-13,52.5,53.06100082397461,52.34600067138672,52.707000732421875,52.21018600463867,31586000,Yahoo Finance,GOOGL,2026-09-18T13:25:36+08:00,confirmed
2018-02-14,52.715999603271484,53.77349853515625,52.4900016784668,53.6349983215332,53.12943649291992,41304000,Yahoo Finance,GOOGL,2026-09-18T13:25:36+08:00,confirmed
2018-02-15,54.17250061035156,54.70500183105469,53.36149978637695,54.56800079345703,54.05364227294922,37396000,Yahoo Finance,GOOGL,2026-09-18T13:25:36+08:00,confirmed
2018-02-16,54.66899871826172,55.41550064086914,54.57749938964844,54.775001525878906,54.25869369506836,39948000,Yahoo Finance,GOOGL,2026-09-18T13:25:36+08:00,confirmed
2018-02-20,54.63800048828125,55.81449890136719,54.5,55.179500579833984,54.659385681152344,33754000,Yahoo Finance,GOOGL,2026-09-18T13:25:36+08:00,confirmed
2018-02-21,55.45500183105469,56.810001373291016,55.3754997253418,55.6875,55.1625862121582,41486000,Yahoo Finance,GOOGL,2026-09-18T13:25:36+08:00,confirmed
2018-02-22,55.958499908447266,56.27299880981445,55.25749969482422,55.494998931884766,54.97190475463867,28010000,Yahoo Finance,GOOGL,2026-09-18T13:25:36+08:00,confirmed
2018-02-23,55.93299865722656,56.45000076293945,55.422000885009766,56.40449905395508,55.872833251953125,25292000,Yahoo Finance,GOOGL,2026-09-18T13:25:36+08:00,confirmed
2018-02-26,56.59299850463867,57.209999084472656,56.46699905395508,57.185001373291016,56.645973205566406,30912000,Yahoo Finance,GOOGL,2026-09-18T13:25:36+08:00,confirmed
2018-02-27,57.185001373291016,57.212501525878906,55.839500427246094,55.8754997253418,55.348812103271484,42964000,Yahoo Finance,GOOGL,2026-09-18T13:25:36+08:00,confirmed
2018-02-28,56.099998474121094,56.38249969482422,55.150001525878906,55.19599914550781,54.675724029541016,49292000,Yahoo Finance,GOOGL,2026-09-18T13:25:36+08:00,confirmed
2018-03-01,55.47700119018555,55.563499450683594,53.364498138427734,53.570499420166016,53.06554412841797,55338000,Yahoo Finance,GOOGL,2026-09-18T13:25:36+08:00,confirmed
2018-03-02,52.89899826049805,54.34450149536133,52.50550079345703,54.207000732421875,53.696044921875,50162000,Yahoo Finance,GOOGL,2026-09-18T13:25:36+08:00,confirmed
2018-03-05,53.90650177001953,55.058998107910156,53.61349868774414,54.737998962402344,54.2220458984375,28648000,Yahoo Finance,GOOGL,2026-09-18T13:25:36+08:00,confirmed
2018-03-06,55.10499954223633,55.28150177001953,54.724998474121094,55.04499816894531,54.526145935058594,23382000,Yahoo Finance,GOOGL,2026-09-18T13:25:36+08:00,confirmed
2018-03-07,54.64099884033203,55.810001373291016,54.49549865722656,55.75199890136719,55.22648239135742,30748000,Yahoo Finance,GOOGL,2026-09-18T13:25:36+08:00,confirmed
2018-03-08,55.86000061035156,56.571998596191406,55.86000061035156,56.46900177001953,55.936729431152344,33862000,Yahoo Finance,GOOGL,2026-09-18T13:25:36+08:00,confirmed
2018-03-09,56.974998474121094,58.04999923706055,56.714500427246094,58.04199981689453,57.49489974975586,42662000,Yahoo Finance,GOOGL,2026-09-18T13:25:36+08:00,confirmed
2018-03-12,58.252498626708984,58.90800094604492,57.959999084472656,58.29650115966797,57.74700164794922,44306000,Yahoo Finance,GOOGL,2026-09-18T13:25:36+08:00,confirmed
2018-03-13,58.59149932861328,58.900001525878906,56.72850036621094,56.99549865722656,56.458255767822266,43140000,Yahoo Finance,GOOGL,2026-09-18T13:25:36+08:00,confirmed
2018-03-14,57.290000915527344,57.987998962402344,57.11750030517578,57.44449996948242,56.90303039550781,41870000,Yahoo Finance,GOOGL,2026-09-18T13:25:36+08:00,confirmed
2018-03-15,57.47850036621094,58.125,56.78300094604492,57.53049850463867,56.98821258544922,33382000,Yahoo Finance,GOOGL,2026-09-18T13:25:36+08:00,confirmed
2018-03-16,57.76750183105469,57.84049987792969,56.56800079345703,56.72100067138672,56.18635177612305,58656000,Yahoo Finance,GOOGL,2026-09-18T13:25:36+08:00,confirmed
2018-03-19,55.88800048828125,55.96849822998047,54.44599914550781,55.003501892089844,54.48503875732422,63656000,Yahoo Finance,GOOGL,2026-09-18T13:25:36+08:00,confirmed
2018-03-20,54.91999816894531,55.27750015258789,54.12099838256836,54.790000915527344,54.2735481262207,54598000,Yahoo Finance,GOOGL,2026-09-18T13:25:36+08:00,confirmed
2018-03-21,54.628501892089844,55.435001373291016,54.36050033569336,54.70000076293945,54.18440246582031,44898000,Yahoo Finance,GOOGL,2026-09-18T13:25:36+08:00,confirmed
2018-03-22,54.0004997253418,54.19599914550781,52.481998443603516,52.657501220703125,52.161155700683594,69312000,Yahoo Finance,GOOGL,2026-09-18T13:25:36+08:00,confirmed
2018-03-23,52.56850051879883,53.3390007019043,51.243499755859375,51.32749938964844,50.84368133544922,49880000,Yahoo Finance,GOOGL,2026-09-18T13:25:36+08:00,confirmed
2018-03-26,52.529998779296875,52.9635009765625,50.52899932861328,52.704498291015625,52.20771026611328,65984000,Yahoo Finance,GOOGL,2026-09-18T13:25:36+08:00,confirmed
2018-03-27,53.19499969482422,53.22700119018555,49.88100051879883,50.34700012207031,49.8724250793457,60816000,Yahoo Finance,GOOGL,2026-09-18T13:25:36+08:00,confirmed
2018-03-28,50.09550094604492,51.2495002746582,49.20000076293945,50.25899887084961,49.785255432128906,77698000,Yahoo Finance,GOOGL,2026-09-18T13:25:36+08:00,confirmed
2018-03-29,50.56050109863281,52.40250015258789,50.20199966430664,51.856998443603516,51.368194580078125,69338000,Yahoo Finance,GOOGL,2026-09-18T13:25:36+08:00,confirmed
2018-04-02,51.38100051879883,51.97650146484375,49.712501525878906,50.631500244140625,50.15425109863281,65068000,Yahoo Finance,GOOGL,2026-09-18T13:25:36+08:00,confirmed
2018-04-03,50.807498931884766,51.25,49.86249923706055,50.933998107910156,50.453895568847656,51322000,Yahoo Finance,GOOGL,2026-09-18T13:25:36+08:00,confirmed
2018-04-04,49.9114990234375,51.637001037597656,49.82550048828125,51.48550033569336,51.00019836425781,50724000,Yahoo Finance,GOOGL,2026-09-18T13:25:36+08:00,confirmed
2018-04-05,52.31949996948242,52.33549880981445,51.20000076293945,51.63199996948242,51.14530944824219,35836000,Yahoo Finance,GOOGL,2026-09-18T13:25:36+08:00,confirmed
2018-04-06,51.154998779296875,51.79999923706055,50.3125,50.497501373291016,50.021514892578125,40134000,Yahoo Finance,GOOGL,2026-09-18T13:25:36+08:00,confirmed
2018-04-09,51.00199890136719,52.22949981689453,50.959999084472656,51.00450134277344,50.52373123168945,33220000,Yahoo Finance,GOOGL,2026-09-18T13:25:36+08:00,confirmed
2018-04-10,51.51300048828125,52.06050109863281,50.77050018310547,51.82500076293945,51.33649444580078,36620000,Yahoo Finance,GOOGL,2026-09-18T13:25:36+08:00,confirmed
2018-04-11,51.599998474121094,51.79349899291992,50.959999084472656,51.25299835205078,50.769893646240234,34060000,Yahoo Finance,GOOGL,2026-09-18T13:25:36+08:00,confirmed
2018-04-12,51.57350158691406,52.23249816894531,51.3025016784668,51.864498138427734,51.37562561035156,32896000,Yahoo Finance,GOOGL,2026-09-18T13:25:36+08:00,confirmed
2018-04-13,52.34450149536133,52.64899826049805,51.50749969482422,51.801998138427734,51.31370544433594,25410000,Yahoo Finance,GOOGL,2026-09-18T13:25:36+08:00,confirmed
2018-04-16,52.27750015258789,52.57149887084961,51.69599914550781,52.30500030517578,51.81197738647461,29776000,Yahoo Finance,GOOGL,2026-09-18T13:25:36+08:00,confirmed
2018-04-17,53.060001373291016,54.25,52.85449981689453,53.96799850463867,53.45928955078125,54584000,Yahoo Finance,GOOGL,2026-09-18T13:25:36+08:00,confirmed
2018-04-18,53.95050048828125,54.099998474121094,53.5260009765625,53.769500732421875,53.26266860961914,31126000,Yahoo Finance,GOOGL,2026-09-18T13:25:36+08:00,confirmed
2018-04-19,53.45100021362305,54.8754997253418,53.45100021362305,54.47249984741211,53.959041595458984,39884000,Yahoo Finance,GOOGL,2026-09-18T13:25:36+08:00,confirmed
2018-04-20,54.2135009765625,54.73749923706055,53.60499954223633,53.86600112915039,53.3582649230957,42434000,Yahoo Finance,GOOGL,2026-09-18T13:25:36+08:00,confirmed
2018-04-23,54.14899826049805,54.400001525878906,53.33399963378906,53.69049835205078,53.18441390991211,69590000,Yahoo Finance,GOOGL,2026-09-18T13:25:36+08:00,confirmed
2018-04-24,52.959999084472656,53.2244987487793,50.643001556396484,51.13199996948242,50.650028228759766,128220000,Yahoo Finance,GOOGL,2026-09-18T13:25:36+08:00,confirmed
2018-04-25,51.48749923706055,51.80350112915039,50.85049819946289,51.14950180053711,50.6673698425293,57860000,Yahoo Finance,GOOGL,2026-09-18T13:25:36+08:00,confirmed
2018-04-26,51.6609992980957,52.60100173950195,51.022499084472656,52.16550064086914,51.67378234863281,50926000,Yahoo Finance,GOOGL,2026-09-18T13:25:36+08:00,confirmed
2018-04-27,52.277000427246094,52.584999084472656,51.37950134277344,51.5724983215332,51.08637237548828,40746000,Yahoo Finance,GOOGL,2026-09-18T13:25:36+08:00,confirmed
2018-04-30,51.72100067138672,51.91849899291992,50.915000915527344,50.92900085449219,50.448944091796875,34492000,Yahoo Finance,GOOGL,2026-09-18T13:25:36+08:00,confirmed
2018-05-01,50.814998626708984,52.08649826049805,50.53049850463867,52.037498474121094,51.546993255615234,35326000,Yahoo Finance,GOOGL,2026-09-18T13:25:36+08:00,confirmed
2018-05-02,51.70000076293945,52.19900131225586,51.15800094604492,51.3025016784668,50.81892395019531,34698000,Yahoo Finance,GOOGL,2026-09-18T13:25:36+08:00,confirmed
2018-05-03,51.26850128173828,51.53450012207031,50.394500732421875,51.314998626708984,50.831298828125,39282000,Yahoo Finance,GOOGL,2026-09-18T13:25:36+08:00,confirmed
2018-05-04,50.980499267578125,52.59400177001953,50.90250015258789,52.54999923706055,52.05466079711914,36892000,Yahoo Finance,GOOGL,2026-09-18T13:25:36+08:00,confirmed
2018-05-07,52.69449996948242,53.25,52.51350021362305,52.972999572753906,52.47367477416992,34400000,Yahoo Finance,GOOGL,2026-09-18T13:25:36+08:00,confirmed
2018-05-08,53.23099899291992,53.26150131225586,52.582000732421875,52.929500579833984,52.43058776855469,26030000,Yahoo Finance,GOOGL,2026-09-18T13:25:36+08:00,confirmed
2018-05-09,53.20500183105469,54.70000076293945,53.105499267578125,54.4474983215332,53.93428039550781,47160000,Yahoo Finance,GOOGL,2026-09-18T13:25:36+08:00,confirmed
2018-05-10,54.75,55.47050094604492,54.694000244140625,55.27349853515625,54.75249481201172,36414000,Yahoo Finance,GOOGL,2026-09-18T13:25:36+08:00,confirmed
2018-05-11,55.02050018310547,55.45050048828125,54.861000061035156,55.16899871826172,54.64897918701172,30504000,Yahoo Finance,GOOGL,2026-09-18T13:25:36+08:00,confirmed
2018-05-14,55.278499603271484,55.907501220703125,55.2400016784668,55.33000183105469,54.8084602355957,39338000,Yahoo Finance,GOOGL,2026-09-18T13:25:36+08:00,confirmed
2018-05-15,54.845001220703125,54.95600128173828,53.93899917602539,54.243499755859375,53.73219680786133,35738000,Yahoo Finance,GOOGL,2026-09-18T13:25:36+08:00,confirmed
2018-05-16,54.25450134277344,54.71900177001953,54.08150100708008,54.204498291015625,53.69356918334961,25628000,Yahoo Finance,GOOGL,2026-09-18T13:25:36+08:00,confirmed
2018-05-17,54.073001861572266,54.54999923706055,53.82099914550781,54.0629997253418,53.55340576171875,25738000,Yahoo Finance,GOOGL,2026-09-18T13:25:36+08:00,confirmed
2018-05-18,53.29999923706055,53.686500549316406,53.23400115966797,53.481998443603516,52.977882385253906,35482000,Yahoo Finance,GOOGL,2026-09-18T13:25:36+08:00,confirmed
2018-05-21,53.95000076293945,54.665000915527344,53.900001525878906,54.20050048828125,53.689605712890625,25180000,Yahoo Finance,GOOGL,2026-09-18T13:25:36+08:00,confirmed
2018-05-22,54.4900016784668,54.59000015258789,53.612998962402344,53.765499114990234,53.258705139160156,22226000,Yahoo Finance,GOOGL,2026-09-18T13:25:36+08:00,confirmed
2018-05-23,53.5,54.400001525878906,53.347999572753906,54.29800033569336,53.78618621826172,23740000,Yahoo Finance,GOOGL,2026-09-18T13:25:36+08:00,confirmed
2018-05-24,54.345001220703125,54.35599899291992,53.6150016784668,54.272499084472656,53.760929107666016,20604000,Yahoo Finance,GOOGL,2026-09-18T13:25:36+08:00,confirmed
2018-05-25,54.32749938964844,54.47850036621094,54.130001068115234,54.20399856567383,53.69307327270508,22224000,Yahoo Finance,GOOGL,2026-09-18T13:25:36+08:00,confirmed
2018-05-29,53.79999923706055,54.06700134277344,53.15399932861328,53.403499603271484,52.900115966796875,36076000,Yahoo Finance,GOOGL,2026-09-18T13:25:36+08:00,confirmed
2018-05-30,53.67399978637695,53.949501037597656,53.32749938964844,53.87350082397461,53.36568832397461,28686000,Yahoo Finance,GOOGL,2026-09-18T13:25:36+08:00,confirmed
2018-05-31,54.099998474121094,55.5,53.900001525878906,55.0,54.4815673828125,79368000,Yahoo Finance,GOOGL,2026-09-18T13:25:36+08:00,confirmed
2018-06-01,55.64350128173828,56.90800094604492,55.60049819946289,56.75,56.21507263183594,63202000,Yahoo Finance,GOOGL,2026-09-18T13:25:36+08:00,confirmed
2018-06-04,56.92499923706055,57.893001556396484,56.849998474121094,57.652000427246094,57.10857009887695,44754000,Yahoo Finance,GOOGL,2026-09-18T13:25:36+08:00,confirmed
2018-06-05,57.733001708984375,58.05500030517578,57.37300109863281,57.55099868774414,57.00852966308594,32964000,Yahoo Finance,GOOGL,2026-09-18T13:25:36+08:00,confirmed
2018-06-06,57.63850021362305,57.73550033569336,56.816001892089844,57.34749984741211,56.80693817138672,34934000,Yahoo Finance,GOOGL,2026-09-18T13:25:36+08:00,confirmed
2018-06-07,57.229000091552734,57.29349899291992,56.305999755859375,56.72100067138672,56.18635177612305,36108000,Yahoo Finance,GOOGL,2026-09-18T13:25:36+08:00,confirmed
2018-06-08,56.56050109863281,56.93899917602539,56.1614990234375,56.635501861572266,56.101654052734375,27284000,Yahoo Finance,GOOGL,2026-09-18T13:25:36+08:00,confirmed
2018-06-11,56.64699935913086,57.387001037597656,56.56999969482422,57.04499816894531,56.50728988647461,24796000,Yahoo Finance,GOOGL,2026-09-18T13:25:36+08:00,confirmed
2018-06-12,57.05099868774414,57.4375,57.05099868774414,57.40950012207031,56.86836624145508,26092000,Yahoo Finance,GOOGL,2026-09-18T13:25:36+08:00,confirmed
2018-06-13,57.61399841308594,57.78200149536133,57.16899871826172,57.21149826049805,56.67222595214844,34302000,Yahoo Finance,GOOGL,2026-09-18T13:25:36+08:00,confirmed
2018-06-14,57.61050033569336,58.29949951171875,57.529998779296875,58.00550079345703,57.458736419677734,35422000,Yahoo Finance,GOOGL,2026-09-18T13:25:36+08:00,confirmed
2018-06-15,57.99599838256836,58.195499420166016,57.68450164794922,57.9635009765625,57.417137145996094,44438000,Yahoo Finance,GOOGL,2026-09-18T13:25:36+08:00,confirmed
2018-06-18,57.634498596191406,59.20650100708008,57.54999923706055,59.17900085449219,58.62117004394531,33038000,Yahoo Finance,GOOGL,2026-09-18T13:25:36+08:00,confirmed
2018-06-19,58.50550079345703,59.140499114990234,58.080501556396484,58.93450164794922,58.37898635864258,47282000,Yahoo Finance,GOOGL,2026-09-18T13:25:36+08:00,confirmed
2018-06-20,59.165000915527344,60.074501037597656,59.10150146484375,59.20349884033203,58.64544677734375,51686000,Yahoo Finance,GOOGL,2026-09-18T13:25:36+08:00,confirmed
2018-06-21,59.2755012512207,59.51649856567383,58.17399978637695,58.47200012207031,57.92084503173828,44966000,Yahoo Finance,GOOGL,2026-09-18T13:25:36+08:00,confirmed
2018-06-22,58.574501037597656,58.75,57.98249816894531,58.464500427246094,57.913414001464844,34220000,Yahoo Finance,GOOGL,2026-09-18T13:25:36+08:00,confirmed
2018-06-25,57.75,57.79949951171875,55.994998931884766,56.9640007019043,56.427059173583984,57682000,Yahoo Finance,GOOGL,2026-09-18T13:25:36+08:00,confirmed
2018-06-26,57.207000732421875,57.34349822998047,56.45000076293945,56.63100051879883,56.09719467163086,34688000,Yahoo Finance,GOOGL,2026-09-18T13:25:36+08:00,confirmed
2018-06-27,56.79999923706055,57.31050109863281,55.834999084472656,55.84700012207031,55.32059097290039,34538000,Yahoo Finance,GOOGL,2026-09-18T13:25:36+08:00,confirmed
2018-06-28,55.61949920654297,56.70000076293945,55.30350112915039,56.3390007019043,55.80795669555664,29726000,Yahoo Finance,GOOGL,2026-09-18T13:25:36+08:00,confirmed
2018-06-29,56.615501403808594,57.06800079345703,56.35100173950195,56.45949935913086,55.92731857299805,31562000,Yahoo Finance,GOOGL,2026-09-18T13:25:36+08:00,confirmed
2018-07-02,55.76750183105469,57.14950180053711,55.33000183105469,57.105499267578125,56.567222595214844,23216000,Yahoo Finance,GOOGL,2026-09-18T13:25:36+08:00,confirmed
2018-07-03,57.47100067138672,57.49549865722656,55.721500396728516,55.81399917602539,55.28790283203125,16448000,Yahoo Finance,GOOGL,2026-09-18T13:25:36+08:00,confirmed
2018-07-05,56.22999954223633,57.207000732421875,56.15599822998047,57.06449890136719,56.526615142822266,28594000,Yahoo Finance,GOOGL,2026-09-18T13:25:36+08:00,confirmed
2018-07-06,57.0885009765625,57.810001373291016,56.86199951171875,57.75400161743164,57.20960998535156,21820000,Yahoo Finance,GOOGL,2026-09-18T13:25:36+08:00,confirmed
2018-07-09,58.0,58.39649963378906,57.86149978637695,58.36399841308594,57.81386184692383,21584000,Yahoo Finance,GOOGL,2026-09-18T13:25:36+08:00,confirmed
2018-07-10,58.4995002746582,58.67499923706055,58.12799835205078,58.356998443603516,57.80693054199219,21334000,Yahoo Finance,GOOGL,2026-09-18T13:25:36+08:00,confirmed
2018-07-11,57.78099822998047,59.02199935913086,57.76850128173828,58.573001861572266,58.02088928222656,33252000,Yahoo Finance,GOOGL,2026-09-18T13:25:36+08:00,confirmed
2018-07-12,58.74300003051758,60.0994987487793,58.654998779296875,60.0629997253418,59.496849060058594,44148000,Yahoo Finance,GOOGL,2026-09-18T13:25:36+08:00,confirmed
2018-07-13,60.13999938964844,60.52199935913086,59.76449966430664,60.22100067138672,59.653358459472656,32612000,Yahoo Finance,GOOGL,2026-09-18T13:25:36+08:00,confirmed
2018-07-16,60.19049835205078,60.43550109863281,59.66999816894531,59.82550048828125,59.2615852355957,26784000,Yahoo Finance,GOOGL,2026-09-18T13:25:36+08:00,confirmed
2018-07-17,59.137001037597656,60.9379997253418,59.099998474121094,60.65399932861328,60.082275390625,40162000,Yahoo Finance,GOOGL,2026-09-18T13:25:36+08:00,confirmed
2018-07-18,60.42649841308594,61.079498291015625,60.22800064086914,60.64550018310547,60.073856353759766,38948000,Yahoo Finance,GOOGL,2026-09-18T13:25:36+08:00,confirmed
2018-07-19,60.33250045776367,60.82400131225586,59.88650131225586,59.95500183105469,59.389869689941406,38338000,Yahoo Finance,GOOGL,2026-09-18T13:25:36+08:00,confirmed
2018-07-20,59.96200180053711,60.53850173950195,59.829498291015625,59.89400100708008,59.32944107055664,37938000,Yahoo Finance,GOOGL,2026-09-18T13:25:36+08:00,confirmed
2018-07-23,59.78300094604492,60.755001068115234,59.60049819946289,60.54999923706055,59.97926330566406,65446000,Yahoo Finance,GOOGL,2026-09-18T13:25:36+08:00,confirmed
2018-07-24,63.54999923706055,63.75,62.207000732421875,62.907501220703125,62.31454086303711,107600000,Yahoo Finance,GOOGL,2026-09-18T13:25:36+08:00,confirmed
2018-07-25,62.63100051879883,63.9119987487793,62.45249938964844,63.797000885009766,63.19565200805664,51104000,Yahoo Finance,GOOGL,2026-09-18T13:25:36+08:00,confirmed
2018-07-26,63.35900115966797,64.37000274658203,63.150001525878906,64.2750015258789,63.66914367675781,54686000,Yahoo Finance,GOOGL,2026-09-18T13:25:36+08:00,confirmed
2018-07-27,64.45600128173828,64.5719985961914,62.2244987487793,62.644500732421875,62.054019927978516,48362000,Yahoo Finance,GOOGL,2026-09-18T13:25:36+08:00,confirmed
2018-07-30,62.252498626708984,62.644500732421875,61.208499908447266,61.50199890136719,60.922279357910156,43896000,Yahoo Finance,GOOGL,2026-09-18T13:25:36+08:00,confirmed
2018-07-31,61.58549880981445,62.06050109863281,60.80950164794922,61.361000061035156,60.78261184692383,39382000,Yahoo Finance,GOOGL,2026-09-18T13:25:36+08:00,confirmed
2018-08-01,61.955501556396484,62.29499816894531,61.24700164794922,61.64950180053711,61.068397521972656,36994000,Yahoo Finance,GOOGL,2026-09-18T13:25:36+08:00,confirmed
2018-08-02,60.92499923706055,62.22050094604492,60.90299987792969,62.05649948120117,61.47154998779297,34704000,Yahoo Finance,GOOGL,2026-09-18T13:25:36+08:00,confirmed
2018-08-03,62.25899887084961,62.32600021362305,61.47100067138672,61.90800094604492,61.32445526123047,21264000,Yahoo Finance,GOOGL,2026-09-18T13:25:36+08:00,confirmed
2018-08-06,62.080501556396484,62.12300109863281,61.5265007019043,61.88349914550781,61.30018615722656,22114000,Yahoo Finance,GOOGL,2026-09-18T13:25:36+08:00,confirmed
2018-08-07,62.60049819946289,63.30400085449219,62.59000015258789,62.79199981689453,62.20012664794922,42506000,Yahoo Finance,GOOGL,2026-09-18T13:25:36+08:00,confirmed
2018-08-08,62.83599853515625,63.58599853515625,62.60599899291992,63.06650161743164,62.4720344543457,34344000,Yahoo Finance,GOOGL,2026-09-18T13:25:36+08:00,confirmed
2018-08-09,63.13650131225586,63.597999572753906,63.005001068115234,63.222999572753906,62.62705993652344,27326000,Yahoo Finance,GOOGL,2026-09-18T13:25:36+08:00,confirmed
2018-08-10,62.95899963378906,63.060001373291016,62.358001708984375,62.6254997253418,62.035194396972656,26602000,Yahoo Finance,GOOGL,2026-09-18T13:25:36+08:00,confirmed
2018-08-13,62.560001373291016,63.298500061035156,62.35150146484375,62.43199920654297,61.8435173034668,27500000,Yahoo Finance,GOOGL,2026-09-18T13:25:36+08:00,confirmed
2018-08-14,62.625,63.02949905395508,61.97700119018555,62.90700149536133,62.31404495239258,28080000,Yahoo Finance,GOOGL,2026-09-18T13:25:36+08:00,confirmed
2018-08-15,62.2140007019043,62.5989990234375,61.3120002746582,61.611000061035156,61.03025436401367,37052000,Yahoo Finance,GOOGL,2026-09-18T13:25:36+08:00,confirmed
2018-08-16,62.0994987487793,62.185001373291016,60.98149871826172,61.202999114990234,60.626102447509766,32176000,Yahoo Finance,GOOGL,2026-09-18T13:25:36+08:00,confirmed
2018-08-17,61.10200119018555,61.34749984741211,60.20000076293945,60.79249954223633,60.21946716308594,33092000,Yahoo Finance,GOOGL,2026-09-18T13:25:36+08:00,confirmed
2018-08-20,61.03300094604492,61.295501708984375,60.435001373291016,61.09749984741211,60.5215950012207,22218000,Yahoo Finance,GOOGL,2026-09-18T13:25:36+08:00,confirmed
2018-08-21,61.1510009765625,61.63800048828125,60.75149917602539,60.87049865722656,60.296730041503906,23082000,Yahoo Finance,GOOGL,2026-09-18T13:25:36+08:00,confirmed
2018-08-22,60.71099853515625,61.326499938964844,60.6609992980957,61.087501525878906,60.511688232421875,22296000,Yahoo Finance,GOOGL,2026-09-18T13:25:36+08:00,confirmed
2018-08-23,60.99399948120117,61.75849914550781,60.967498779296875,61.05799865722656,60.48246765136719,24666000,Yahoo Finance,GOOGL,2026-09-18T13:25:36+08:00,confirmed
2018-08-24,61.29999923706055,61.869998931884766,61.07099914550781,61.837501525878906,61.2546272277832,24454000,Yahoo Finance,GOOGL,2026-09-18T13:25:36+08:00,confirmed
2018-08-27,62.207000732421875,62.89350128173828,62.034000396728516,62.813499450683594,62.22142028808594,28580000,Yahoo Finance,GOOGL,2026-09-18T13:25:36+08:00,confirmed
2018-08-28,62.79499816894531,62.827999114990234,62.14849853515625,62.292999267578125,61.70582962036133,27330000,Yahoo Finance,GOOGL,2026-09-18T13:25:36+08:00,confirmed
2018-08-29,62.75,63.35850143432617,62.63999938964844,63.23249816894531,62.63646697998047,36926000,Yahoo Finance,GOOGL,2026-09-18T13:25:36+08:00,confirmed
2018-08-30,63.16999816894531,63.4744987487793,62.36050033569336,62.72200012207031,62.13077926635742,30104000,Yahoo Finance,GOOGL,2026-09-18T13:25:36+08:00,confirmed
2018-08-31,62.61050033569336,62.627498626708984,61.287498474121094,61.59000015258789,61.00945281982422,42308000,Yahoo Finance,GOOGL,2026-09-18T13:25:36+08:00,confirmed
2018-09-04,61.125999450683594,61.39350128173828,60.327999114990234,60.56549835205078,59.99460983276367,41458000,Yahoo Finance,GOOGL,2026-09-18T13:25:36+08:00,confirmed
2018-09-05,60.46099853515625,60.743499755859375,58.766998291015625,59.95500183105469,59.389869689941406,53988000,Yahoo Finance,GOOGL,2026-09-18T13:25:36+08:00,confirmed
2018-09-06,59.92850112915039,59.949501037597656,58.18050003051758,59.199501037597656,58.64148712158203,46854000,Yahoo Finance,GOOGL,2026-09-18T13:25:36+08:00,confirmed
2018-09-07,58.599998474121094,59.4275016784668,58.4635009765625,58.87950134277344,58.324501037597656,32658000,Yahoo Finance,GOOGL,2026-09-18T13:25:36+08:00,confirmed
2018-09-10,59.209999084472656,59.33300018310547,58.53049850463867,58.75299835205078,58.199188232421875,27670000,Yahoo Finance,GOOGL,2026-09-18T13:25:36+08:00,confirmed
2018-09-11,58.55500030517578,59.547000885009766,58.29750061035156,59.4995002746582,58.938663482666016,29254000,Yahoo Finance,GOOGL,2026-09-18T13:25:36+08:00,confirmed
2018-09-12,59.099998474121094,59.53450012207031,58.30799865722656,58.58000183105469,58.02782440185547,35716000,Yahoo Finance,GOOGL,2026-09-18T13:25:36+08:00,confirmed
2018-09-13,58.98500061035156,59.393001556396484,58.46099853515625,59.106998443603516,58.54985046386719,40068000,Yahoo Finance,GOOGL,2026-09-18T13:25:36+08:00,confirmed
2018-09-14,59.400001525878906,59.400001525878906,58.67599868774414,58.89899826049805,58.34381866455078,24176000,Yahoo Finance,GOOGL,2026-09-18T13:25:36+08:00,confirmed
2018-09-17,58.88850021362305,59.090999603271484,57.92300033569336,57.99150085449219,57.44487380981445,34096000,Yahoo Finance,GOOGL,2026-09-18T13:25:36+08:00,confirmed
2018-09-18,58.132999420166016,59.06650161743164,58.07149887084961,58.355499267578125,57.80543899536133,32314000,Yahoo Finance,GOOGL,2026-09-18T13:25:36+08:00,confirmed
2018-09-19,58.448001861572266,58.813499450683594,57.930999755859375,58.7135009765625,58.160064697265625,25962000,Yahoo Finance,GOOGL,2026-09-18T13:25:36+08:00,confirmed
2018-09-20,59.03350067138672,59.70000076293945,58.8125,59.57849884033203,59.01691436767578,29244000,Yahoo Finance,GOOGL,2026-09-18T13:25:36+08:00,confirmed
2018-09-21,59.74599838256836,59.82899856567383,58.60300064086914,58.60599899291992,58.0535774230957,91222000,Yahoo Finance,GOOGL,2026-09-18T13:25:36+08:00,confirmed
2018-09-24,57.97050094604492,59.259498596191406,57.57500076293945,58.97800064086914,58.42207336425781,31150000,Yahoo Finance,GOOGL,2026-09-18T13:25:36+08:00,confirmed
2018-09-25,59.212501525878906,59.84299850463867,58.704498291015625,59.69449996948242,59.13182067871094,33152000,Yahoo Finance,GOOGL,2026-09-18T13:25:36+08:00,confirmed
2018-09-26,59.68450164794922,60.36199951171875,59.27000045776367,59.702999114990234,59.14023971557617,37650000,Yahoo Finance,GOOGL,2026-09-18T13:25:36+08:00,confirmed
2018-09-27,60.0,60.84299850463867,59.90250015258789,60.36800003051758,59.79896926879883,36274000,Yahoo Finance,GOOGL,2026-09-18T13:25:36+08:00,confirmed
2018-09-28,60.204498291015625,60.42250061035156,59.89149856567383,60.354000091552734,59.785099029541016,35612000,Yahoo Finance,GOOGL,2026-09-18T13:25:36+08:00,confirmed
2018-10-01,60.650001525878906,61.209999084472656,60.15950012207031,60.42649841308594,59.85692596435547,33164000,Yahoo Finance,GOOGL,2026-09-18T13:25:36+08:00,confirmed
2018-10-02,60.333499908447266,61.22600173950195,59.983001708984375,60.38199996948242,59.812843322753906,40180000,Yahoo Finance,GOOGL,2026-09-18T13:25:36+08:00,confirmed
2018-10-03,60.599998474121094,60.70899963378906,60.10749816894531,60.576499938964844,60.00551223754883,26246000,Yahoo Finance,GOOGL,2026-09-18T13:25:36+08:00,confirmed
2018-10-04,60.25149917602539,60.29499816894531,58.192501068115234,58.85350036621094,58.29875183105469,46576000,Yahoo Finance,GOOGL,2026-09-18T13:25:36+08:00,confirmed
2018-10-05,58.79999923706055,59.099998474121094,57.715999603271484,58.39149856567383,57.84109878540039,31852000,Yahoo Finance,GOOGL,2026-09-18T13:25:36+08:00,confirmed
2018-10-08,58.0,58.792999267578125,56.77000045776367,57.79600143432617,57.251216888427734,46190000,Yahoo Finance,GOOGL,2026-09-18T13:25:36+08:00,confirmed
2018-10-09,57.56549835205078,58.07749938964844,57.208499908447266,57.25849914550781,56.718772888183594,33690000,Yahoo Finance,GOOGL,2026-09-18T13:25:36+08:00,confirmed
2018-10-10,56.81999969482422,56.85100173950195,54.57550048828125,54.608001708984375,54.093265533447266,58980000,Yahoo Finance,GOOGL,2026-09-18T13:25:36+08:00,confirmed
2018-10-11,53.95199966430664,55.803001403808594,53.794498443603516,54.5369987487793,54.02293014526367,67696000,Yahoo Finance,GOOGL,2026-09-18T13:25:36+08:00,confirmed
2018-10-12,55.981998443603516,56.291500091552734,54.75149917602539,56.027000427246094,55.49889373779297,49370000,Yahoo Finance,GOOGL,2026-09-18T13:25:36+08:00,confirmed
2018-10-15,55.900001525878906,56.09000015258789,54.9109992980957,55.12200164794922,54.602420806884766,30074000,Yahoo Finance,GOOGL,2026-09-18T13:25:36+08:00,confirmed
2018-10-16,55.67399978637695,56.81850051879883,55.587501525878906,56.65399932861328,56.1199836730957,38378000,Yahoo Finance,GOOGL,2026-09-18T13:25:36+08:00,confirmed
2018-10-17,57.0,57.349998474121094,55.70000076293945,56.37950134277344,55.84806823730469,35652000,Yahoo Finance,GOOGL,2026-09-18T13:25:36+08:00,confirmed
2018-10-18,56.5,56.61750030517578,54.31700134277344,54.89550018310547,54.378055572509766,46152000,Yahoo Finance,GOOGL,2026-09-18T13:25:36+08:00,confirmed
2018-10-19,55.18550109863281,56.04750061035156,54.85150146484375,55.25899887084961,54.73812484741211,41286000,Yahoo Finance,GOOGL,2026-09-18T13:25:36+08:00,confirmed
2018-10-22,55.6254997253418,56.08449935913086,55.0,55.56850051879883,55.04471206665039,27116000,Yahoo Finance,GOOGL,2026-09-18T13:25:36+08:00,confirmed
2018-10-23,54.56449890136719,55.900001525878906,53.95050048828125,55.74549865722656,55.22003936767578,37686000,Yahoo Finance,GOOGL,2026-09-18T13:25:36+08:00,confirmed
2018-10-24,55.75,55.83100128173828,52.75299835205078,52.85599899291992,52.35778045654297,49286000,Yahoo Finance,GOOGL,2026-09-18T13:25:36+08:00,confirmed
2018-10-25,54.01499938964844,55.89099884033203,53.77750015258789,55.179500579833984,54.659385681152344,72956000,Yahoo Finance,GOOGL,2026-09-18T13:25:36+08:00,confirmed
2018-10-26,52.416500091552734,55.849998474121094,52.11149978637695,54.1875,53.67673110961914,106438000,Yahoo Finance,GOOGL,2026-09-18T13:25:36+08:00,confirmed
2018-10-29,54.82699966430664,55.44150161743164,50.36000061035156,51.73649978637695,51.248836517333984,81290000,Yahoo Finance,GOOGL,2026-09-18T13:25:36+08:00,confirmed
2018-10-30,51.0004997253418,52.54499816894531,50.69850158691406,52.47549819946289,51.980873107910156,59768000,Yahoo Finance,GOOGL,2026-09-18T13:25:36+08:00,confirmed
2018-10-31,53.40999984741211,55.400001525878906,53.40999984741211,54.52899932861328,54.0150146484375,70916000,Yahoo Finance,GOOGL,2026-09-18T13:25:36+08:00,confirmed
2018-11-01,54.56999969482422,54.994998931884766,53.89099884033203,54.29899978637695,53.787174224853516,40132000,Yahoo Finance,GOOGL,2026-09-18T13:25:36+08:00,confirmed
2018-11-02,54.45000076293945,54.900001525878906,53.382999420166016,53.574501037597656,53.06950378417969,43438000,Yahoo Finance,GOOGL,2026-09-18T13:25:36+08:00,confirmed
2018-11-05,53.62649917602539,53.66749954223633,51.70000076293945,52.7864990234375,52.28893280029297,45358000,Yahoo Finance,GOOGL,2026-09-18T13:25:36+08:00,confirmed
2018-11-06,52.750999450683594,53.99100112915039,52.68050003051758,53.47850036621094,52.97441101074219,28660000,Yahoo Finance,GOOGL,2026-09-18T13:25:36+08:00,confirmed
2018-11-07,54.17449951171875,55.496498107910156,54.02949905395508,55.4119987487793,54.88968276977539,43388000,Yahoo Finance,GOOGL,2026-09-18T13:25:36+08:00,confirmed
2018-11-08,55.3650016784668,55.4109992980957,54.21799850463867,54.73149871826172,54.21560287475586,33694000,Yahoo Finance,GOOGL,2026-09-18T13:25:36+08:00,confirmed
2018-11-09,54.20100021362305,54.41749954223633,53.2130012512207,53.85100173950195,53.34339904785156,34860000,Yahoo Finance,GOOGL,2026-09-18T13:25:36+08:00,confirmed
2018-11-12,53.65650177001953,53.70500183105469,52.01750183105469,52.46799850463867,51.97343826293945,34002000,Yahoo Finance,GOOGL,2026-09-18T13:25:36+08:00,confirmed
2018-11-13,52.740501403808594,53.333499908447266,52.02000045776367,52.39849853515625,51.90459442138672,25750000,Yahoo Finance,GOOGL,2026-09-18T13:25:36+08:00,confirmed
2018-11-14,53.0,53.28950119018555,52.05550003051758,52.729000091552734,52.23197555541992,34666000,Yahoo Finance,GOOGL,2026-09-18T13:25:36+08:00,confirmed
2018-11-15,52.573001861572266,53.94350051879883,52.06449890136719,53.5525016784668,53.04771423339844,41584000,Yahoo Finance,GOOGL,2026-09-18T13:25:36+08:00,confirmed
2018-11-16,53.26150131225586,53.62200164794922,52.744998931884766,53.41350173950195,52.9100227355957,35366000,Yahoo Finance,GOOGL,2026-09-18T13:25:36+08:00,confirmed
2018-11-19,53.169498443603516,53.400001525878906,51.14350128173828,51.37099838256836,50.88676834106445,45684000,Yahoo Finance,GOOGL,2026-09-18T13:25:36+08:00,confirmed
2018-11-20,50.364498138427734,51.86750030517578,50.11050033569336,51.522499084472656,51.03684997558594,54458000,Yahoo Finance,GOOGL,2026-09-18T13:25:36+08:00,confirmed
2018-11-21,52.265499114990234,52.73550033569336,51.972999572753906,52.17150115966797,51.67973327636719,29698000,Yahoo Finance,GOOGL,2026-09-18T13:25:36+08:00,confirmed
2018-11-23,51.67499923706055,52.150001525878906,51.42599868774414,51.505001068115234,51.01951217651367,14178000,Yahoo Finance,GOOGL,2026-09-18T13:25:36+08:00,confirmed
2018-11-26,52.20000076293945,52.849998474121094,51.98849868774414,52.797000885009766,52.29933166503906,31558000,Yahoo Finance,GOOGL,2026-09-18T13:25:36+08:00,confirmed
2018-11-27,52.56700134277344,53.3380012512207,52.275001525878906,52.61399841308594,52.11805725097656,33048000,Yahoo Finance,GOOGL,2026-09-18T13:25:36+08:00,confirmed
2018-11-28,52.87300109863281,54.643001556396484,52.147499084472656,54.589500427246094,54.07493591308594,46042000,Yahoo Finance,GOOGL,2026-09-18T13:25:36+08:00,confirmed
2018-11-29,54.17649841308594,55.00749969482422,54.099998474121094,54.729000091552734,54.2131233215332,31004000,Yahoo Finance,GOOGL,2026-09-18T13:25:36+08:00,confirmed
2018-11-30,54.78150177001953,55.48249816894531,54.159000396728516,55.48249816894531,54.95952224731445,59668000,Yahoo Finance,GOOGL,2026-09-18T13:25:36+08:00,confirmed
2018-12-03,56.608001708984375,56.75,55.58649826049805,55.81800079345703,55.29186248779297,57532000,Yahoo Finance,GOOGL,2026-09-18T13:25:36+08:00,confirmed
2018-12-04,55.64950180053711,55.71200180053711,53.03900146484375,53.12350082397461,52.62275695800781,45630000,Yahoo Finance,GOOGL,2026-09-18T13:25:36+08:00,confirmed
2018-12-06,52.25,53.97100067138672,52.124000549316406,53.90399932861328,53.39590072631836,47436000,Yahoo Finance,GOOGL,2026-09-18T13:25:36+08:00,confirmed
2018-12-07,53.61149978637695,54.25149917602539,51.96849822998047,52.32899856567383,51.83574676513672,42682000,Yahoo Finance,GOOGL,2026-09-18T13:25:36+08:00,confirmed
2018-12-10,52.14699935913086,52.97999954223633,51.650001525878906,52.659000396728516,52.162635803222656,33652000,Yahoo Finance,GOOGL,2026-09-18T13:25:36+08:00,confirmed
2018-12-11,53.34700012207031,53.52000045776367,52.505001068115234,53.08250045776367,52.58214569091797,33852000,Yahoo Finance,GOOGL,2026-09-18T13:25:36+08:00,confirmed
2018-12-12,53.854000091552734,54.58649826049805,53.5984992980957,53.686500549316406,53.180450439453125,28960000,Yahoo Finance,GOOGL,2026-09-18T13:25:36+08:00,confirmed
2018-12-13,53.78350067138672,54.42100143432617,53.2495002746582,53.676998138427734,53.17103958129883,24986000,Yahoo Finance,GOOGL,2026-09-18T13:25:36+08:00,confirmed
2018-12-14,53.000999450683594,53.58599853515625,52.46849822998047,52.58549880981445,52.0898323059082,36358000,Yahoo Finance,GOOGL,2026-09-18T13:25:36+08:00,confirmed
2018-12-17,52.35049819946289,53.11899948120117,50.83150100708008,51.282501220703125,50.79911422729492,49932000,Yahoo Finance,GOOGL,2026-09-18T13:25:36+08:00,confirmed
2018-12-18,51.70000076293945,52.984500885009766,51.52399826049805,52.170501708984375,51.678741455078125,43640000,Yahoo Finance,GOOGL,2026-09-18T13:25:36+08:00,confirmed
2018-12-19,52.364498138427734,53.785499572753906,50.971500396728516,51.77299880981445,51.28498840332031,58264000,Yahoo Finance,GOOGL,2026-09-18T13:25:36+08:00,confirmed
2018-12-20,51.29999923706055,52.37200164794922,50.393001556396484,51.17900085449219,50.696590423583984,53674000,Yahoo Finance,GOOGL,2026-09-18T13:25:36+08:00,confirmed
2018-12-21,51.60200119018555,51.88349914550781,49.05950164794922,49.5625,49.0953254699707,104656000,Yahoo Finance,GOOGL,2026-09-18T13:25:36+08:00,confirmed
2018-12-24,49.215999603271484,50.60599899291992,48.882999420166016,49.23350143432617,48.76942825317383,36360000,Yahoo Finance,GOOGL,2026-09-18T13:25:36+08:00,confirmed
2018-12-26,49.89950180053711,52.42250061035156,49.63249969482422,52.39250183105469,51.89864730834961,46318000,Yahoo Finance,GOOGL,2026-09-18T13:25:36+08:00,confirmed
2018-12-27,51.310001373291016,52.66699981689453,50.349998474121094,52.64500045776367,52.148773193359375,45996000,Yahoo Finance,GOOGL,2026-09-18T13:25:36+08:00,confirmed
2018-12-28,52.974998474121094,53.21149826049805,52.099998474121094,52.33399963378906,51.840702056884766,34398000,Yahoo Finance,GOOGL,2026-09-18T13:25:36+08:00,confirmed
2018-12-31,52.89149856567383,53.14950180053711,51.652000427246094,52.24800109863281,51.75551223754883,33110000,Yahoo Finance,GOOGL,2026-09-18T13:25:36+08:00,confirmed
2019-01-02,51.36000061035156,53.03950119018555,51.263999938964844,52.73400115966797,52.23693084716797,31868000,Yahoo Finance,GOOGL,2026-09-18T13:25:36+08:00,confirmed
2019-01-03,52.53350067138672,53.3129997253418,51.118499755859375,51.27349853515625,50.79018783569336,41960000,Yahoo Finance,GOOGL,2026-09-18T13:25:36+08:00,confirmed
2019-01-04,52.12799835205078,54.0,51.84299850463867,53.903499603271484,53.39540100097656,46022000,Yahoo Finance,GOOGL,2026-09-18T13:25:36+08:00,confirmed
2019-01-07,54.048500061035156,54.1349983215332,53.13199996948242,53.79600143432617,53.288917541503906,47446000,Yahoo Finance,GOOGL,2026-09-18T13:25:36+08:00,confirmed
2019-01-08,54.29999923706055,54.66749954223633,53.41749954223633,54.26850128173828,53.75696563720703,35414000,Yahoo Finance,GOOGL,2026-09-18T13:25:36+08:00,confirmed
2019-01-09,54.39950180053711,54.582000732421875,53.71849822998047,54.08250045776367,53.572723388671875,26998000,Yahoo Finance,GOOGL,2026-09-18T13:25:36+08:00,confirmed
2019-01-10,53.74700164794922,53.990501403808594,53.23400115966797,53.94150161743164,53.433048248291016,26598000,Yahoo Finance,GOOGL,2026-09-18T13:25:36+08:00,confirmed
2019-01-11,53.494998931884766,53.66849899291992,52.82149887084961,53.2234992980957,52.72180938720703,30864000,Yahoo Finance,GOOGL,2026-09-18T13:25:36+08:00,confirmed
2019-01-14,52.66699981689453,52.92250061035156,52.4275016784668,52.57550048828125,52.07992935180664,28490000,Yahoo Finance,GOOGL,2026-09-18T13:25:36+08:00,confirmed
2019-01-15,52.9005012512207,54.41350173950195,52.72200012207031,54.32550048828125,53.81342697143555,37518000,Yahoo Finance,GOOGL,2026-09-18T13:25:36+08:00,confirmed
2019-01-16,54.5,55.11800003051758,54.4005012512207,54.47549819946289,53.96201705932617,38280000,Yahoo Finance,GOOGL,2026-09-18T13:25:36+08:00,confirmed
2019-01-17,54.39950180053711,55.03499984741211,54.16299819946289,54.95600128173828,54.437984466552734,24896000,Yahoo Finance,GOOGL,2026-09-18T13:25:36+08:00,confirmed
2019-01-18,55.429500579833984,55.900001525878906,54.9640007019043,55.3650016784668,54.84313201904297,44892000,Yahoo Finance,GOOGL,2026-09-18T13:25:36+08:00,confirmed
2019-01-22,54.79999923706055,54.94850158691406,53.544498443603516,53.93149948120117,53.42314147949219,39632000,Yahoo Finance,GOOGL,2026-09-18T13:25:36+08:00,confirmed
2019-01-23,54.34299850463867,54.647499084472656,53.378501892089844,54.22050094604492,53.709415435791016,25194000,Yahoo Finance,GOOGL,2026-09-18T13:25:36+08:00,confirmed
2019-01-24,54.1254997253418,54.400001525878906,53.500999450683594,54.20000076293945,53.68911361694336,29114000,Yahoo Finance,GOOGL,2026-09-18T13:25:36+08:00,confirmed
2019-01-25,54.71149826049805,55.167999267578125,54.59000015258789,55.07550048828125,54.55636215209961,23260000,Yahoo Finance,GOOGL,2026-09-18T13:25:36+08:00,confirmed
2019-01-28,54.503501892089844,54.66849899291992,53.730499267578125,53.99300003051758,53.48406219482422,29334000,Yahoo Finance,GOOGL,2026-09-18T13:25:36+08:00,confirmed
2019-01-29,54.051998138427734,54.23649978637695,53.30099868774414,53.50299835205078,52.99867630004883,19704000,Yahoo Finance,GOOGL,2026-09-18T13:25:36+08:00,confirmed
2019-01-30,53.86800003051758,54.97600173950195,53.832000732421875,54.89950180053711,54.38201904296875,29452000,Yahoo Finance,GOOGL,2026-09-18T13:25:36+08:00,confirmed
2019-01-31,55.61199951171875,56.38349914550781,55.26250076293945,56.294498443603516,55.76387023925781,40232000,Yahoo Finance,GOOGL,2026-09-18T13:25:36+08:00,confirmed
2019-02-01,56.114498138427734,56.720001220703125,55.712501525878906,55.930999755859375,55.40378952026367,33116000,Yahoo Finance,GOOGL,2026-09-18T13:25:36+08:00,confirmed
2019-02-04,55.95050048828125,57.117000579833984,55.8754997253418,57.07099914550781,56.533050537109375,78408000,Yahoo Finance,GOOGL,2026-09-18T13:25:36+08:00,confirmed
2019-02-05,56.48149871826172,57.63850021362305,56.18000030517578,57.59349822998047,57.050621032714844,82296000,Yahoo Finance,GOOGL,2026-09-18T13:25:36+08:00,confirmed
2019-02-06,57.4635009765625,57.70000076293945,55.917999267578125,56.144500732421875,55.61527633666992,48256000,Yahoo Finance,GOOGL,2026-09-18T13:25:36+08:00,confirmed
2019-02-07,55.590999603271484,55.5994987487793,54.679500579833984,55.295501708984375,54.774288177490234,38298000,Yahoo Finance,GOOGL,2026-09-18T13:25:36+08:00,confirmed
2019-02-08,54.74399948120117,55.255001068115234,54.71200180053711,55.11899948120117,54.599449157714844,21766000,Yahoo Finance,GOOGL,2026-09-18T13:25:36+08:00,confirmed
2019-02-11,55.1875,55.67150115966797,55.0,55.10599899291992,54.586570739746094,18498000,Yahoo Finance,GOOGL,2026-09-18T13:25:36+08:00,confirmed
2019-02-12,55.550498962402344,56.643001556396484,55.550498962402344,56.37900161743164,55.847572326660156,35036000,Yahoo Finance,GOOGL,2026-09-18T13:25:36+08:00,confirmed
2019-02-13,56.652000427246094,57.14250183105469,56.29999923706055,56.43149948120117,55.89957046508789,28042000,Yahoo Finance,GOOGL,2026-09-18T13:25:36+08:00,confirmed
2019-02-14,56.25,56.80649948120117,55.85449981689453,56.459999084472656,55.92780303955078,21106000,Yahoo Finance,GOOGL,2026-09-18T13:25:36+08:00,confirmed
2019-02-15,56.96500015258789,56.96500015258789,55.83599853515625,55.98149871826172,55.45381164550781,27826000,Yahoo Finance,GOOGL,2026-09-18T13:25:36+08:00,confirmed
2019-02-19,55.832000732421875,56.481998443603516,55.832000732421875,56.32550048828125,55.79457473754883,21980000,Yahoo Finance,GOOGL,2026-09-18T13:25:36+08:00,confirmed
2019-02-20,56.444000244140625,56.54650115966797,55.587501525878906,56.02949905395508,55.50136184692383,24090000,Yahoo Finance,GOOGL,2026-09-18T13:25:36+08:00,confirmed
2019-02-21,55.93899917602539,55.95750045776367,54.89899826049805,55.21049880981445,54.69009017944336,33272000,Yahoo Finance,GOOGL,2026-09-18T13:25:36+08:00,confirmed
2019-02-22,55.48500061035156,55.86249923706055,55.025001525878906,55.827999114990234,55.301761627197266,29436000,Yahoo Finance,GOOGL,2026-09-18T13:25:36+08:00,confirmed
2019-02-25,56.096500396728516,56.27000045776367,55.705501556396484,55.86650085449219,55.33990478515625,26208000,Yahoo Finance,GOOGL,2026-09-18T13:25:36+08:00,confirmed
2019-02-26,55.71849822998047,56.321998596191406,55.334999084472656,56.10049819946289,55.57170104980469,35026000,Yahoo Finance,GOOGL,2026-09-18T13:25:36+08:00,confirmed
2019-02-27,55.70050048828125,56.2864990234375,55.428001403808594,56.144500732421875,55.61527633666992,22092000,Yahoo Finance,GOOGL,2026-09-18T13:25:36+08:00,confirmed
2019-02-28,55.95000076293945,56.699501037597656,55.920501708984375,56.32749938964844,55.79655456542969,27422000,Yahoo Finance,GOOGL,2026-09-18T13:25:36+08:00,confirmed
2019-03-01,56.54999923706055,57.5,56.54999923706055,57.42599868774414,56.884708404541016,34086000,Yahoo Finance,GOOGL,2026-09-18T13:25:36+08:00,confirmed
2019-03-04,57.72800064086914,58.2760009765625,56.912498474121094,57.67100143432617,57.12739562988281,35490000,Yahoo Finance,GOOGL,2026-09-18T13:25:36+08:00,confirmed
2019-03-05,57.79999923706055,58.824501037597656,57.6510009765625,58.45949935913086,57.9084587097168,40094000,Yahoo Finance,GOOGL,2026-09-18T13:25:36+08:00,confirmed
2019-03-06,58.5880012512207,58.73699951171875,58.15250015258789,58.24700164794922,57.697967529296875,23602000,Yahoo Finance,GOOGL,2026-09-18T13:25:36+08:00,confirmed
2019-03-07,58.025001525878906,58.17900085449219,57.08549880981445,57.54249954223633,57.00010681152344,30086000,Yahoo Finance,GOOGL,2026-09-18T13:25:36+08:00,confirmed
2019-03-08,56.69499969482422,57.67250061035156,56.5099983215332,57.49850082397461,56.95652389526367,23694000,Yahoo Finance,GOOGL,2026-09-18T13:25:36+08:00,confirmed
2019-03-11,57.599998474121094,58.99549865722656,57.57849884033203,58.9630012512207,58.4072151184082,30032000,Yahoo Finance,GOOGL,2026-09-18T13:25:36+08:00,confirmed
2019-03-12,59.1150016784668,60.285499572753906,59.1150016784668,59.86249923706055,59.29823684692383,42220000,Yahoo Finance,GOOGL,2026-09-18T13:25:36+08:00,confirmed
2019-03-13,60.29650115966797,60.35599899291992,59.89550018310547,59.952999114990234,59.387882232666016,25888000,Yahoo Finance,GOOGL,2026-09-18T13:25:36+08:00,confirmed
2019-03-14,59.95100021362305,60.23500061035156,59.561500549316406,59.62649917602539,59.064456939697266,27302000,Yahoo Finance,GOOGL,2026-09-18T13:25:36+08:00,confirmed
2019-03-15,59.900001525878906,60.08599853515625,59.35049819946289,59.51499938964844,58.95401382446289,51886000,Yahoo Finance,GOOGL,2026-09-18T13:25:36+08:00,confirmed
2019-03-18,59.484500885009766,59.747501373291016,59.07400131225586,59.4275016784668,58.867340087890625,24442000,Yahoo Finance,GOOGL,2026-09-18T13:25:36+08:00,confirmed
2019-03-19,59.58599853515625,60.170501708984375,59.472999572753906,60.12300109863281,59.55628204345703,29788000,Yahoo Finance,GOOGL,2026-09-18T13:25:36+08:00,confirmed
2019-03-20,60.06999969482422,61.4995002746582,59.97949981689453,61.32149887084961,60.74348068237305,41508000,Yahoo Finance,GOOGL,2026-09-18T13:25:36+08:00,confirmed
2019-03-21,61.0,61.821998596191406,60.82899856567383,61.80649948120117,61.223907470703125,28150000,Yahoo Finance,GOOGL,2026-09-18T13:25:36+08:00,confirmed
2019-03-22,61.442501068115234,61.68149948120117,60.29999923706055,60.38249969482422,59.813331604003906,34422000,Yahoo Finance,GOOGL,2026-09-18T13:25:36+08:00,confirmed
2019-03-25,59.97800064086914,60.47200012207031,59.5,59.86899948120117,59.30467987060547,27576000,Yahoo Finance,GOOGL,2026-09-18T13:25:36+08:00,confirmed
2019-03-26,60.259498596191406,60.38249969482422,59.0880012512207,59.492000579833984,58.93123245239258,30752000,Yahoo Finance,GOOGL,2026-09-18T13:25:36+08:00,confirmed
2019-03-27,59.59600067138672,59.59600067138672,58.21149826049805,58.9005012512207,58.34530258178711,29428000,Yahoo Finance,GOOGL,2026-09-18T13:25:36+08:00,confirmed
2019-03-28,58.775001525878906,58.86249923706055,58.17150115966797,58.61349868774414,58.06100845336914,22402000,Yahoo Finance,GOOGL,2026-09-18T13:25:36+08:00,confirmed
2019-03-29,59.00899887084961,59.19850158691406,58.319000244140625,58.84450149536133,58.28983688354492,30890000,Yahoo Finance,GOOGL,2026-09-18T13:25:36+08:00,confirmed
2019-04-01,59.37699890136719,60.0099983215332,59.31800079345703,59.94900131225586,59.3839225769043,27706000,Yahoo Finance,GOOGL,2026-09-18T13:25:36+08:00,confirmed
2019-04-02,60.002498626708984,60.29050064086914,59.5620002746582,60.277000427246094,59.708831787109375,18288000,Yahoo Finance,GOOGL,2026-09-18T13:25:36+08:00,confirmed
2019-04-03,60.6349983215332,61.029998779296875,60.25400161743164,60.54050064086914,59.969844818115234,22180000,Yahoo Finance,GOOGL,2026-09-18T13:25:36+08:00,confirmed
2019-04-04,60.56449890136719,61.02750015258789,60.45199966430664,60.97249984741211,60.397769927978516,21022000,Yahoo Finance,GOOGL,2026-09-18T13:25:36+08:00,confirmed
2019-04-05,60.96500015258789,61.019500732421875,60.50149917602539,60.5724983215332,60.00154495239258,20012000,Yahoo Finance,GOOGL,2026-09-18T13:25:36+08:00,confirmed
2019-04-08,60.55550003051758,60.6974983215332,60.23500061035156,60.41400146484375,59.84454345703125,21750000,Yahoo Finance,GOOGL,2026-09-18T13:25:36+08:00,confirmed
2019-04-09,60.09450149536133,60.35749816894531,59.91899871826172,60.134498596191406,59.56766891479492,19668000,Yahoo Finance,GOOGL,2026-09-18T13:25:36+08:00,confirmed
2019-04-10,60.25450134277344,60.446998596191406,60.03300094604492,60.3224983215332,59.7538948059082,15510000,Yahoo Finance,GOOGL,2026-09-18T13:25:36+08:00,confirmed
2019-04-11,60.44499969482422,60.637001037597656,60.22700119018555,60.47949981689453,59.909427642822266,16998000,Yahoo Finance,GOOGL,2026-09-18T13:25:36+08:00,confirmed
2019-04-12,60.78099822998047,61.15250015258789,60.66450119018555,61.13650131225586,60.56023406982422,24312000,Yahoo Finance,GOOGL,2026-09-18T13:25:36+08:00,confirmed
2019-04-15,61.204498291015625,61.46500015258789,60.72800064086914,61.326499938964844,60.748435974121094,23796000,Yahoo Finance,GOOGL,2026-09-18T13:25:36+08:00,confirmed
2019-04-16,61.5,61.79899978637695,61.25199890136719,61.59550094604492,61.01490020751953,22622000,Yahoo Finance,GOOGL,2026-09-18T13:25:36+08:00,confirmed
2019-04-17,61.849998474121094,62.255001068115234,61.64500045776367,62.00699996948242,61.422523498535156,30366000,Yahoo Finance,GOOGL,2026-09-18T13:25:36+08:00,confirmed
2019-04-18,62.25,62.297000885009766,61.97050094604492,62.07350158691406,61.4883918762207,24750000,Yahoo Finance,GOOGL,2026-09-18T13:25:36+08:00,confirmed
2019-04-22,61.833499908447266,62.71699905395508,61.66849899291992,62.6879997253418,62.097103118896484,19084000,Yahoo Finance,GOOGL,2026-09-18T13:25:36+08:00,confirmed
2019-04-23,62.832000732421875,63.721500396728516,62.5984992980957,63.52949905395508,62.9306640625,31868000,Yahoo Finance,GOOGL,2026-09-18T13:25:36+08:00,confirmed
2019-04-24,63.52949905395508,63.70000076293945,62.990501403808594,63.002498626708984,62.40864181518555,23396000,Yahoo Finance,GOOGL,2026-09-18T13:25:36+08:00,confirmed
2019-04-25,63.51499938964844,63.63999938964844,62.900001525878906,63.367000579833984,62.76970672607422,31344000,Yahoo Finance,GOOGL,2026-09-18T13:25:36+08:00,confirmed
2019-04-26,63.66899871826172,63.945499420166016,63.25,63.87099838256836,63.268951416015625,27228000,Yahoo Finance,GOOGL,2026-09-18T13:25:36+08:00,confirmed
2019-04-29,64.02549743652344,64.84850311279297,63.58549880981445,64.80999755859375,64.1990966796875,72368000,Yahoo Finance,GOOGL,2026-09-18T13:25:36+08:00,confirmed
2019-04-30,59.53150177001953,60.04899978637695,59.150001525878906,59.948001861572266,59.3829345703125,133178000,Yahoo Finance,GOOGL,2026-09-18T13:25:36+08:00,confirmed
2019-05-01,59.875,59.962501525878906,58.58399963378906,58.66600036621094,58.11301040649414,74340000,Yahoo Finance,GOOGL,2026-09-18T13:25:36+08:00,confirmed
2019-05-02,58.630001068115234,58.96900177001953,57.916500091552734,58.32550048828125,57.77573013305664,45098000,Yahoo Finance,GOOGL,2026-09-18T13:25:36+08:00,confirmed
2019-05-03,58.87049865722656,59.56999969482422,58.6775016784668,59.477500915527344,58.9168586730957,41588000,Yahoo Finance,GOOGL,2026-09-18T13:25:36+08:00,confirmed
2019-05-06,58.599998474121094,59.77149963378906,58.55799865722656,59.67300033569336,59.11052703857422,31774000,Yahoo Finance,GOOGL,2026-09-18T13:25:36+08:00,confirmed
2019-05-07,59.29050064086914,59.73849868774414,58.25,58.94300079345703,58.38740539550781,36604000,Yahoo Finance,GOOGL,2026-09-18T13:25:36+08:00,confirmed
2019-05-08,58.864498138427734,59.2135009765625,58.381500244140625,58.53900146484375,57.987213134765625,25520000,Yahoo Finance,GOOGL,2026-09-18T13:25:36+08:00,confirmed
2019-05-09,58.130001068115234,58.70349884033203,57.731998443603516,58.39849853515625,57.84803009033203,29556000,Yahoo Finance,GOOGL,2026-09-18T13:25:36+08:00,confirmed
2019-05-10,58.44200134277344,58.81399917602539,57.31850051879883,58.38199996948242,57.83169174194336,31650000,Yahoo Finance,GOOGL,2026-09-18T13:25:36+08:00,confirmed
2019-05-13,57.262001037597656,57.5984992980957,56.275001525878906,56.829498291015625,56.293827056884766,45626000,Yahoo Finance,GOOGL,2026-09-18T13:25:36+08:00,confirmed
2019-05-14,57.11600112915039,57.243499755859375,56.17649841308594,56.24300003051758,55.712860107421875,40392000,Yahoo Finance,GOOGL,2026-09-18T13:25:36+08:00,confirmed
2019-05-15,56.127498626708984,58.915000915527344,56.06999969482422,58.540000915527344,57.988197326660156,59302000,Yahoo Finance,GOOGL,2026-09-18T13:25:36+08:00,confirmed
2019-05-16,58.59199905395508,59.70800018310547,58.42250061035156,59.224998474121094,58.666744232177734,35308000,Yahoo Finance,GOOGL,2026-09-18T13:25:36+08:00,confirmed
2019-05-17,58.791500091552734,59.31449890136719,58.32099914550781,58.43899917602539,57.88814926147461,25362000,Yahoo Finance,GOOGL,2026-09-18T13:25:36+08:00,confirmed
2019-05-20,57.650001525878906,57.650001525878906,56.90700149536133,57.233001708984375,56.693519592285156,30602000,Yahoo Finance,GOOGL,2026-09-18T13:25:36+08:00,confirmed
2019-05-21,57.7239990234375,57.900001525878906,57.16550064086914,57.72200012207031,57.177913665771484,20562000,Yahoo Finance,GOOGL,2026-09-18T13:25:36+08:00,confirmed
2019-05-22,57.5625,58.18899917602539,57.54999923706055,57.79249954223633,57.247737884521484,18826000,Yahoo Finance,GOOGL,2026-09-18T13:25:36+08:00,confirmed
2019-05-23,57.30350112915039,57.502498626708984,56.65800094604492,57.266998291015625,56.727203369140625,25214000,Yahoo Finance,GOOGL,2026-09-18T13:25:36+08:00,confirmed
2019-05-24,57.599998474121094,57.71799850463867,56.83549880981445,56.93050003051758,56.39387512207031,18554000,Yahoo Finance,GOOGL,2026-09-18T13:25:36+08:00,confirmed
2019-05-28,57.07400131225586,57.824501037597656,56.93349838256836,56.97800064086914,56.44093322753906,20948000,Yahoo Finance,GOOGL,2026-09-18T13:25:36+08:00,confirmed
2019-05-29,56.6349983215332,56.75,55.59749984741211,55.99700164794922,55.46917724609375,36230000,Yahoo Finance,GOOGL,2026-09-18T13:25:36+08:00,confirmed
2019-05-30,56.00749969482422,56.34000015258789,55.79499816894531,56.070499420166016,55.5419807434082,18088000,Yahoo Finance,GOOGL,2026-09-18T13:25:36+08:00,confirmed
2019-05-31,55.28200149536133,55.66999816894531,55.16749954223633,55.32500076293945,54.803504943847656,31582000,Yahoo Finance,GOOGL,2026-09-18T13:25:36+08:00,confirmed
2019-06-03,53.346500396728516,53.349998474121094,51.35150146484375,51.9370002746582,51.44744110107422,96890000,Yahoo Finance,GOOGL,2026-09-18T13:25:36+08:00,confirmed
2019-06-04,52.2244987487793,52.922000885009766,51.80149841308594,52.7244987487793,52.22751998901367,60512000,Yahoo Finance,GOOGL,2026-09-18T13:25:36+08:00,confirmed
2019-06-05,52.75,52.84049987792969,51.650001525878906,52.231998443603516,51.73966598510742,46988000,Yahoo Finance,GOOGL,2026-09-18T13:25:36+08:00,confirmed
2019-06-06,52.31050109863281,52.5,51.7755012512207,52.38800048828125,51.894195556640625,29020000,Yahoo Finance,GOOGL,2026-09-18T13:25:36+08:00,confirmed
2019-06-07,52.7140007019043,53.67150115966797,52.557498931884766,53.41849899291992,52.914974212646484,43828000,Yahoo Finance,GOOGL,2026-09-18T13:25:36+08:00,confirmed
2019-06-10,53.849998474121094,54.742000579833984,53.763999938964844,54.13800048828125,53.62769317626953,28510000,Yahoo Finance,GOOGL,2026-09-18T13:25:36+08:00,confirmed
2019-06-11,54.8494987487793,55.20050048828125,53.97850036621094,54.051998138427734,53.54249572753906,33508000,Yahoo Finance,GOOGL,2026-09-18T13:25:36+08:00,confirmed
2019-06-12,53.997501373291016,54.125999450683594,53.47999954223633,53.95500183105469,53.446414947509766,23670000,Yahoo Finance,GOOGL,2026-09-18T13:25:36+08:00,confirmed
2019-06-13,54.23550033569336,54.829498291015625,54.128501892089844,54.550498962402344,54.03630447387695,20814000,Yahoo Finance,GOOGL,2026-09-18T13:25:36+08:00,confirmed
2019-06-14,54.48699951171875,54.737998962402344,54.07400131225586,54.314998626708984,53.80302047729492,24582000,Yahoo Finance,GOOGL,2026-09-18T13:25:36+08:00,confirmed
2019-06-17,54.45500183105469,55.06399917602539,54.400001525878906,54.69449996948242,54.178955078125,19770000,Yahoo Finance,GOOGL,2026-09-18T13:25:36+08:00,confirmed
2019-06-18,55.57500076293945,55.93899917602539,55.03950119018555,55.262001037597656,54.74110412597656,34526000,Yahoo Finance,GOOGL,2026-09-18T13:25:36+08:00,confirmed
2019-06-19,55.36199951171875,55.471500396728516,54.80149841308594,55.22549819946289,54.70494079589844,26714000,Yahoo Finance,GOOGL,2026-09-18T13:25:36+08:00,confirmed
2019-06-20,56.084999084472656,56.13600158691406,55.349998474121094,55.65999984741211,55.135353088378906,24018000,Yahoo Finance,GOOGL,2026-09-18T13:25:36+08:00,confirmed
2019-06-21,55.49300003051758,56.32849884033203,55.486000061035156,56.26850128173828,55.73811340332031,50774000,Yahoo Finance,GOOGL,2026-09-18T13:25:36+08:00,confirmed
2019-06-24,56.0,56.17850112915039,55.66550064086914,55.834999084472656,55.30870056152344,24236000,Yahoo Finance,GOOGL,2026-09-18T13:25:36+08:00,confirmed
2019-06-25,55.75400161743164,55.78499984741211,54.22999954223633,54.37900161743164,53.86642837524414,31644000,Yahoo Finance,GOOGL,2026-09-18T13:25:36+08:00,confirmed
2019-06-26,54.54999923706055,54.75600051879883,53.68450164794922,54.01599884033203,53.50684356689453,34698000,Yahoo Finance,GOOGL,2026-09-18T13:25:36+08:00,confirmed
2019-06-27,54.337501525878906,54.42300033569336,53.79249954223633,53.83150100708008,53.3240852355957,24078000,Yahoo Finance,GOOGL,2026-09-18T13:25:36+08:00,confirmed
2019-06-28,53.86149978637695,54.13999938964844,53.689998626708984,54.13999938964844,53.62968063354492,33672000,Yahoo Finance,GOOGL,2026-09-18T13:25:36+08:00,confirmed
2019-07-01,55.051998138427734,55.429500579833984,54.76649856567383,55.0,54.4815673828125,29196000,Yahoo Finance,GOOGL,2026-09-18T13:25:36+08:00,confirmed
2019-07-02,55.24150085449219,55.644500732421875,54.98350143432617,55.630001068115234,55.10563278198242,20630000,Yahoo Finance,GOOGL,2026-09-18T13:25:36+08:00,confirmed
2019-07-03,55.92499923706055,56.39950180053711,55.74250030517578,56.14950180053711,55.62023162841797,20154000,Yahoo Finance,GOOGL,2026-09-18T13:25:36+08:00,confirmed
2019-07-05,55.96849822998047,56.73249816894531,55.875,56.63349914550781,56.099674224853516,29794000,Yahoo Finance,GOOGL,2026-09-18T13:25:36+08:00,confirmed
2019-07-08,56.29349899291992,56.36050033569336,55.5880012512207,55.839500427246094,55.31315612792969,29888000,Yahoo Finance,GOOGL,2026-09-18T13:25:36+08:00,confirmed
2019-07-09,55.51599884033203,56.393001556396484,55.35749816894531,56.214500427246094,55.68461608886719,29472000,Yahoo Finance,GOOGL,2026-09-18T13:25:36+08:00,confirmed
2019-07-10,56.61600112915039,57.117000579833984,56.53300094604492,57.045501708984375,56.507789611816406,30710000,Yahoo Finance,GOOGL,2026-09-18T13:25:36+08:00,confirmed
2019-07-11,57.30799865722656,57.6619987487793,56.97650146484375,57.20399856567383,56.664798736572266,26004000,Yahoo Finance,GOOGL,2026-09-18T13:25:36+08:00,confirmed
2019-07-12,57.14649963378906,57.375,56.928001403808594,57.266998291015625,56.727203369140625,21878000,Yahoo Finance,GOOGL,2026-09-18T13:25:36+08:00,confirmed
2019-07-15,57.266998291015625,57.534000396728516,57.0,57.5255012512207,56.9832649230957,21164000,Yahoo Finance,GOOGL,2026-09-18T13:25:36+08:00,confirmed
2019-07-16,57.33649826049805,57.92900085449219,57.33649826049805,57.67300033569336,57.12937545776367,25352000,Yahoo Finance,GOOGL,2026-09-18T13:25:36+08:00,confirmed
2019-07-17,57.54600143432617,57.922000885009766,57.33100128173828,57.33700180053711,56.796546936035156,19538000,Yahoo Finance,GOOGL,2026-09-18T13:25:36+08:00,confirmed
2019-07-18,57.099998474121094,57.40850067138672,56.643001556396484,57.36199951171875,56.82130432128906,25450000,Yahoo Finance,GOOGL,2026-09-18T13:25:36+08:00,confirmed
2019-07-19,57.465999603271484,57.57899856567383,56.5625,56.57749938964844,56.04420471191406,23184000,Yahoo Finance,GOOGL,2026-09-18T13:25:36+08:00,confirmed
2019-07-22,56.77349853515625,57.000999450683594,56.260501861572266,56.96049880981445,56.423587799072266,28914000,Yahoo Finance,GOOGL,2026-09-18T13:25:36+08:00,confirmed
2019-07-23,57.17250061035156,57.44300079345703,56.64250183105469,57.40250015258789,56.861427307128906,20648000,Yahoo Finance,GOOGL,2026-09-18T13:25:36+08:00,confirmed
2019-07-24,56.63100051879883,57.27299880981445,56.425498962402344,56.98649978637695,56.4493408203125,27192000,Yahoo Finance,GOOGL,2026-09-18T13:25:36+08:00,confirmed
2019-07-25,56.9474983215332,57.179500579833984,56.18550109863281,56.797000885009766,56.261634826660156,54762000,Yahoo Finance,GOOGL,2026-09-18T13:25:36+08:00,confirmed
2019-07-26,61.400001525878906,63.419498443603516,61.400001525878906,62.26100158691406,61.67413330078125,121216000,Yahoo Finance,GOOGL,2026-09-18T13:25:36+08:00,confirmed
2019-07-29,62.125,62.449501037597656,61.5099983215332,62.09199905395508,61.50672149658203,41382000,Yahoo Finance,GOOGL,2026-09-18T13:25:36+08:00,confirmed
2019-07-30,61.349998474121094,61.84550094604492,61.26599884033203,61.400001525878906,60.821250915527344,28616000,Yahoo Finance,GOOGL,2026-09-18T13:25:36+08:00,confirmed
2019-07-31,61.243499755859375,61.74549865722656,60.409000396728516,60.90999984741211,60.33586502075195,39960000,Yahoo Finance,GOOGL,2026-09-18T13:25:36+08:00,confirmed
2019-08-01,60.881500244140625,61.814998626708984,60.349998474121094,60.5890007019043,60.017887115478516,35426000,Yahoo Finance,GOOGL,2026-09-18T13:25:36+08:00,confirmed
2019-08-02,60.150001525878906,60.474998474121094,59.5,59.816001892089844,59.25217819213867,34910000,Yahoo Finance,GOOGL,2026-09-18T13:25:36+08:00,confirmed
2019-08-05,58.64849853515625,58.84400177001953,57.13750076293945,57.73749923706055,57.19326400756836,47840000,Yahoo Finance,GOOGL,2026-09-18T13:25:36+08:00,confirmed
2019-08-06,58.2760009765625,59.06999969482422,58.076499938964844,58.55400085449219,58.0020751953125,36014000,Yahoo Finance,GOOGL,2026-09-18T13:25:36+08:00,confirmed
2019-08-07,57.88999938964844,58.993499755859375,57.54199981689453,58.795501708984375,58.241302490234375,30686000,Yahoo Finance,GOOGL,2026-09-18T13:25:36+08:00,confirmed
2019-08-08,59.32149887084961,60.31399917602539,58.70000076293945,60.30950164794922,59.74102783203125,30116000,Yahoo Finance,GOOGL,2026-09-18T13:25:36+08:00,confirmed
2019-08-09,59.9995002746582,60.222999572753906,59.24449920654297,59.44499969482422,58.884674072265625,20418000,Yahoo Finance,GOOGL,2026-09-18T13:25:36+08:00,confirmed
2019-08-12,59.0,59.28049850463867,58.43600082397461,58.724998474121094,58.17146301269531,22064000,Yahoo Finance,GOOGL,2026-09-18T13:25:36+08:00,confirmed
2019-08-13,58.717498779296875,60.27149963378906,58.64950180053711,59.83649826049805,59.2724723815918,28434000,Yahoo Finance,GOOGL,2026-09-18T13:25:36+08:00,confirmed
2019-08-14,58.80350112915039,59.13949966430664,58.05350112915039,58.212501525878906,57.663787841796875,35430000,Yahoo Finance,GOOGL,2026-09-18T13:25:36+08:00,confirmed
2019-08-15,58.42150115966797,58.82099914550781,58.150001525878906,58.465999603271484,57.91489791870117,28506000,Yahoo Finance,GOOGL,2026-09-18T13:25:36+08:00,confirmed
2019-08-16,59.03950119018555,59.19200134277344,58.650001525878906,58.96049880981445,58.40473556518555,24916000,Yahoo Finance,GOOGL,2026-09-18T13:25:36+08:00,confirmed
2019-08-19,59.59149932861328,60.46950149536133,59.52000045776367,60.02199935913086,59.45623016357422,24450000,Yahoo Finance,GOOGL,2026-09-18T13:25:36+08:00,confirmed
2019-08-20,59.76750183105469,59.900001525878906,59.15250015258789,59.17649841308594,58.61870193481445,20206000,Yahoo Finance,GOOGL,2026-09-18T13:25:36+08:00,confirmed
2019-08-21,59.79100036621094,60.02799987792969,59.395999908447266,59.57899856567383,59.01740646362305,14152000,Yahoo Finance,GOOGL,2026-09-18T13:25:36+08:00,confirmed
2019-08-22,59.689998626708984,59.93899917602539,58.945499420166016,59.57600021362305,59.014442443847656,17352000,Yahoo Finance,GOOGL,2026-09-18T13:25:36+08:00,confirmed
2019-08-23,59.25849914550781,59.78350067138672,57.5,57.67900085449219,57.13532257080078,36254000,Yahoo Finance,GOOGL,2026-09-18T13:25:36+08:00,confirmed
2019-08-26,57.97249984741211,58.59299850463867,57.74250030517578,58.558998107910156,58.007022857666016,21166000,Yahoo Finance,GOOGL,2026-09-18T13:25:36+08:00,confirmed
2019-08-27,59.150001525878906,59.25,58.22800064086914,58.54100036621094,57.989192962646484,23460000,Yahoo Finance,GOOGL,2026-09-18T13:25:36+08:00,confirmed
2019-08-28,58.243499755859375,58.92499923706055,58.01250076293945,58.6875,58.134307861328125,16810000,Yahoo Finance,GOOGL,2026-09-18T13:25:36+08:00,confirmed
2019-08-29,59.32099914550781,59.95949935913086,59.263999938964844,59.71200180053711,59.1491584777832,19636000,Yahoo Finance,GOOGL,2026-09-18T13:25:36+08:00,confirmed
2019-08-30,60.01750183105469,60.01750183105469,59.2859992980957,59.5265007019043,58.96540451049805,18064000,Yahoo Finance,GOOGL,2026-09-18T13:25:36+08:00,confirmed
2019-09-03,59.092498779296875,59.45399856567383,58.18550109863281,58.477500915527344,57.92629623413086,25908000,Yahoo Finance,GOOGL,2026-09-18T13:25:36+08:00,confirmed
2019-09-04,58.97249984741211,59.24399948120117,58.576499938964844,59.11349868774414,58.55628967285156,21312000,Yahoo Finance,GOOGL,2026-09-18T13:25:36+08:00,confirmed
2019-09-05,59.68299865722656,60.70000076293945,59.634498596191406,60.609500885009766,60.03819274902344,26394000,Yahoo Finance,GOOGL,2026-09-18T13:25:36+08:00,confirmed
2019-09-06,60.457000732421875,60.647499084472656,60.16299819946289,60.316001892089844,59.747459411621094,18972000,Yahoo Finance,GOOGL,2026-09-18T13:25:36+08:00,confirmed
2019-09-09,60.354000091552734,61.02750015258789,59.65850067138672,60.26350021362305,59.69545364379883,31854000,Yahoo Finance,GOOGL,2026-09-18T13:25:36+08:00,confirmed
2019-09-10,59.804500579833984,60.5,59.800498962402344,60.28499984741211,59.71675109863281,27922000,Yahoo Finance,GOOGL,2026-09-18T13:25:36+08:00,confirmed
2019-09-11,60.19449996948242,61.12350082397461,60.11399841308594,61.0,60.42502212524414,23522000,Yahoo Finance,GOOGL,2026-09-18T13:25:36+08:00,confirmed
2019-09-12,61.173500061035156,62.12099838256836,61.12799835205078,61.74850082397461,61.16645431518555,31644000,Yahoo Finance,GOOGL,2026-09-18T13:25:36+08:00,confirmed
2019-09-13,61.605499267578125,62.0525016784668,61.354000091552734,62.00149917602539,61.41707229614258,23676000,Yahoo Finance,GOOGL,2026-09-18T13:25:36+08:00,confirmed
2019-09-16,61.52199935913086,61.95100021362305,61.259498596191406,61.58150100708008,61.001033782958984,28218000,Yahoo Finance,GOOGL,2026-09-18T13:25:36+08:00,confirmed
2019-09-17,61.58150100708008,61.75,61.16749954223633,61.49399948120117,60.91435623168945,20806000,Yahoo Finance,GOOGL,2026-09-18T13:25:36+08:00,confirmed
2019-09-18,61.512001037597656,61.8120002746582,60.82350158691406,61.63249969482422,61.051551818847656,17440000,Yahoo Finance,GOOGL,2026-09-18T13:25:36+08:00,confirmed
2019-09-19,61.61600112915039,62.21699905395508,61.615501403808594,61.9375,61.353675842285156,16554000,Yahoo Finance,GOOGL,2026-09-18T13:25:36+08:00,confirmed
2019-09-20,61.68199920654297,62.13999938964844,61.17900085449219,61.492000579833984,60.91237258911133,37692000,Yahoo Finance,GOOGL,2026-09-18T13:25:36+08:00,confirmed
2019-09-23,61.32849884033203,61.98400115966797,61.18899917602539,61.734500885009766,61.152591705322266,20798000,Yahoo Finance,GOOGL,2026-09-18T13:25:36+08:00,confirmed
2019-09-24,62.0,62.355499267578125,60.53200149536133,60.916500091552734,60.34230041503906,35804000,Yahoo Finance,GOOGL,2026-09-18T13:25:36+08:00,confirmed
2019-09-25,60.800498962402344,62.4010009765625,60.459999084472656,62.297000885009766,61.70978927612305,26798000,Yahoo Finance,GOOGL,2026-09-18T13:25:36+08:00,confirmed
2019-09-26,62.106998443603516,62.23350143432617,61.590999603271484,62.114498138427734,61.52900695800781,23166000,Yahoo Finance,GOOGL,2026-09-18T13:25:36+08:00,confirmed
2019-09-27,62.14149856567383,62.2495002746582,60.7599983215332,61.29750061035156,60.71971130371094,34122000,Yahoo Finance,GOOGL,2026-09-18T13:25:36+08:00,confirmed
2019-09-30,61.029998779296875,61.37049865722656,60.67100143432617,61.05699920654297,60.48147964477539,24470000,Yahoo Finance,GOOGL,2026-09-18T13:25:36+08:00,confirmed
2019-10-01,61.1245002746582,61.643001556396484,60.27750015258789,60.29999923706055,59.73161697387695,24504000,Yahoo Finance,GOOGL,2026-09-18T13:25:36+08:00,confirmed
2019-10-02,59.82500076293945,59.9379997253418,58.631500244140625,58.895999908447266,58.340843200683594,33030000,Yahoo Finance,GOOGL,2026-09-18T13:25:36+08:00,confirmed
2019-10-03,59.16699981689453,59.54999923706055,58.15700149536133,59.471500396728516,58.91092300415039,28368000,Yahoo Finance,GOOGL,2026-09-18T13:25:36+08:00,confirmed
2019-10-04,59.714500427246094,60.62300109863281,59.548500061035156,60.54800033569336,59.977272033691406,24282000,Yahoo Finance,GOOGL,2026-09-18T13:25:36+08:00,confirmed
2019-10-07,60.349998474121094,60.945499420166016,60.21799850463867,60.412498474121094,59.84305191040039,17040000,Yahoo Finance,GOOGL,2026-09-18T13:25:36+08:00,confirmed
2019-10-08,59.938499450683594,60.34349822998047,59.4739990234375,59.506500244140625,58.945587158203125,20086000,Yahoo Finance,GOOGL,2026-09-18T13:25:36+08:00,confirmed
2019-10-09,60.06650161743164,60.42300033569336,59.90599822998047,60.119998931884766,59.553306579589844,15948000,Yahoo Finance,GOOGL,2026-09-18T13:25:36+08:00,confirmed
2019-10-10,59.93000030517578,60.78099822998047,59.893001556396484,60.4734992980957,59.90347671508789,12842000,Yahoo Finance,GOOGL,2026-09-18T13:25:36+08:00,confirmed
2019-10-11,61.201499938964844,61.4375,60.68199920654297,60.785499572753906,60.21253204345703,22330000,Yahoo Finance,GOOGL,2026-09-18T13:25:36+08:00,confirmed
2019-10-14,60.69449996948242,61.29399871826172,60.59400177001953,60.88850021362305,60.3145637512207,13296000,Yahoo Finance,GOOGL,2026-09-18T13:25:36+08:00,confirmed
2019-10-15,61.07500076293945,62.35649871826172,61.04600143432617,62.11199951171875,61.52653121948242,27584000,Yahoo Finance,GOOGL,2026-09-18T13:25:36+08:00,confirmed
2019-10-16,62.09049987792969,62.70949935913086,61.92649841308594,62.150001525878906,61.564170837402344,22986000,Yahoo Finance,GOOGL,2026-09-18T13:25:36+08:00,confirmed
2019-10-17,62.56999969482422,63.1875,62.493499755859375,62.63999938964844,62.049556732177734,20958000,Yahoo Finance,GOOGL,2026-09-18T13:25:36+08:00,confirmed
2019-10-18,62.734500885009766,62.90549850463867,62.00699996948242,62.22050094604492,61.63400650024414,31624000,Yahoo Finance,GOOGL,2026-09-18T13:25:36+08:00,confirmed
2019-10-21,62.435001373291016,62.675498962402344,61.9995002746582,62.2140007019043,61.62757110595703,18094000,Yahoo Finance,GOOGL,2026-09-18T13:25:36+08:00,confirmed
2019-10-22,62.2239990234375,62.436500549316406,61.99250030517578,62.060001373291016,61.47501754760742,22862000,Yahoo Finance,GOOGL,2026-09-18T13:25:36+08:00,confirmed
2019-10-23,62.010501861572266,62.902000427246094,62.010501861572266,62.881500244140625,62.288780212402344,21282000,Yahoo Finance,GOOGL,2026-09-18T13:25:36+08:00,confirmed
2019-10-24,62.955501556396484,63.14500045776367,62.61750030517578,62.955501556396484,62.36207962036133,20224000,Yahoo Finance,GOOGL,2026-09-18T13:25:36+08:00,confirmed
2019-10-25,62.599998474121094,63.400001525878906,62.45750045776367,63.21500015258789,62.619136810302734,27104000,Yahoo Finance,GOOGL,2026-09-18T13:25:36+08:00,confirmed
2019-10-28,63.75,64.96199798583984,63.615501403808594,64.4489974975586,63.841495513916016,65428000,Yahoo Finance,GOOGL,2026-09-18T13:25:36+08:00,confirmed
2019-10-29,63.79999923706055,64.04000091552734,62.78049850463867,63.03300094604492,62.43885040283203,52654000,Yahoo Finance,GOOGL,2026-09-18T13:25:36+08:00,confirmed
2019-10-30,62.75749969482422,63.4010009765625,62.532501220703125,63.03499984741211,62.440826416015625,29204000,Yahoo Finance,GOOGL,2026-09-18T13:25:36+08:00,confirmed
2019-10-31,63.0,63.32600021362305,62.4739990234375,62.939998626708984,62.34672546386719,31904000,Yahoo Finance,GOOGL,2026-09-18T13:25:36+08:00,confirmed
2019-11-01,63.290000915527344,63.650001525878906,62.98550033569336,63.61249923706055,63.01288604736328,28812000,Yahoo Finance,GOOGL,2026-09-18T13:25:36+08:00,confirmed
2019-11-04,63.80550003051758,64.625,63.80550003051758,64.48049926757812,63.872711181640625,30632000,Yahoo Finance,GOOGL,2026-09-18T13:25:36+08:00,confirmed
2019-11-05,64.55999755859375,64.86199951171875,64.46900177001953,64.5719985961914,63.96334457397461,25148000,Yahoo Finance,GOOGL,2026-09-18T13:25:36+08:00,confirmed
2019-11-06,64.50450134277344,64.64949798583984,64.1135025024414,64.55049896240234,63.942054748535156,24626000,Yahoo Finance,GOOGL,2026-09-18T13:25:36+08:00,confirmed
2019-11-07,64.71399688720703,66.13249969482422,64.6875,65.34700012207031,64.73103332519531,45140000,Yahoo Finance,GOOGL,2026-09-18T13:25:36+08:00,confirmed
2019-11-08,65.07599639892578,65.85549926757812,65.07599639892578,65.44999694824219,64.83304595947266,30392000,Yahoo Finance,GOOGL,2026-09-18T13:25:36+08:00,confirmed
2019-11-11,65.19999694824219,65.24500274658203,64.79350280761719,64.91400146484375,64.30213165283203,17234000,Yahoo Finance,GOOGL,2026-09-18T13:25:36+08:00,confirmed
2019-11-12,64.92849731445312,65.46749877929688,64.71199798583984,64.8604965209961,64.2491226196289,28852000,Yahoo Finance,GOOGL,2026-09-18T13:25:36+08:00,confirmed
2019-11-13,64.65899658203125,65.1259994506836,64.60749816894531,64.80899810791016,64.19810485839844,20538000,Yahoo Finance,GOOGL,2026-09-18T13:25:36+08:00,confirmed
2019-11-14,64.75,65.78600311279297,64.6969985961914,65.4574966430664,64.84049987792969,28948000,Yahoo Finance,GOOGL,2026-09-18T13:25:36+08:00,confirmed
2019-11-15,65.75250244140625,66.677001953125,65.59449768066406,66.677001953125,66.04850006103516,39286000,Yahoo Finance,GOOGL,2026-09-18T13:25:36+08:00,confirmed
2019-11-18,66.61699676513672,66.69599914550781,65.80799865722656,65.99199676513672,65.36996459960938,27984000,Yahoo Finance,GOOGL,2026-09-18T13:25:36+08:00,confirmed
2019-11-19,66.33149719238281,66.33149719238281,65.5885009765625,65.62950134277344,65.0108642578125,21864000,Yahoo Finance,GOOGL,2026-09-18T13:25:36+08:00,confirmed
2019-11-20,65.56800079345703,65.6604995727539,64.46050262451172,65.09300231933594,64.47943115234375,28892000,Yahoo Finance,GOOGL,2026-09-18T13:25:36+08:00,confirmed
2019-11-21,64.9625015258789,65.55599975585938,64.5374984741211,65.00700378417969,64.39424896240234,25546000,Yahoo Finance,GOOGL,2026-09-18T13:25:36+08:00,confirmed
2019-11-22,65.1500015258789,65.34500122070312,64.46800231933594,64.68350219726562,64.07380676269531,27776000,Yahoo Finance,GOOGL,2026-09-18T13:25:36+08:00,confirmed
2019-11-25,64.81300354003906,65.52050018310547,64.78050231933594,65.28199768066406,64.66665649414062,23590000,Yahoo Finance,GOOGL,2026-09-18T13:25:36+08:00,confirmed
2019-11-26,65.49549865722656,65.70050048828125,65.2020034790039,65.6500015258789,65.03118896484375,21910000,Yahoo Finance,GOOGL,2026-09-18T13:25:36+08:00,confirmed
2019-11-27,65.77100372314453,65.88200378417969,65.47350311279297,65.60649871826172,64.98809051513672,18808000,Yahoo Finance,GOOGL,2026-09-18T13:25:36+08:00,confirmed
2019-11-29,65.33000183105469,65.49749755859375,65.1614990234375,65.20449829101562,64.58987426757812,12802000,Yahoo Finance,GOOGL,2026-09-18T13:25:36+08:00,confirmed
2019-12-02,65.12799835205078,65.27200317382812,64.01899719238281,64.44300079345703,63.8355598449707,26538000,Yahoo Finance,GOOGL,2026-09-18T13:25:36+08:00,confirmed
2019-12-03,63.93299865722656,64.86150360107422,63.852500915527344,64.73699951171875,64.12680053710938,25270000,Yahoo Finance,GOOGL,2026-09-18T13:25:36+08:00,confirmed
2019-12-04,65.30500030517578,66.2135009765625,65.15249633789062,65.9469985961914,65.32539367675781,35506000,Yahoo Finance,GOOGL,2026-09-18T13:25:36+08:00,confirmed
2019-12-05,66.3499984741211,66.39900207519531,65.71600341796875,66.3479995727539,65.72259521484375,24408000,Yahoo Finance,GOOGL,2026-09-18T13:25:36+08:00,confirmed
2019-12-06,66.63749694824219,67.12349700927734,66.5615005493164,66.96949768066406,66.33822631835938,32968000,Yahoo Finance,GOOGL,2026-09-18T13:25:36+08:00,confirmed
2019-12-09,66.94300079345703,67.87750244140625,66.80349731445312,67.14949798583984,66.51653289794922,30842000,Yahoo Finance,GOOGL,2026-09-18T13:25:36+08:00,confirmed
2019-12-10,66.99700164794922,67.4000015258789,66.69999694824219,67.14450073242188,66.5115966796875,17606000,Yahoo Finance,GOOGL,2026-09-18T13:25:36+08:00,confirmed
2019-12-11,67.41500091552734,67.49449920654297,67.05500030517578,67.2125015258789,66.5789566040039,20480000,Yahoo Finance,GOOGL,2026-09-18T13:25:36+08:00,confirmed
2019-12-12,67.1604995727539,67.72899627685547,66.91000366210938,67.42449951171875,66.78895568847656,29114000,Yahoo Finance,GOOGL,2026-09-18T13:25:36+08:00,confirmed
2019-12-13,67.3949966430664,67.56749725341797,67.08300018310547,67.34349822998047,66.70870971679688,33170000,Yahoo Finance,GOOGL,2026-09-18T13:25:36+08:00,confirmed
2019-12-16,67.75,68.17649841308594,67.53050231933594,68.03500366210938,67.3936996459961,28128000,Yahoo Finance,GOOGL,2026-09-18T13:25:36+08:00,confirmed
2019-12-17,68.12049865722656,68.21649932861328,67.53849792480469,67.74449920654297,67.10592651367188,32948000,Yahoo Finance,GOOGL,2026-09-18T13:25:36+08:00,confirmed
2019-12-18,67.8499984741211,67.97149658203125,67.52300262451172,67.59549713134766,66.9583511352539,23330000,Yahoo Finance,GOOGL,2026-09-18T13:25:36+08:00,confirmed
2019-12-19,67.59549713134766,67.87650299072266,67.4375,67.8219985961914,67.18270874023438,28922000,Yahoo Finance,GOOGL,2026-09-18T13:25:36+08:00,confirmed
2019-12-20,68.15499877929688,68.19999694824219,67.5364990234375,67.56099700927734,66.9241714477539,50090000,Yahoo Finance,GOOGL,2026-09-18T13:25:36+08:00,confirmed
2019-12-23,67.9365005493164,68.09249877929688,67.4000015258789,67.53150177001953,66.89494323730469,19936000,Yahoo Finance,GOOGL,2026-09-18T13:25:36+08:00,confirmed
2019-12-24,67.510498046875,67.60050201416016,67.20850372314453,67.22149658203125,66.58787536621094,13468000,Yahoo Finance,GOOGL,2026-09-18T13:25:36+08:00,confirmed
2019-12-26,67.32749938964844,68.16000366210938,67.27549743652344,68.12349700927734,67.48136138916016,23662000,Yahoo Finance,GOOGL,2026-09-18T13:25:36+08:00,confirmed
2019-12-27,68.19999694824219,68.35250091552734,67.6500015258789,67.73200225830078,67.09355926513672,23212000,Yahoo Finance,GOOGL,2026-09-18T13:25:36+08:00,confirmed
2019-12-30,67.84049987792969,67.8499984741211,66.89199829101562,66.9854965209961,66.35408020019531,19994000,Yahoo Finance,GOOGL,2026-09-18T13:25:36+08:00,confirmed
2019-12-31,66.78949737548828,67.03299713134766,66.60649871826172,66.96949768066406,66.33822631835938,19514000,Yahoo Finance,GOOGL,2026-09-18T13:25:36+08:00,confirmed
2020-01-02,67.42050170898438,68.43399810791016,67.32450103759766,68.43399810791016,67.7889404296875,27278000,Yahoo Finance,GOOGL,2026-09-18T13:25:36+08:00,confirmed
2020-01-03,67.4000015258789,68.6875,67.36599731445312,68.07599639892578,67.434326171875,23408000,Yahoo Finance,GOOGL,2026-09-18T13:25:36+08:00,confirmed
2020-01-06,67.58149719238281,69.91600036621094,67.55000305175781,69.8905029296875,69.23171997070312,46768000,Yahoo Finance,GOOGL,2026-09-18T13:25:36+08:00,confirmed
2020-01-07,70.02300262451172,70.17500305175781,69.5780029296875,69.75550079345703,69.09798431396484,34330000,Yahoo Finance,GOOGL,2026-09-18T13:25:36+08:00,confirmed
2020-01-08,69.74099731445312,70.59249877929688,69.63150024414062,70.25199890136719,69.58980560302734,35314000,Yahoo Finance,GOOGL,2026-09-18T13:25:36+08:00,confirmed
2020-01-09,71.09649658203125,71.43399810791016,70.510498046875,70.989501953125,70.32035064697266,33200000,Yahoo Finance,GOOGL,2026-09-18T13:25:36+08:00,confirmed
2020-01-10,71.47350311279297,71.74700164794922,70.9800033569336,71.447998046875,70.7745361328125,26258000,Yahoo Finance,GOOGL,2026-09-18T13:25:36+08:00,confirmed
2020-01-13,71.76249694824219,72.0739974975586,71.26850128173828,72.00150299072266,71.32282257080078,30730000,Yahoo Finance,GOOGL,2026-09-18T13:25:36+08:00,confirmed
2020-01-14,72.0,72.13150024414062,71.38849639892578,71.52950286865234,70.85527038574219,26076000,Yahoo Finance,GOOGL,2026-09-18T13:25:36+08:00,confirmed
2020-01-15,71.6510009765625,72.03900146484375,71.58300018310547,71.95999908447266,71.28170776367188,21550000,Yahoo Finance,GOOGL,2026-09-18T13:25:36+08:00,confirmed
2020-01-16,72.27249908447266,72.53500366210938,72.0,72.50800323486328,71.82453918457031,26080000,Yahoo Finance,GOOGL,2026-09-18T13:25:36+08:00,confirmed
2020-01-17,73.12699890136719,74.02749633789062,72.82749938964844,73.97599792480469,73.2787094116211,52424000,Yahoo Finance,GOOGL,2026-09-18T13:25:36+08:00,confirmed
2020-01-21,73.94999694824219,74.49400329589844,73.510498046875,74.11250305175781,73.41392517089844,48930000,Yahoo Finance,GOOGL,2026-09-18T13:25:36+08:00,confirmed
2020-01-22,74.48650360107422,75.02899932861328,74.13300323486328,74.19349670410156,73.494140625,28458000,Yahoo Finance,GOOGL,2026-09-18T13:25:36+08:00,confirmed
2020-01-23,74.37750244140625,74.67500305175781,74.01599884033203,74.2344970703125,73.53475952148438,26650000,Yahoo Finance,GOOGL,2026-09-18T13:25:36+08:00,confirmed
2020-01-24,74.64099884033203,74.70999908447266,73.15899658203125,73.30850219726562,72.61750030517578,29786000,Yahoo Finance,GOOGL,2026-09-18T13:25:36+08:00,confirmed
2020-01-27,71.5770034790039,71.8290023803711,70.9749984741211,71.58650207519531,70.9117202758789,34132000,Yahoo Finance,GOOGL,2026-09-18T13:25:36+08:00,confirmed
2020-01-28,72.08699798583984,72.73999786376953,71.51799774169922,72.5250015258789,71.84138488769531,29724000,Yahoo Finance,GOOGL,2026-09-18T13:25:36+08:00,confirmed
2020-01-29,72.9229965209961,73.20700073242188,72.26950073242188,72.83499908447266,72.1484603881836,21566000,Yahoo Finance,GOOGL,2026-09-18T13:25:36+08:00,confirmed
2020-01-30,71.90499877929688,72.76249694824219,71.75,72.7125015258789,72.02710723876953,27110000,Yahoo Finance,GOOGL,2026-09-18T13:25:36+08:00,confirmed
2020-01-31,73.39299774169922,73.4834976196289,71.35299682617188,71.63899993896484,70.9637222290039,43822000,Yahoo Finance,GOOGL,2026-09-18T13:25:36+08:00,confirmed
2020-02-03,73.0824966430664,74.31500244140625,72.83049774169922,74.12999725341797,73.4312515258789,71636000,Yahoo Finance,GOOGL,2026-09-18T13:25:36+08:00,confirmed
2020-02-04,72.72450256347656,73.36699676513672,71.10150146484375,72.27050018310547,71.58927154541016,95880000,Yahoo Finance,GOOGL,2026-09-18T13:25:36+08:00,confirmed
2020-02-05,73.18049621582031,73.22899627685547,71.48400115966797,72.30249786376953,71.62097930908203,36376000,Yahoo Finance,GOOGL,2026-09-18T13:25:36+08:00,confirmed
2020-02-06,72.5989990234375,74.0780029296875,72.52400207519531,73.79850006103516,73.1028823852539,37822000,Yahoo Finance,GOOGL,2026-09-18T13:25:36+08:00,confirmed
2020-02-07,73.36949920654297,74.26249694824219,73.27050018310547,73.95549774169922,73.25840759277344,28360000,Yahoo Finance,GOOGL,2026-09-18T13:25:36+08:00,confirmed
2020-02-10,73.86150360107422,75.44400024414062,73.76000213623047,75.43299865722656,74.72196960449219,38302000,Yahoo Finance,GOOGL,2026-09-18T13:25:36+08:00,confirmed
2020-02-11,75.66349792480469,76.49400329589844,75.27249908447266,75.50299835205078,74.79131317138672,34852000,Yahoo Finance,GOOGL,2026-09-18T13:25:36+08:00,confirmed
2020-02-12,75.79299926757812,76.01499938964844,75.43350219726562,75.93150329589844,75.21576690673828,31042000,Yahoo Finance,GOOGL,2026-09-18T13:25:36+08:00,confirmed
2020-02-13,75.5,76.29750061035156,75.19999694824219,75.66950225830078,74.95623779296875,22914000,Yahoo Finance,GOOGL,2026-09-18T13:25:36+08:00,confirmed
2020-02-14,75.72650146484375,76.00250244140625,75.27749633789062,75.9365005493164,75.22071838378906,23198000,Yahoo Finance,GOOGL,2026-09-18T13:25:36+08:00,confirmed
2020-02-18,75.71700286865234,76.52799987792969,75.55049896240234,75.97200012207031,75.25588989257812,25642000,Yahoo Finance,GOOGL,2026-09-18T13:25:36+08:00,confirmed
2020-02-19,76.36000061035156,76.53700256347656,76.04900360107422,76.24349975585938,75.52481842041016,22746000,Yahoo Finance,GOOGL,2026-09-18T13:25:36+08:00,confirmed
2020-02-20,75.95050048828125,76.35350036621094,75.21299743652344,75.84950256347656,75.13453674316406,25962000,Yahoo Finance,GOOGL,2026-09-18T13:25:36+08:00,confirmed
2020-02-21,75.22899627685547,75.54750061035156,73.92449951171875,74.1729965209961,73.47384643554688,42520000,Yahoo Finance,GOOGL,2026-09-18T13:25:36+08:00,confirmed
2020-02-24,71.15249633789062,71.81900024414062,70.3395004272461,70.99299621582031,70.32381439208984,49560000,Yahoo Finance,GOOGL,2026-09-18T13:25:36+08:00,confirmed
2020-02-25,71.55000305175781,71.84249877929688,69.02100372314453,69.31600189208984,68.66262817382812,51580000,Yahoo Finance,GOOGL,2026-09-18T13:25:36+08:00,confirmed
2020-02-26,69.7490005493164,70.68350219726562,68.82749938964844,69.52349853515625,68.86817169189453,49776000,Yahoo Finance,GOOGL,2026-09-18T13:25:36+08:00,confirmed
2020-02-27,67.95700073242188,68.47000122070312,65.71199798583984,65.74749755859375,65.12776184082031,62290000,Yahoo Finance,GOOGL,2026-09-18T13:25:36+08:00,confirmed
2020-02-28,63.71549987792969,67.12249755859375,63.410499572753906,66.9625015258789,66.331298828125,80198000,Yahoo Finance,GOOGL,2026-09-18T13:25:36+08:00,confirmed
2020-03-02,67.56950378417969,69.37349700927734,66.26000213623047,69.31600189208984,68.66262817382812,55430000,Yahoo Finance,GOOGL,2026-09-18T13:25:36+08:00,confirmed
2020-03-03,69.88400268554688,70.40950012207031,66.46199798583984,66.88600158691406,66.25553131103516,56602000,Yahoo Finance,GOOGL,2026-09-18T13:25:36+08:00,confirmed
2020-03-04,67.947998046875,69.13899993896484,66.8499984741211,69.08000183105469,68.42884826660156,47598000,Yahoo Finance,GOOGL,2026-09-18T13:25:36+08:00,confirmed
2020-03-05,67.27749633789062,67.68150329589844,65.08200073242188,65.73799896240234,65.11834716796875,54380000,Yahoo Finance,GOOGL,2026-09-18T13:25:36+08:00,confirmed
2020-03-06,63.497501373291016,65.13749694824219,62.86050033569336,64.78700256347656,64.17632293701172,64640000,Yahoo Finance,GOOGL,2026-09-18T13:25:36+08:00,confirmed
2020-03-09,60.24800109863281,62.63650131225586,59.902000427246094,60.78950119018555,60.21649932861328,69252000,Yahoo Finance,GOOGL,2026-09-18T13:25:36+08:00,confirmed
2020-03-10,62.71950149536133,63.79249954223633,60.72549819946289,63.75849914550781,63.15751647949219,54872000,Yahoo Finance,GOOGL,2026-09-18T13:25:36+08:00,confirmed
2020-03-11,62.41350173950195,62.846500396728516,59.55699920654297,60.54499816894531,59.97429275512695,54732000,Yahoo Finance,GOOGL,2026-09-18T13:25:36+08:00,confirmed
2020-03-12,56.13100051879883,59.4375,55.423500061035156,55.57749938964844,55.05362319946289,94326000,Yahoo Finance,GOOGL,2026-09-18T13:25:36+08:00,confirmed
2020-03-13,58.7495002746582,60.720001220703125,55.614498138427734,60.7135009765625,60.14121627807617,79400000,Yahoo Finance,GOOGL,2026-09-18T13:25:36+08:00,confirmed
2020-03-16,54.480499267578125,57.27349853515625,53.354000091552734,53.650001525878906,53.14429473876953,96520000,Yahoo Finance,GOOGL,2026-09-18T13:25:36+08:00,confirmed
2020-03-17,54.53200149536133,56.29999923706055,52.45500183105469,55.90299987792969,55.37605667114258,83194000,Yahoo Finance,GOOGL,2026-09-18T13:25:36+08:00,confirmed
2020-03-18,52.99700164794922,55.2495002746582,51.849998474121094,54.55950164794922,54.04521942138672,93044000,Yahoo Finance,GOOGL,2026-09-18T13:25:36+08:00,confirmed
2020-03-19,54.4109992980957,57.63050079345703,52.77750015258789,55.583499908447266,55.0595703125,74064000,Yahoo Finance,GOOGL,2026-09-18T13:25:36+08:00,confirmed
2020-03-20,56.54499816894531,56.92399978637695,53.10499954223633,53.410499572753906,52.90705108642578,82878000,Yahoo Finance,GOOGL,2026-09-18T13:25:36+08:00,confirmed
2020-03-23,52.81850051879883,53.34550094604492,50.44350051879883,52.70650100708008,52.20969009399414,83672000,Yahoo Finance,GOOGL,2026-09-18T13:25:36+08:00,confirmed
2020-03-24,55.19900131225586,56.666500091552734,54.32149887084961,56.5004997253418,55.967933654785156,72468000,Yahoo Finance,GOOGL,2026-09-18T13:25:36+08:00,confirmed
2020-03-25,56.229000091552734,57.30849838256836,54.1505012512207,55.08100128173828,54.561805725097656,90324000,Yahoo Finance,GOOGL,2026-09-18T13:25:36+08:00,confirmed
2020-03-26,55.736000061035156,58.57400131225586,54.60150146484375,58.145999908447266,57.5979118347168,76562000,Yahoo Finance,GOOGL,2026-09-18T13:25:36+08:00,confirmed
2020-03-27,56.37350082397461,57.5525016784668,55.20000076293945,55.51300048828125,54.9897346496582,62794000,Yahoo Finance,GOOGL,2026-09-18T13:25:36+08:00,confirmed
2020-03-30,56.63199996948242,57.54999923706055,54.92449951171875,57.31549835205078,56.77524185180664,58736000,Yahoo Finance,GOOGL,2026-09-18T13:25:36+08:00,confirmed
2020-03-31,57.436500549316406,58.66999816894531,56.83599853515625,58.09749984741211,57.54987716674805,65228000,Yahoo Finance,GOOGL,2026-09-18T13:25:36+08:00,confirmed
2020-04-01,56.20000076293945,56.47100067138672,54.67449951171875,55.10499954223633,54.58557891845703,51970000,Yahoo Finance,GOOGL,2026-09-18T13:25:36+08:00,confirmed
2020-04-02,55.0,56.13850021362305,54.65650177001953,55.85150146484375,55.325042724609375,56410000,Yahoo Finance,GOOGL,2026-09-18T13:25:36+08:00,confirmed
2020-04-03,55.73550033569336,55.93949890136719,53.75400161743164,54.6349983215332,54.12001419067383,51374000,Yahoo Finance,GOOGL,2026-09-18T13:25:36+08:00,confirmed
2020-04-06,56.650001525878906,59.537498474121094,56.25,59.15950012207031,58.60186004638672,63320000,Yahoo Finance,GOOGL,2026-09-18T13:25:36+08:00,confirmed
2020-04-07,60.85049819946289,61.03900146484375,58.86249923706055,59.12799835205078,58.57065963745117,61620000,Yahoo Finance,GOOGL,2026-09-18T13:25:36+08:00,confirmed
2020-04-08,60.154998779296875,60.744998931884766,59.1974983215332,60.349998474121094,59.78114700317383,40334000,Yahoo Finance,GOOGL,2026-09-18T13:25:36+08:00,confirmed
2020-04-09,60.909000396728516,61.0994987487793,59.62099838256836,60.32849884033203,59.75984191894531,54028000,Yahoo Finance,GOOGL,2026-09-18T13:25:36+08:00,confirmed
2020-04-13,60.07500076293945,60.72600173950195,59.11650085449219,60.52050018310547,59.950035095214844,38702000,Yahoo Finance,GOOGL,2026-09-18T13:25:36+08:00,confirmed
2020-04-14,61.99850082397461,63.787498474121094,61.426998138427734,63.26150131225586,62.66520309448242,63358000,Yahoo Finance,GOOGL,2026-09-18T13:25:36+08:00,confirmed
2020-04-15,62.32550048828125,63.75550079345703,61.70000076293945,62.8650016784668,62.27243423461914,42236000,Yahoo Finance,GOOGL,2026-09-18T13:25:36+08:00,confirmed
2020-04-16,63.356998443603516,63.667999267578125,61.90999984741211,62.871498107910156,62.27886962890625,57896000,Yahoo Finance,GOOGL,2026-09-18T13:25:36+08:00,confirmed
2020-04-17,64.08499908447266,64.5,63.29999923706055,63.95000076293945,63.347206115722656,51050000,Yahoo Finance,GOOGL,2026-09-18T13:25:36+08:00,confirmed
2020-04-20,63.49449920654297,63.840999603271484,62.821998596191406,63.057498931884766,62.46311950683594,35292000,Yahoo Finance,GOOGL,2026-09-18T13:25:36+08:00,confirmed
2020-04-21,62.135501861572266,62.5,60.25,60.608001708984375,60.036712646484375,49648000,Yahoo Finance,GOOGL,2026-09-18T13:25:36+08:00,confirmed
2020-04-22,62.05550003051758,63.99399948120117,61.86000061035156,62.920501708984375,62.32741165161133,46296000,Yahoo Finance,GOOGL,2026-09-18T13:25:36+08:00,confirmed
2020-04-23,63.2869987487793,64.40750122070312,63.0265007019043,63.55849838256836,62.95939636230469,34202000,Yahoo Finance,GOOGL,2026-09-18T13:25:36+08:00,confirmed
2020-04-24,62.75,63.885501861572266,62.20000076293945,63.83000183105469,63.22834014892578,37402000,Yahoo Finance,GOOGL,2026-09-18T13:25:36+08:00,confirmed
2020-04-27,64.5999984741211,64.70500183105469,63.25299835205078,63.542999267578125,62.94404220581055,44186000,Yahoo Finance,GOOGL,2026-09-18T13:25:36+08:00,confirmed
2020-04-28,64.16000366210938,64.23799896240234,61.51900100708008,61.62950134277344,61.048580169677734,80700000,Yahoo Finance,GOOGL,2026-09-18T13:25:36+08:00,confirmed
2020-04-29,67.25,68.00749969482422,66.33650207519531,67.10900115966797,66.4764404296875,108358000,Yahoo Finance,GOOGL,2026-09-18T13:25:36+08:00,confirmed
2020-04-30,66.56800079345703,67.5,66.07499694824219,67.33499908447266,66.70030975341797,55842000,Yahoo Finance,GOOGL,2026-09-18T13:25:36+08:00,confirmed
2020-05-01,66.20449829101562,67.57150268554688,65.48300170898438,65.86599731445312,65.2451400756836,48872000,Yahoo Finance,GOOGL,2026-09-18T13:25:36+08:00,confirmed
2020-05-04,65.40650177001953,66.22350311279297,64.80049896240234,66.1449966430664,65.5215072631836,30806000,Yahoo Finance,GOOGL,2026-09-18T13:25:36+08:00,confirmed
2020-05-05,66.875,68.55049896240234,66.75150299072266,67.45099639892578,66.81519317626953,39666000,Yahoo Finance,GOOGL,2026-09-18T13:25:36+08:00,confirmed
2020-05-06,67.9000015258789,68.43450164794922,67.25650024414062,67.27149963378906,66.63739776611328,31732000,Yahoo Finance,GOOGL,2026-09-18T13:25:36+08:00,confirmed
2020-05-07,68.06549835205078,68.80000305175781,67.62699890136719,68.46399688720703,67.81864929199219,30652000,Yahoo Finance,GOOGL,2026-09-18T13:25:36+08:00,confirmed
2020-05-08,69.09100341796875,69.83200073242188,68.60050201416016,69.21700286865234,68.56456756591797,33326000,Yahoo Finance,GOOGL,2026-09-18T13:25:36+08:00,confirmed
2020-05-11,68.8395004272461,70.77649688720703,68.7750015258789,70.17949676513672,69.51799011230469,32718000,Yahoo Finance,GOOGL,2026-09-18T13:25:36+08:00,confirmed
2020-05-12,70.41100311279297,70.71649932861328,68.72550201416016,68.75900268554688,68.11088562011719,33918000,Yahoo Finance,GOOGL,2026-09-18T13:25:36+08:00,confirmed
2020-05-13,68.80799865722656,69.2665023803711,66.40049743652344,67.41649627685547,66.7810287475586,40368000,Yahoo Finance,GOOGL,2026-09-18T13:25:36+08:00,confirmed
2020-05-14,66.6760025024414,67.86849975585938,66.16500091552734,67.84300231933594,67.20350646972656,36660000,Yahoo Finance,GOOGL,2026-09-18T13:25:36+08:00,confirmed
2020-05-15,67.41300201416016,68.72899627685547,66.94999694824219,68.65299987792969,68.00587463378906,41544000,Yahoo Finance,GOOGL,2026-09-18T13:25:36+08:00,confirmed
2020-05-18,68.0790023803711,69.63800048828125,67.70999908447266,69.25900268554688,68.60616302490234,47094000,Yahoo Finance,GOOGL,2026-09-18T13:25:36+08:00,confirmed
2020-05-19,69.27400207519531,69.62449645996094,68.68800354003906,68.72000122070312,68.0722427368164,31586000,Yahoo Finance,GOOGL,2026-09-18T13:25:36+08:00,confirmed
2020-05-20,69.45800018310547,70.60150146484375,69.37100219726562,70.45800018310547,69.79386901855469,38262000,Yahoo Finance,GOOGL,2026-09-18T13:25:36+08:00,confirmed
2020-05-21,70.54949951171875,70.822998046875,69.71949768066406,70.3375015258789,69.67451477050781,30894000,Yahoo Finance,GOOGL,2026-09-18T13:25:36+08:00,confirmed
2020-05-22,70.19499969482422,70.8499984741211,69.79750061035156,70.66200256347656,69.99594116210938,28544000,Yahoo Finance,GOOGL,2026-09-18T13:25:36+08:00,confirmed
2020-05-26,72.0979995727539,72.25550079345703,70.97000122070312,71.06849670410156,70.39861297607422,44590000,Yahoo Finance,GOOGL,2026-09-18T13:25:36+08:00,confirmed
2020-05-27,71.0,71.26750183105469,69.7300033569336,71.01399993896484,70.34461975097656,31684000,Yahoo Finance,GOOGL,2026-09-18T13:25:36+08:00,confirmed
2020-05-28,70.0,72.2229995727539,69.9540023803711,70.91200256347656,70.24358367919922,35170000,Yahoo Finance,GOOGL,2026-09-18T13:25:36+08:00,confirmed
2020-05-29,71.02149963378906,71.83650207519531,70.79900360107422,71.6760025024414,71.0003890991211,37044000,Yahoo Finance,GOOGL,2026-09-18T13:25:36+08:00,confirmed
2020-06-01,71.28500366210938,72.0790023803711,71.11399841308594,71.74349975585938,71.0672378540039,25162000,Yahoo Finance,GOOGL,2026-09-18T13:25:36+08:00,confirmed
2020-06-02,71.75,72.1500015258789,71.08049774169922,72.1155014038086,71.43572998046875,23442000,Yahoo Finance,GOOGL,2026-09-18T13:25:36+08:00,confirmed
2020-06-03,72.13500213623047,72.45050048828125,71.58100128173828,71.9625015258789,71.2841796875,27732000,Yahoo Finance,GOOGL,2026-09-18T13:25:36+08:00,confirmed
2020-06-04,71.83899688720703,72.06600189208984,70.30049896240234,70.71499633789062,70.04843139648438,26982000,Yahoo Finance,GOOGL,2026-09-18T13:25:36+08:00,confirmed
2020-06-05,70.78199768066406,72.31500244140625,70.38099670410156,72.0009994506836,71.32231903076172,42642000,Yahoo Finance,GOOGL,2026-09-18T13:25:36+08:00,confirmed
2020-06-08,71.31400299072266,72.44999694824219,71.2239990234375,72.4020004272461,71.71954345703125,33878000,Yahoo Finance,GOOGL,2026-09-18T13:25:36+08:00,confirmed
2020-06-09,72.26200103759766,73.38999938964844,72.11799621582031,72.60399627685547,71.91962432861328,33624000,Yahoo Finance,GOOGL,2026-09-18T13:25:36+08:00,confirmed
2020-06-10,73.07550048828125,73.63849639892578,72.71800231933594,73.23500061035156,72.54469299316406,31762000,Yahoo Finance,GOOGL,2026-09-18T13:25:36+08:00,confirmed
2020-06-11,72.05149841308594,72.58000183105469,69.92050170898438,70.09500122070312,69.43428802490234,47144000,Yahoo Finance,GOOGL,2026-09-18T13:25:36+08:00,confirmed
2020-06-12,71.29299926757812,71.72550201416016,69.29000091552734,70.64600372314453,69.9801025390625,36676000,Yahoo Finance,GOOGL,2026-09-18T13:25:36+08:00,confirmed
2020-06-15,69.47450256347656,71.25,69.36000061035156,71.03700256347656,70.3674087524414,30468000,Yahoo Finance,GOOGL,2026-09-18T13:25:36+08:00,confirmed
2020-06-16,72.44999694824219,72.8584976196289,71.44950103759766,72.32350158691406,71.64176940917969,30648000,Yahoo Finance,GOOGL,2026-09-18T13:25:36+08:00,confirmed
2020-06-17,72.64700317382812,73.11000061035156,71.75650024414062,72.62699890136719,71.94242858886719,30610000,Yahoo Finance,GOOGL,2026-09-18T13:25:36+08:00,confirmed
2020-06-18,72.49250030517578,72.64849853515625,71.31199645996094,71.70600128173828,71.03009796142578,34862000,Yahoo Finance,GOOGL,2026-09-18T13:25:36+08:00,confirmed
2020-06-19,72.0,72.2249984741211,70.94999694824219,71.23200225830078,70.5605697631836,52784000,Yahoo Finance,GOOGL,2026-09-18T13:25:36+08:00,confirmed
2020-06-22,71.25050354003906,72.54750061035156,70.95950317382812,72.53299713134766,71.84930419921875,29442000,Yahoo Finance,GOOGL,2026-09-18T13:25:36+08:00,confirmed
2020-06-23,72.5999984741211,73.76000213623047,72.25,73.1989974975586,72.50901794433594,37752000,Yahoo Finance,GOOGL,2026-09-18T13:25:36+08:00,confirmed
2020-06-24,73.16400146484375,73.78949737548828,71.5,71.63500213623047,70.95977783203125,31592000,Yahoo Finance,GOOGL,2026-09-18T13:25:36+08:00,confirmed
2020-06-25,71.56099700927734,72.11599731445312,70.97699737548828,72.05500030517578,71.37582397460938,23958000,Yahoo Finance,GOOGL,2026-09-18T13:25:36+08:00,confirmed
2020-06-26,71.63150024414062,71.85099792480469,67.75,68.12699890136719,67.4848403930664,97640000,Yahoo Finance,GOOGL,2026-09-18T13:25:36+08:00,confirmed
2020-06-29,68.01699829101562,69.9000015258789,67.5824966430664,69.8584976196289,69.20001220703125,45074000,Yahoo Finance,GOOGL,2026-09-18T13:25:36+08:00,confirmed
2020-06-30,69.84400177001953,71.19999694824219,69.34649658203125,70.90249633789062,70.23416900634766,40286000,Yahoo Finance,GOOGL,2026-09-18T13:25:36+08:00,confirmed
2020-07-01,70.95850372314453,72.42400360107422,70.70899963378906,72.0999984741211,71.4203872680664,42182000,Yahoo Finance,GOOGL,2026-09-18T13:25:36+08:00,confirmed
2020-07-02,72.59200286865234,74.4260025024414,72.55349731445312,73.49649810791016,72.80372619628906,57218000,Yahoo Finance,GOOGL,2026-09-18T13:25:36+08:00,confirmed
2020-07-06,74.40750122070312,75.5,73.8489990234375,74.98249816894531,74.27571868896484,44712000,Yahoo Finance,GOOGL,2026-09-18T13:25:36+08:00,confirmed
2020-07-07,74.80650329589844,76.06600189208984,74.48500061035156,74.49600219726562,73.79381561279297,42364000,Yahoo Finance,GOOGL,2026-09-18T13:25:36+08:00,confirmed
2020-07-08,75.04000091552734,75.55850219726562,74.61499786376953,75.18000030517578,74.47135925292969,31766000,Yahoo Finance,GOOGL,2026-09-18T13:25:36+08:00,confirmed
2020-07-09,75.49649810791016,76.45700073242188,74.77950286865234,75.93299865722656,75.21724700927734,41836000,Yahoo Finance,GOOGL,2026-09-18T13:25:36+08:00,confirmed
2020-07-10,75.6624984741211,77.06700134277344,75.03600311279297,76.95050048828125,76.22515106201172,35918000,Yahoo Finance,GOOGL,2026-09-18T13:25:36+08:00,confirmed
2020-07-13,77.49700164794922,78.81800079345703,75.3280029296875,75.61150360107422,74.8987808227539,42954000,Yahoo Finance,GOOGL,2026-09-18T13:25:36+08:00,confirmed
2020-07-14,74.6395034790039,76.13999938964844,74.29650115966797,76.04299926757812,75.32621765136719,38108000,Yahoo Finance,GOOGL,2026-09-18T13:25:36+08:00,confirmed
2020-07-15,76.1614990234375,76.81649780273438,74.8915023803711,75.84400177001953,75.12909698486328,31026000,Yahoo Finance,GOOGL,2026-09-18T13:25:36+08:00,confirmed
2020-07-16,75.07499694824219,75.79550170898438,74.41349792480469,75.74600219726562,75.03202056884766,26484000,Yahoo Finance,GOOGL,2026-09-18T13:25:36+08:00,confirmed
2020-07-17,75.84549713134766,76.17150115966797,74.90499877929688,75.84249877929688,75.12760925292969,34264000,Yahoo Finance,GOOGL,2026-09-18T13:25:36+08:00,confirmed
2020-07-20,75.75,78.45050048828125,75.13500213623047,78.19200134277344,77.45496368408203,30166000,Yahoo Finance,GOOGL,2026-09-18T13:25:36+08:00,confirmed
2020-07-21,79.25150299072266,79.35250091552734,77.63099670410156,77.7959976196289,77.06269073486328,27486000,Yahoo Finance,GOOGL,2026-09-18T13:25:36+08:00,confirmed
2020-07-22,77.7854995727539,78.3489990234375,77.1614990234375,78.24250030517578,77.5049819946289,24482000,Yahoo Finance,GOOGL,2026-09-18T13:25:36+08:00,confirmed
2020-07-23,78.29650115966797,78.51750183105469,75.42949676513672,75.8375015258789,75.12265014648438,33910000,Yahoo Finance,GOOGL,2026-09-18T13:25:36+08:00,confirmed
2020-07-24,74.95950317382812,75.77149963378906,74.37950134277344,75.4104995727539,74.6996841430664,29902000,Yahoo Finance,GOOGL,2026-09-18T13:25:36+08:00,confirmed
2020-07-27,75.66300201416016,76.87799835205078,75.61650085449219,76.47149658203125,75.75067138671875,27124000,Yahoo Finance,GOOGL,2026-09-18T13:25:36+08:00,confirmed
2020-07-28,76.25,76.30049896240234,75.0260009765625,75.18250274658203,74.47382354736328,30910000,Yahoo Finance,GOOGL,2026-09-18T13:25:36+08:00,confirmed
2020-07-29,75.25,76.66649627685547,75.15049743652344,76.17549896240234,75.45746612548828,22676000,Yahoo Finance,GOOGL,2026-09-18T13:25:36+08:00,confirmed
2020-07-30,74.89849853515625,77.04450225830078,74.75849914550781,76.91850280761719,76.19346618652344,36042000,Yahoo Finance,GOOGL,2026-09-18T13:25:36+08:00,confirmed
2020-07-31,74.85250091552734,75.2509994506836,72.69999694824219,74.39749908447266,73.69622802734375,91468000,Yahoo Finance,GOOGL,2026-09-18T13:25:36+08:00,confirmed
2020-08-03,74.55000305175781,74.8864974975586,73.58599853515625,74.13800048828125,73.4391860961914,45482000,Yahoo Finance,GOOGL,2026-09-18T13:25:36+08:00,confirmed
2020-08-04,74.33550262451172,74.65550231933594,73.20149993896484,73.66500091552734,72.97063446044922,37212000,Yahoo Finance,GOOGL,2026-09-18T13:25:36+08:00,confirmed
2020-08-05,73.84100341796875,74.5,73.56099700927734,73.95449829101562,73.25740814208984,29134000,Yahoo Finance,GOOGL,2026-09-18T13:25:36+08:00,confirmed
2020-08-06,73.80750274658203,75.3134994506836,73.59500122070312,75.24749755859375,74.53820037841797,33306000,Yahoo Finance,GOOGL,2026-09-18T13:25:36+08:00,confirmed
2020-08-07,75.4520034790039,76.00450134277344,74.3134994506836,74.91850280761719,74.21232604980469,27718000,Yahoo Finance,GOOGL,2026-09-18T13:25:36+08:00,confirmed
2020-08-10,74.54000091552734,75.35749816894531,73.87449645996094,74.84100341796875,74.13553619384766,20546000,Yahoo Finance,GOOGL,2026-09-18T13:25:36+08:00,confirmed
2020-08-11,74.69999694824219,75.52200317382812,73.90950012207031,74.0270004272461,73.3292236328125,31098000,Yahoo Finance,GOOGL,2026-09-18T13:25:36+08:00,confirmed
2020-08-12,74.35600280761719,75.58350372314453,74.25,75.36199951171875,74.6516342163086,22512000,Yahoo Finance,GOOGL,2026-09-18T13:25:36+08:00,confirmed
2020-08-13,75.4104995727539,76.84850311279297,75.4104995727539,75.8324966430664,75.11770629882812,22388000,Yahoo Finance,GOOGL,2026-09-18T13:25:36+08:00,confirmed
2020-08-14,75.68049621582031,75.989501953125,74.94999694824219,75.23149871826172,74.52238464355469,21942000,Yahoo Finance,GOOGL,2026-09-18T13:25:36+08:00,confirmed
2020-08-17,75.79850006103516,76.18900299072266,75.25,75.81199645996094,75.09739685058594,19990000,Yahoo Finance,GOOGL,2026-09-18T13:25:36+08:00,confirmed
2020-08-18,76.30599975585938,77.86849975585938,76.08350372314453,77.78900146484375,77.0557632446289,28378000,Yahoo Finance,GOOGL,2026-09-18T13:25:36+08:00,confirmed
2020-08-19,77.62449645996094,78.44300079345703,77.0,77.23049926757812,76.50252532958984,30472000,Yahoo Finance,GOOGL,2026-09-18T13:25:36+08:00,confirmed
2020-08-20,76.99849700927734,79.00849914550781,76.7229995727539,78.8125,78.06962585449219,26382000,Yahoo Finance,GOOGL,2026-09-18T13:25:36+08:00,confirmed
2020-08-21,78.58999633789062,79.59400177001953,78.1155014038086,78.77850341796875,78.03594207763672,34838000,Yahoo Finance,GOOGL,2026-09-18T13:25:36+08:00,confirmed
2020-08-24,79.62349700927734,80.43900299072266,78.75199890136719,79.25749969482422,78.51042175292969,25638000,Yahoo Finance,GOOGL,2026-09-18T13:25:36+08:00,confirmed
2020-08-25,79.00499725341797,80.44400024414062,78.89399719238281,80.2925033569336,79.5356674194336,25150000,Yahoo Finance,GOOGL,2026-09-18T13:25:36+08:00,confirmed
2020-08-26,80.31500244140625,82.6395034790039,80.04900360107422,82.20649719238281,81.4316177368164,52188000,Yahoo Finance,GOOGL,2026-09-18T13:25:36+08:00,confirmed
2020-08-27,82.33049774169922,82.39949798583984,80.94049835205078,81.4260025024414,80.6584701538086,31350000,Yahoo Finance,GOOGL,2026-09-18T13:25:36+08:00,confirmed
2020-08-28,81.47350311279297,82.06749725341797,81.28050231933594,81.97149658203125,81.1988296508789,22418000,Yahoo Finance,GOOGL,2026-09-18T13:25:36+08:00,confirmed
2020-08-31,82.17849731445312,82.2249984741211,81.2665023803711,81.47650146484375,80.70850372314453,26422000,Yahoo Finance,GOOGL,2026-09-18T13:25:36+08:00,confirmed
2020-09-01,81.60800170898438,82.96099853515625,81.47650146484375,82.75399780273438,81.97396087646484,22652000,Yahoo Finance,GOOGL,2026-09-18T13:25:36+08:00,confirmed
2020-09-02,83.40049743652344,86.30500030517578,83.0094985961914,85.86949920654297,85.06010437011719,49522000,Yahoo Finance,GOOGL,2026-09-18T13:25:36+08:00,confirmed
2020-09-03,84.97599792480469,85.0,80.385498046875,81.47550201416016,80.70751190185547,63726000,Yahoo Finance,GOOGL,2026-09-18T13:25:36+08:00,confirmed
2020-09-04,80.44999694824219,81.74949645996094,76.89849853515625,79.06050109863281,78.31527709960938,55850000,Yahoo Finance,GOOGL,2026-09-18T13:25:36+08:00,confirmed
2020-09-08,76.25,77.77749633789062,75.82499694824219,76.18000030517578,75.46192932128906,54032000,Yahoo Finance,GOOGL,2026-09-18T13:25:36+08:00,confirmed
2020-09-09,77.44499969482422,77.93599700927734,76.25849914550781,77.36150360107422,76.6323013305664,39242000,Yahoo Finance,GOOGL,2026-09-18T13:25:36+08:00,confirmed
2020-09-10,77.50900268554688,78.68299865722656,76.0,76.30249786376953,75.58326721191406,33024000,Yahoo Finance,GOOGL,2026-09-18T13:25:36+08:00,confirmed
2020-09-11,76.40750122070312,76.93499755859375,74.6510009765625,75.78800201416016,75.07362365722656,30706000,Yahoo Finance,GOOGL,2026-09-18T13:25:36+08:00,confirmed
2020-09-14,76.5824966430664,77.8499984741211,75.25550079345703,75.44149780273438,74.73037719726562,42660000,Yahoo Finance,GOOGL,2026-09-18T13:25:36+08:00,confirmed
2020-09-15,76.39450073242188,77.54949951171875,76.1050033569336,76.75599670410156,76.03248596191406,23042000,Yahoo Finance,GOOGL,2026-09-18T13:25:36+08:00,confirmed
2020-09-16,77.1240005493164,77.71849822998047,75.57949829101562,75.60449981689453,74.89186096191406,22128000,Yahoo Finance,GOOGL,2026-09-18T13:25:36+08:00,confirmed
2020-09-17,74.29049682617188,74.93299865722656,73.12300109863281,74.35199737548828,73.65116882324219,40008000,Yahoo Finance,GOOGL,2026-09-18T13:25:36+08:00,confirmed
2020-09-18,74.41500091552734,74.76000213623047,71.58100128173828,72.55449676513672,71.87059020996094,63056000,Yahoo Finance,GOOGL,2026-09-18T13:25:36+08:00,confirmed
2020-09-21,71.58100128173828,72.00299835205078,70.13400268554688,71.50700378417969,70.8329849243164,56908000,Yahoo Finance,GOOGL,2026-09-18T13:25:36+08:00,confirmed
2020-09-22,72.51599884033203,73.19850158691406,71.4749984741211,72.99099731445312,72.302978515625,33950000,Yahoo Finance,GOOGL,2026-09-18T13:25:36+08:00,confirmed
2020-09-23,72.60449981689453,72.65399932861328,70.13400268554688,70.46949768066406,69.80525207519531,37726000,Yahoo Finance,GOOGL,2026-09-18T13:25:36+08:00,confirmed
2020-09-24,70.13400268554688,71.89949798583984,70.10749816894531,71.14299774169922,70.47240447998047,34552000,Yahoo Finance,GOOGL,2026-09-18T13:25:36+08:00,confirmed
2020-09-25,71.25250244140625,72.2969970703125,70.38400268554688,71.9530029296875,71.27477264404297,30326000,Yahoo Finance,GOOGL,2026-09-18T13:25:36+08:00,confirmed
2020-09-28,73.59950256347656,73.64949798583984,72.31400299072266,72.93299865722656,72.24552154541016,30784000,Yahoo Finance,GOOGL,2026-09-18T13:25:36+08:00,confirmed
2020-09-29,73.19550323486328,73.5999984741211,72.69999694824219,73.3010025024414,72.61006927490234,31816000,Yahoo Finance,GOOGL,2026-09-18T13:25:36+08:00,confirmed
2020-09-30,73.0469970703125,74.30999755859375,72.78800201416016,73.27999877929688,72.58924865722656,40924000,Yahoo Finance,GOOGL,2026-09-18T13:25:36+08:00,confirmed
2020-10-01,74.18299865722656,74.75350189208984,73.83999633789062,74.3949966430664,73.69374084472656,32884000,Yahoo Finance,GOOGL,2026-09-18T13:25:36+08:00,confirmed
2020-10-02,72.98149871826172,73.95149993896484,72.36750030517578,72.77999877929688,72.0939712524414,31222000,Yahoo Finance,GOOGL,2026-09-18T13:25:36+08:00,confirmed
2020-10-05,73.13249969482422,74.23500061035156,73.00450134277344,74.1415023803711,73.4426498413086,21602000,Yahoo Finance,GOOGL,2026-09-18T13:25:36+08:00,confirmed
2020-10-06,73.7750015258789,74.22599792480469,72.25050354003906,72.5510025024414,71.86713409423828,26096000,Yahoo Finance,GOOGL,2026-09-18T13:25:36+08:00,confirmed
2020-10-07,72.96549987792969,73.44850158691406,71.6614990234375,72.95700073242188,72.2693099975586,36108000,Yahoo Finance,GOOGL,2026-09-18T13:25:36+08:00,confirmed
2020-10-08,73.27249908447266,74.40149688720703,73.27249908447266,74.17150115966797,73.47237396240234,26076000,Yahoo Finance,GOOGL,2026-09-18T13:25:36+08:00,confirmed
2020-10-09,74.64299774169922,75.59249877929688,74.3499984741211,75.52249908447266,74.81062316894531,32966000,Yahoo Finance,GOOGL,2026-09-18T13:25:36+08:00,confirmed
2020-10-12,76.9000015258789,79.4209976196289,76.46499633789062,78.22949981689453,77.49209594726562,55344000,Yahoo Finance,GOOGL,2026-09-18T13:25:36+08:00,confirmed
2020-10-13,78.85050201416016,79.25800323486328,77.93150329589844,78.35350036621094,77.61495208740234,39072000,Yahoo Finance,GOOGL,2026-09-18T13:25:36+08:00,confirmed
2020-10-14,78.7300033569336,79.19249725341797,77.29499816894531,78.1719970703125,77.43514251708984,33174000,Yahoo Finance,GOOGL,2026-09-18T13:25:36+08:00,confirmed
2020-10-15,77.2249984741211,78.56999969482422,77.05650329589844,77.77349853515625,77.0404052734375,31210000,Yahoo Finance,GOOGL,2026-09-18T13:25:36+08:00,confirmed
2020-10-16,78.09149932861328,78.885498046875,77.88300323486328,78.38500213623047,77.6461410522461,34194000,Yahoo Finance,GOOGL,2026-09-18T13:25:36+08:00,confirmed
2020-10-19,78.79650115966797,79.19650268554688,76.14600372314453,76.49749755859375,75.77643585205078,29734000,Yahoo Finance,GOOGL,2026-09-18T13:25:36+08:00,confirmed
2020-10-20,76.15550231933594,78.69200134277344,76.0250015258789,77.55400085449219,76.82298278808594,41670000,Yahoo Finance,GOOGL,2026-09-18T13:25:36+08:00,confirmed
2020-10-21,78.49250030517578,80.75700378417969,78.35700225830078,79.29949951171875,78.5520248413086,60322000,Yahoo Finance,GOOGL,2026-09-18T13:25:36+08:00,confirmed
2020-10-22,79.25,80.6709976196289,78.8740005493164,80.33300018310547,79.5757827758789,30512000,Yahoo Finance,GOOGL,2026-09-18T13:25:36+08:00,confirmed
2020-10-23,80.75250244140625,81.70600128173828,80.59549713134766,81.64900207519531,80.87938690185547,30548000,Yahoo Finance,GOOGL,2026-09-18T13:25:36+08:00,confirmed
2020-10-26,80.75,81.47899627685547,78.38899993896484,79.2145004272461,78.46781921386719,35826000,Yahoo Finance,GOOGL,2026-09-18T13:25:36+08:00,confirmed
2020-10-27,79.44650268554688,80.0999984741211,78.84950256347656,79.94400024414062,79.1904525756836,25902000,Yahoo Finance,GOOGL,2026-09-18T13:25:36+08:00,confirmed
2020-10-28,77.50050354003906,77.69049835205078,75.42400360107422,75.54000091552734,74.82796478271484,45174000,Yahoo Finance,GOOGL,2026-09-18T13:25:36+08:00,confirmed
2020-10-29,75.85099792480469,79.43699645996094,75.82749938964844,77.84400177001953,77.11023712158203,55406000,Yahoo Finance,GOOGL,2026-09-18T13:25:36+08:00,confirmed
2020-10-30,83.37200164794922,84.06600189208984,80.07849884033203,80.80549621582031,80.0438232421875,99878000,Yahoo Finance,GOOGL,2026-09-18T13:25:36+08:00,confirmed
2020-11-02,81.177001953125,82.91200256347656,80.71199798583984,81.21600341796875,80.45046997070312,44228000,Yahoo Finance,GOOGL,2026-09-18T13:25:36+08:00,confirmed
2020-11-03,81.53800201416016,82.94999694824219,80.60549926757812,82.28299713134766,81.50740814208984,31432000,Yahoo Finance,GOOGL,2026-09-18T13:25:36+08:00,confirmed
2020-11-04,85.27899932861328,88.50150299072266,85.1500015258789,87.2925033569336,86.46968078613281,71342000,Yahoo Finance,GOOGL,2026-09-18T13:25:36+08:00,confirmed
2020-11-05,88.52249908447266,89.59100341796875,87.05149841308594,88.125,87.29432678222656,39758000,Yahoo Finance,GOOGL,2026-09-18T13:25:36+08:00,confirmed
2020-11-06,87.56700134277344,88.42500305175781,86.83399963378906,87.98650360107422,87.15715026855469,28622000,Yahoo Finance,GOOGL,2026-09-18T13:25:36+08:00,confirmed
2020-11-09,89.79900360107422,90.84449768066406,87.87750244140625,88.07099914550781,87.24085998535156,53440000,Yahoo Finance,GOOGL,2026-09-18T13:25:36+08:00,confirmed
2020-11-10,86.4885025024414,87.96900177001953,85.80599975585938,86.88600158691406,86.0670166015625,43022000,Yahoo Finance,GOOGL,2026-09-18T13:25:36+08:00,confirmed
2020-11-11,87.41999816894531,88.1449966430664,87.15299987792969,87.36150360107422,86.53802490234375,31838000,Yahoo Finance,GOOGL,2026-09-18T13:25:36+08:00,confirmed
2020-11-12,87.0999984741211,88.2490005493164,86.89849853515625,87.14099884033203,86.3196029663086,26474000,Yahoo Finance,GOOGL,2026-09-18T13:25:36+08:00,confirmed
2020-11-13,87.4000015258789,88.85649871826172,86.79900360107422,88.61299896240234,87.7777328491211,29744000,Yahoo Finance,GOOGL,2026-09-18T13:25:36+08:00,confirmed
2020-11-16,88.20700073242188,89.71700286865234,88.06649780273438,88.70149993896484,87.86540222167969,25468000,Yahoo Finance,GOOGL,2026-09-18T13:25:36+08:00,confirmed
2020-11-17,88.39299774169922,88.85700225830078,87.97450256347656,88.08300018310547,87.25273132324219,21314000,Yahoo Finance,GOOGL,2026-09-18T13:25:36+08:00,confirmed
2020-11-18,87.83200073242188,88.25,86.92849731445312,87.03199768066406,86.21163177490234,20108000,Yahoo Finance,GOOGL,2026-09-18T13:25:36+08:00,confirmed
2020-11-19,86.6614990234375,88.17449951171875,86.5009994506836,87.92849731445312,87.09967803955078,20106000,Yahoo Finance,GOOGL,2026-09-18T13:25:36+08:00,confirmed
2020-11-20,88.0999984741211,88.41799926757812,86.75,86.81900024414062,86.00064086914062,27694000,Yahoo Finance,GOOGL,2026-09-18T13:25:36+08:00,confirmed
2020-11-23,87.01100158691406,87.29949951171875,85.50900268554688,86.37799835205078,85.56378936767578,22530000,Yahoo Finance,GOOGL,2026-09-18T13:25:36+08:00,confirmed
2020-11-24,86.375,88.3239974975586,86.0364990234375,88.19499969482422,87.36366271972656,27984000,Yahoo Finance,GOOGL,2026-09-18T13:25:36+08:00,confirmed
2020-11-25,88.3905029296875,88.51899719238281,87.41799926757812,88.20649719238281,87.37506866455078,19600000,Yahoo Finance,GOOGL,2026-09-18T13:25:36+08:00,confirmed
2020-11-27,88.22699737548828,89.85050201416016,88.22699737548828,89.35099792480469,88.5087890625,14790000,Yahoo Finance,GOOGL,2026-09-18T13:25:36+08:00,confirmed
2020-11-30,88.78250122070312,89.01699829101562,87.39199829101562,87.72000122070312,86.89315032958984,32418000,Yahoo Finance,GOOGL,2026-09-18T13:25:36+08:00,confirmed
2020-12-01,88.33300018310547,91.08599853515625,88.15149688720703,89.76799774169922,88.9218521118164,37350000,Yahoo Finance,GOOGL,2026-09-18T13:25:36+08:00,confirmed
2020-12-02,89.76799774169922,91.63700103759766,89.25849914550781,91.24849700927734,90.38839721679688,29424000,Yahoo Finance,GOOGL,2026-09-18T13:25:36+08:00,confirmed
2020-12-03,91.0270004272461,92.19149780273438,90.8499984741211,91.09200286865234,90.23336791992188,24728000,Yahoo Finance,GOOGL,2026-09-18T13:25:36+08:00,confirmed
2020-12-04,91.01100158691406,91.4749984741211,90.67949676513672,91.18800354003906,90.32847595214844,20544000,Yahoo Finance,GOOGL,2026-09-18T13:25:36+08:00,confirmed
2020-12-07,90.77749633789062,91.4645004272461,90.1520004272461,90.85150146484375,89.99512481689453,22288000,Yahoo Finance,GOOGL,2026-09-18T13:25:36+08:00,confirmed
2020-12-08,90.4260025024414,90.79850006103516,89.56400299072266,90.56649780273438,89.71280670166016,19936000,Yahoo Finance,GOOGL,2026-09-18T13:25:36+08:00,confirmed
2020-12-09,90.51799774169922,91.41850280761719,88.0999984741211,88.89299774169922,88.05509948730469,31728000,Yahoo Finance,GOOGL,2026-09-18T13:25:36+08:00,confirmed
2020-12-10,88.12999725341797,88.74949645996094,86.67649841308594,88.38249969482422,87.54940032958984,28688000,Yahoo Finance,GOOGL,2026-09-18T13:25:36+08:00,confirmed
2020-12-11,88.0,88.8655014038086,87.63700103759766,88.73999786376953,87.9035415649414,18628000,Yahoo Finance,GOOGL,2026-09-18T13:25:36+08:00,confirmed
2020-12-14,88.53600311279297,89.48999786376953,87.45649719238281,87.61299896240234,86.78716278076172,33050000,Yahoo Finance,GOOGL,2026-09-18T13:25:36+08:00,confirmed
2020-12-15,87.99299621582031,88.19999694824219,87.08350372314453,88.05400085449219,87.2239990234375,21352000,Yahoo Finance,GOOGL,2026-09-18T13:25:36+08:00,confirmed
2020-12-16,88.45549774169922,88.45549774169922,87.4530029296875,87.8594970703125,87.03131866455078,24676000,Yahoo Finance,GOOGL,2026-09-18T13:25:36+08:00,confirmed
2020-12-17,88.19650268554688,88.33550262451172,86.55750274658203,87.02549743652344,86.2052001953125,34880000,Yahoo Finance,GOOGL,2026-09-18T13:25:36+08:00,confirmed
2020-12-18,87.30850219726562,87.41799926757812,85.75,86.31099700927734,85.49742126464844,85256000,Yahoo Finance,GOOGL,2026-09-18T13:25:36+08:00,confirmed
2020-12-21,85.45649719238281,86.8499984741211,84.69999694824219,86.72799682617188,85.91049194335938,33974000,Yahoo Finance,GOOGL,2026-09-18T13:25:36+08:00,confirmed
2020-12-22,86.46649932861328,86.63050079345703,85.28900146484375,86.01100158691406,85.20027160644531,20370000,Yahoo Finance,GOOGL,2026-09-18T13:25:36+08:00,confirmed
2020-12-23,86.19650268554688,87.20549774169922,86.05999755859375,86.4114990234375,85.59698486328125,22974000,Yahoo Finance,GOOGL,2026-09-18T13:25:36+08:00,confirmed
2020-12-24,86.44999694824219,87.12049865722656,86.21749877929688,86.70800018310547,85.89069366455078,9312000,Yahoo Finance,GOOGL,2026-09-18T13:25:36+08:00,confirmed
2020-12-28,87.24549865722656,89.3499984741211,87.09100341796875,88.697998046875,87.86192321777344,27650000,Yahoo Finance,GOOGL,2026-09-18T13:25:36+08:00,confirmed
2020-12-29,89.36150360107422,89.42350006103516,87.75550079345703,87.88800048828125,87.05955505371094,19726000,Yahoo Finance,GOOGL,2026-09-18T13:25:36+08:00,confirmed
2020-12-30,88.25,88.38800048828125,86.4000015258789,86.8125,85.99420166015625,21026000,Yahoo Finance,GOOGL,2026-09-18T13:25:36+08:00,confirmed
2020-12-31,86.8635025024414,87.875,86.80449676513672,87.63200378417969,86.80598449707031,21070000,Yahoo Finance,GOOGL,2026-09-18T13:25:36+08:00,confirmed
2021-01-04,88.0,88.12449645996094,85.35700225830078,86.30650329589844,85.49298095703125,37324000,Yahoo Finance,GOOGL,2026-09-18T13:25:36+08:00,confirmed
2021-01-05,86.25450134277344,87.34149932861328,85.84500122070312,87.00250244140625,86.18241882324219,20360000,Yahoo Finance,GOOGL,2026-09-18T13:25:36+08:00,confirmed
2021-01-06,85.01300048828125,87.19850158691406,84.80500030517578,86.14399719238281,85.33200073242188,46588000,Yahoo Finance,GOOGL,2026-09-18T13:25:36+08:00,confirmed
2021-01-07,86.33799743652344,88.89099884033203,86.33799743652344,88.71700286865234,87.8807601928711,41936000,Yahoo Finance,GOOGL,2026-09-18T13:25:36+08:00,confirmed
2021-01-08,88.85800170898438,89.96800231933594,88.06099700927734,89.8915023803711,89.04418182373047,35484000,Yahoo Finance,GOOGL,2026-09-18T13:25:36+08:00,confirmed
2021-01-11,88.85099792480469,89.21900177001953,87.60700225830078,87.81449890136719,86.98675537109375,34796000,Yahoo Finance,GOOGL,2026-09-18T13:25:36+08:00,confirmed
2021-01-12,87.26799774169922,88.3949966430664,85.81900024414062,86.87149810791016,86.05264282226562,29528000,Yahoo Finance,GOOGL,2026-09-18T13:25:36+08:00,confirmed
2021-01-13,86.36599731445312,87.81950378417969,86.36599731445312,87.36250305175781,86.53902435302734,23432000,Yahoo Finance,GOOGL,2026-09-18T13:25:36+08:00,confirmed
2021-01-14,87.44349670410156,88.37750244140625,86.30349731445312,86.5459976196289,85.73020935058594,29212000,Yahoo Finance,GOOGL,2026-09-18T13:25:36+08:00,confirmed
2021-01-15,86.45099639892578,87.38099670410156,85.58550262451172,86.38099670410156,85.5667724609375,31444000,Yahoo Finance,GOOGL,2026-09-18T13:25:36+08:00,confirmed
2021-01-19,87.1500015258789,90.19200134277344,86.6415023803711,89.22350311279297,88.38248443603516,41660000,Yahoo Finance,GOOGL,2026-09-18T13:25:36+08:00,confirmed
2021-01-20,91.31849670410156,94.98600006103516,90.97550201416016,94.00350189208984,93.11742401123047,64152000,Yahoo Finance,GOOGL,2026-09-18T13:25:36+08:00,confirmed
2021-01-21,94.68250274658203,96.60399627685547,93.97049713134766,94.2074966430664,93.31949615478516,58634000,Yahoo Finance,GOOGL,2026-09-18T13:25:36+08:00,confirmed
2021-01-22,94.572998046875,95.21949768066406,93.82499694824219,94.62799835205078,93.73604583740234,32744000,Yahoo Finance,GOOGL,2026-09-18T13:25:36+08:00,confirmed
2021-01-25,95.63700103759766,96.09100341796875,92.95800018310547,94.71399688720703,93.82122802734375,50586000,Yahoo Finance,GOOGL,2026-09-18T13:25:36+08:00,confirmed
2021-01-26,94.29949951171875,95.7874984741211,93.80650329589844,95.39749908447266,94.49828338623047,31462000,Yahoo Finance,GOOGL,2026-09-18T13:25:36+08:00,confirmed
2021-01-27,93.74549865722656,94.02349853515625,89.86399841308594,90.9469985961914,90.0897445678711,82512000,Yahoo Finance,GOOGL,2026-09-18T13:25:36+08:00,confirmed
2021-01-28,91.55000305175781,94.39949798583984,91.55000305175781,92.66000366210938,91.78658294677734,55278000,Yahoo Finance,GOOGL,2026-09-18T13:25:36+08:00,confirmed
2021-01-29,91.70099639892578,92.37699890136719,90.0780029296875,91.36799621582031,90.50675964355469,44530000,Yahoo Finance,GOOGL,2026-09-18T13:25:36+08:00,confirmed
2021-02-01,92.22949981689453,95.7770004272461,92.22949981689453,94.65350341796875,93.76130676269531,40252000,Yahoo Finance,GOOGL,2026-09-18T13:25:36+08:00,confirmed
2021-02-02,95.65650177001953,97.46849822998047,95.31849670410156,95.95600128173828,95.05152130126953,66332000,Yahoo Finance,GOOGL,2026-09-18T13:25:36+08:00,confirmed
2021-02-03,103.28050231933594,105.33100128173828,100.67749786376953,102.94400024414062,101.97366333007812,97882000,Yahoo Finance,GOOGL,2026-09-18T13:25:36+08:00,confirmed
2021-02-04,103.03099822998047,103.46499633789062,101.75499725341797,102.68150329589844,101.713623046875,48596000,Yahoo Finance,GOOGL,2026-09-18T13:25:36+08:00,confirmed
2021-02-05,102.97799682617188,104.7969970703125,102.5,104.44149780273438,103.45702362060547,29866000,Yahoo Finance,GOOGL,2026-09-18T13:25:36+08:00,confirmed
2021-02-08,105.0,105.75,103.1675033569336,104.22599792480469,103.24356842041016,28828000,Yahoo Finance,GOOGL,2026-09-18T13:25:36+08:00,confirmed
2021-02-09,103.73999786376953,104.92549896240234,103.5,103.76950073242188,102.7913589477539,21892000,Yahoo Finance,GOOGL,2026-09-18T13:25:36+08:00,confirmed
2021-02-10,104.15699768066406,104.94400024414062,102.61199951171875,104.3239974975586,103.34064483642578,25102000,Yahoo Finance,GOOGL,2026-09-18T13:25:36+08:00,confirmed
2021-02-11,104.55000305175781,104.69999694824219,103.44300079345703,104.4375,103.45306396484375,20480000,Yahoo Finance,GOOGL,2026-09-18T13:25:36+08:00,confirmed
2021-02-12,103.9885025024414,104.9749984741211,103.67849731445312,104.75150299072266,103.76410675048828,18990000,Yahoo Finance,GOOGL,2026-09-18T13:25:36+08:00,confirmed
2021-02-16,104.5875015258789,107.25700378417969,104.5875015258789,105.53500366210938,104.54023742675781,31004000,Yahoo Finance,GOOGL,2026-09-18T13:25:36+08:00,confirmed
2021-02-17,104.6989974975586,106.12200164794922,104.4175033569336,105.93099975585938,104.9324951171875,20294000,Yahoo Finance,GOOGL,2026-09-18T13:25:36+08:00,confirmed
2021-02-18,105.25,106.09950256347656,104.66649627685547,105.29049682617188,104.29804229736328,22546000,Yahoo Finance,GOOGL,2026-09-18T13:25:36+08:00,confirmed
2021-02-19,105.3895034790039,105.92900085449219,104.17150115966797,104.44049835205078,103.45603942871094,37938000,Yahoo Finance,GOOGL,2026-09-18T13:25:36+08:00,confirmed
2021-02-22,102.68000030517578,104.0165023803711,102.4000015258789,102.71299743652344,101.74482727050781,29466000,Yahoo Finance,GOOGL,2026-09-18T13:25:36+08:00,confirmed
2021-02-23,100.69950103759766,103.625,99.5114974975586,103.00599670410156,102.0350570678711,34658000,Yahoo Finance,GOOGL,2026-09-18T13:25:36+08:00,confirmed
2021-02-24,101.50199890136719,104.41600036621094,101.37650299072266,104.19049835205078,103.20840454101562,22608000,Yahoo Finance,GOOGL,2026-09-18T13:25:36+08:00,confirmed
2021-02-25,102.79650115966797,104.1500015258789,100.32450103759766,100.79750061035156,99.8473892211914,41548000,Yahoo Finance,GOOGL,2026-09-18T13:25:36+08:00,confirmed
2021-02-26,101.49749755859375,102.82599639892578,100.05049896240234,101.09549713134766,100.14256286621094,40042000,Yahoo Finance,GOOGL,2026-09-18T13:25:36+08:00,confirmed
2021-03-01,102.4000015258789,103.8115005493164,101.72100067138672,103.48300170898438,102.50758361816406,26060000,Yahoo Finance,GOOGL,2026-09-18T13:25:36+08:00,confirmed
2021-03-02,103.24199676513672,104.73699951171875,102.83350372314453,103.2239990234375,102.2509994506836,25564000,Yahoo Finance,GOOGL,2026-09-18T13:25:36+08:00,confirmed
2021-03-03,102.59750366210938,103.79949951171875,99.69999694824219,100.57050323486328,99.6225357055664,33892000,Yahoo Finance,GOOGL,2026-09-18T13:25:36+08:00,confirmed
2021-03-04,100.74349975585938,103.72949981689453,100.27149963378906,101.69650268554688,100.73790740966797,49216000,Yahoo Finance,GOOGL,2026-09-18T13:25:36+08:00,confirmed
2021-03-05,103.05750274658203,105.30999755859375,101.38899993896484,104.85350036621094,103.86514282226562,53100000,Yahoo Finance,GOOGL,2026-09-18T13:25:36+08:00,confirmed
2021-03-08,104.2030029296875,105.68699645996094,100.2594985961914,100.375,99.42886352539062,36868000,Yahoo Finance,GOOGL,2026-09-18T13:25:36+08:00,confirmed
2021-03-09,102.48750305175781,103.19599914550781,101.77999877929688,102.01799774169922,101.0563735961914,33920000,Yahoo Finance,GOOGL,2026-09-18T13:25:36+08:00,confirmed
2021-03-10,103.06999969482422,103.06999969482422,100.96649932861328,101.80950164794922,100.84984588623047,27100000,Yahoo Finance,GOOGL,2026-09-18T13:25:36+08:00,confirmed
2021-03-11,102.91100311279297,105.5634994506836,102.82250213623047,105.0270004272461,104.0370101928711,27702000,Yahoo Finance,GOOGL,2026-09-18T13:25:36+08:00,confirmed
2021-03-12,103.82050323486328,103.88050079345703,101.62100219726562,102.5,101.5338363647461,33818000,Yahoo Finance,GOOGL,2026-09-18T13:25:36+08:00,confirmed
2021-03-15,102.2490005493164,102.74949645996094,101.3895034790039,102.72200012207031,101.75374603271484,26168000,Yahoo Finance,GOOGL,2026-09-18T13:25:36+08:00,confirmed
2021-03-16,103.29949951171875,105.68399810791016,102.9645004272461,104.19450378417969,103.21236419677734,31900000,Yahoo Finance,GOOGL,2026-09-18T13:25:36+08:00,confirmed
2021-03-17,103.42350006103516,104.94999694824219,102.20600128173828,104.11100006103516,103.129638671875,26382000,Yahoo Finance,GOOGL,2026-09-18T13:25:36+08:00,confirmed
2021-03-18,102.40899658203125,103.4375,100.95899963378906,101.06700134277344,100.11434936523438,31700000,Yahoo Finance,GOOGL,2026-09-18T13:25:36+08:00,confirmed
2021-03-19,101.48650360107422,101.85199737548828,100.14649963378906,101.3479995727539,100.3927001953125,46072000,Yahoo Finance,GOOGL,2026-09-18T13:25:36+08:00,confirmed
2021-03-22,101.38150024414062,102.41699981689453,100.69999694824219,101.53450012207031,100.57744598388672,33536000,Yahoo Finance,GOOGL,2026-09-18T13:25:36+08:00,confirmed
2021-03-23,101.99749755859375,103.20549774169922,101.4000015258789,102.06649780273438,101.10442352294922,28510000,Yahoo Finance,GOOGL,2026-09-18T13:25:36+08:00,confirmed
2021-03-24,102.58799743652344,103.37999725341797,101.44999694824219,101.62650299072266,100.66857147216797,25218000,Yahoo Finance,GOOGL,2026-09-18T13:25:36+08:00,confirmed
2021-03-25,101.45249938964844,102.28199768066406,99.80449676513672,101.62300109863281,100.66509246826172,35616000,Yahoo Finance,GOOGL,2026-09-18T13:25:36+08:00,confirmed
2021-03-26,101.5895004272461,101.96949768066406,100.19249725341797,101.23650360107422,100.2822494506836,27978000,Yahoo Finance,GOOGL,2026-09-18T13:25:36+08:00,confirmed
2021-03-29,101.10800170898438,102.46050262451172,100.27249908447266,102.28949737548828,101.32530212402344,26492000,Yahoo Finance,GOOGL,2026-09-18T13:25:36+08:00,confirmed
2021-03-30,102.64900207519531,103.13349914550781,101.80750274658203,102.32350158691406,101.35900115966797,27312000,Yahoo Finance,GOOGL,2026-09-18T13:25:36+08:00,confirmed
2021-03-31,102.72000122070312,104.31300354003906,102.3499984741211,103.1259994506836,102.15392303466797,42570000,Yahoo Finance,GOOGL,2026-09-18T13:25:36+08:00,confirmed
2021-04-01,104.61250305175781,106.7874984741211,104.57150268554688,106.48899841308594,105.4852294921875,39880000,Yahoo Finance,GOOGL,2026-09-18T13:25:36+08:00,confirmed
2021-04-05,107.35749816894531,111.44950103759766,107.260498046875,110.947998046875,109.9021987915039,48510000,Yahoo Finance,GOOGL,2026-09-18T13:25:36+08:00,confirmed
2021-04-06,110.5459976196289,111.4000015258789,110.0895004272461,110.46299743652344,109.42176055908203,35240000,Yahoo Finance,GOOGL,2026-09-18T13:25:36+08:00,confirmed
2021-04-07,110.65499877929688,112.2249984741211,110.65499877929688,111.95149993896484,110.896240234375,24134000,Yahoo Finance,GOOGL,2026-09-18T13:25:36+08:00,confirmed
2021-04-08,113.19999694824219,113.5895004272461,112.15049743652344,112.52149963378906,111.46087646484375,28664000,Yahoo Finance,GOOGL,2026-09-18T13:25:36+08:00,confirmed
2021-04-09,112.27200317382812,113.69850158691406,111.86299896240234,113.53350067138672,112.46332550048828,26146000,Yahoo Finance,GOOGL,2026-09-18T13:25:36+08:00,confirmed
2021-04-12,112.70600128173828,112.84449768066406,111.39099884033203,112.23100280761719,111.17311096191406,25024000,Yahoo Finance,GOOGL,2026-09-18T13:25:36+08:00,confirmed
2021-04-13,112.54949951171875,113.17350006103516,112.15249633789062,112.72149658203125,111.65898132324219,25682000,Yahoo Finance,GOOGL,2026-09-18T13:25:36+08:00,confirmed
2021-04-14,113.37149810791016,113.37149810791016,111.8010025024414,112.09549713134766,111.03888702392578,21002000,Yahoo Finance,GOOGL,2026-09-18T13:25:36+08:00,confirmed
2021-04-15,113.09750366210938,114.80000305175781,112.55850219726562,114.26249694824219,113.18545532226562,29174000,Yahoo Finance,GOOGL,2026-09-18T13:25:36+08:00,confirmed
2021-04-16,114.46199798583984,114.71199798583984,113.5459976196289,114.13749694824219,113.0616455078125,26282000,Yahoo Finance,GOOGL,2026-09-18T13:25:36+08:00,confirmed
2021-04-19,113.50900268554688,115.20449829101562,113.50900268554688,114.48799896240234,113.4088363647461,30290000,Yahoo Finance,GOOGL,2026-09-18T13:25:36+08:00,confirmed
2021-04-20,114.87449645996094,114.94999694824219,112.85600280761719,113.95050048828125,112.87640380859375,22288000,Yahoo Finance,GOOGL,2026-09-18T13:25:36+08:00,confirmed
2021-04-21,113.60250091552734,114.0,112.24099731445312,113.9175033569336,112.84371948242188,23204000,Yahoo Finance,GOOGL,2026-09-18T13:25:36+08:00,confirmed
2021-04-22,113.7699966430664,114.44400024414062,112.01599884033203,112.6259994506836,111.56439208984375,24146000,Yahoo Finance,GOOGL,2026-09-18T13:25:36+08:00,confirmed
2021-04-23,113.3499984741211,115.30599975585938,113.0625,114.99649810791016,113.91255187988281,29066000,Yahoo Finance,GOOGL,2026-09-18T13:25:36+08:00,confirmed
2021-04-26,115.22599792480469,116.22650146484375,114.86599731445312,115.49649810791016,114.40782928466797,32038000,Yahoo Finance,GOOGL,2026-09-18T13:25:36+08:00,confirmed
2021-04-27,115.88150024414062,115.92250061035156,114.30799865722656,114.54900360107422,113.4692611694336,44386000,Yahoo Finance,GOOGL,2026-09-18T13:25:36+08:00,confirmed
2021-04-28,119.625,121.56900024414062,117.66100311279297,117.9520034790039,116.84017944335938,81106000,Yahoo Finance,GOOGL,2026-09-18T13:25:36+08:00,confirmed
2021-04-29,119.46150207519531,120.20800018310547,118.69249725341797,119.63800048828125,118.51029205322266,41234000,Yahoo Finance,GOOGL,2026-09-18T13:25:36+08:00,confirmed
2021-04-30,118.4010009765625,119.09249877929688,117.3280029296875,117.67500305175781,116.5657958984375,44856000,Yahoo Finance,GOOGL,2026-09-18T13:25:36+08:00,confirmed
2021-05-03,118.24549865722656,119.07749938964844,116.7750015258789,117.15399932861328,116.0497055053711,28242000,Yahoo Finance,GOOGL,2026-09-18T13:25:36+08:00,confirmed
2021-05-04,115.67749786376953,116.24949645996094,112.83399963378906,115.34149932861328,114.25428771972656,44818000,Yahoo Finance,GOOGL,2026-09-18T13:25:36+08:00,confirmed
2021-05-05,116.43150329589844,116.75,115.41400146484375,115.7385025024414,114.64754486083984,26636000,Yahoo Finance,GOOGL,2026-09-18T13:25:36+08:00,confirmed
2021-05-06,115.31649780273438,116.86750030517578,114.6520004272461,116.86750030517578,115.76589965820312,25190000,Yahoo Finance,GOOGL,2026-09-18T13:25:36+08:00,confirmed
2021-05-07,118.19450378417969,118.5625,117.30799865722656,117.59649658203125,116.48802947998047,28898000,Yahoo Finance,GOOGL,2026-09-18T13:25:36+08:00,confirmed
2021-05-10,116.40699768066406,116.55000305175781,114.22699737548828,114.5875015258789,113.50740051269531,30914000,Yahoo Finance,GOOGL,2026-09-18T13:25:36+08:00,confirmed
2021-05-11,112.15350341796875,114.01399993896484,111.69599914550781,113.50299835205078,112.43312072753906,34186000,Yahoo Finance,GOOGL,2026-09-18T13:25:36+08:00,confirmed
2021-05-12,111.30950164794922,112.39900207519531,109.68099975585938,110.01249694824219,108.97551727294922,46376000,Yahoo Finance,GOOGL,2026-09-18T13:25:36+08:00,confirmed
2021-05-13,111.30599975585938,111.97200012207031,110.33599853515625,111.4520034790039,110.40145874023438,33204000,Yahoo Finance,GOOGL,2026-09-18T13:25:36+08:00,confirmed
2021-05-14,112.927001953125,114.23600006103516,112.5,113.91899871826172,112.8451919555664,31996000,Yahoo Finance,GOOGL,2026-09-18T13:25:36+08:00,confirmed
2021-05-17,113.17849731445312,114.48899841308594,112.77549743652344,114.44599914550781,113.36724853515625,21598000,Yahoo Finance,GOOGL,2026-09-18T13:25:36+08:00,confirmed
2021-05-18,115.11750030517578,115.38400268554688,113.1094970703125,113.12349700927734,112.05718231201172,22204000,Yahoo Finance,GOOGL,2026-09-18T13:25:36+08:00,confirmed
2021-05-19,111.42150115966797,113.74949645996094,111.27200317382812,113.57499694824219,112.50444793701172,23684000,Yahoo Finance,GOOGL,2026-09-18T13:25:36+08:00,confirmed
2021-05-20,114.55000305175781,115.5999984741211,114.1760025024414,115.34750366210938,114.2602310180664,32352000,Yahoo Finance,GOOGL,2026-09-18T13:25:36+08:00,confirmed
2021-05-21,115.87049865722656,115.94450378417969,114.46499633789062,114.70649719238281,113.6252670288086,40632000,Yahoo Finance,GOOGL,2026-09-18T13:25:36+08:00,confirmed
2021-05-24,115.74449920654297,118.27749633789062,115.5979995727539,118.052001953125,116.9392318725586,31832000,Yahoo Finance,GOOGL,2026-09-18T13:25:36+08:00,confirmed
2021-05-25,118.5999984741211,119.19999694824219,117.75,118.14350128173828,117.02986907958984,22440000,Yahoo Finance,GOOGL,2026-09-18T13:25:36+08:00,confirmed
2021-05-26,118.32599639892578,119.44950103759766,118.322998046875,119.0155029296875,117.8936538696289,21572000,Yahoo Finance,GOOGL,2026-09-18T13:25:36+08:00,confirmed
2021-05-27,119.45249938964844,119.45249938964844,117.81300354003906,118.13400268554688,117.02047729492188,35224000,Yahoo Finance,GOOGL,2026-09-18T13:25:36+08:00,confirmed
2021-05-28,118.72100067138672,118.80349731445312,117.64250183105469,117.84249877929688,116.73172760009766,21482000,Yahoo Finance,GOOGL,2026-09-18T13:25:36+08:00,confirmed
2021-06-01,118.72200012207031,119.2854995727539,117.71399688720703,119.05899810791016,117.93675231933594,23354000,Yahoo Finance,GOOGL,2026-09-18T13:25:36+08:00,confirmed
2021-06-02,119.4574966430664,119.68199920654297,117.61799621582031,118.52950286865234,117.41224670410156,21158000,Yahoo Finance,GOOGL,2026-09-18T13:25:36+08:00,confirmed
2021-06-03,117.2864990234375,117.85099792480469,116.47599792480469,117.37899780273438,116.2725830078125,18696000,Yahoo Finance,GOOGL,2026-09-18T13:25:36+08:00,confirmed
2021-06-04,118.4635009765625,119.95149993896484,118.12049865722656,119.67849731445312,118.55042266845703,24458000,Yahoo Finance,GOOGL,2026-09-18T13:25:36+08:00,confirmed
2021-06-07,119.47200012207031,120.22550201416016,119.05000305175781,120.11499786376953,118.98279571533203,24120000,Yahoo Finance,GOOGL,2026-09-18T13:25:36+08:00,confirmed
2021-06-08,120.60050201416016,120.97599792480469,119.73899841308594,119.9219970703125,118.79161071777344,24240000,Yahoo Finance,GOOGL,2026-09-18T13:25:36+08:00,confirmed
2021-06-09,120.57150268554688,120.64399719238281,119.84500122070312,120.39700317382812,119.26214599609375,17942000,Yahoo Finance,GOOGL,2026-09-18T13:25:36+08:00,confirmed
2021-06-10,120.34600067138672,121.80000305175781,120.18900299072266,121.75650024414062,120.60881805419922,25904000,Yahoo Finance,GOOGL,2026-09-18T13:25:36+08:00,confirmed
2021-06-11,122.0,122.08599853515625,120.947998046875,121.51000213623047,120.36465454101562,21958000,Yahoo Finance,GOOGL,2026-09-18T13:25:36+08:00,confirmed
2021-06-14,121.61299896240234,122.44599914550781,120.9000015258789,122.44550323486328,121.29132843017578,22098000,Yahoo Finance,GOOGL,2026-09-18T13:25:36+08:00,confirmed
2021-06-15,122.44999694824219,122.77549743652344,121.05599975585938,121.41950225830078,120.27500915527344,21562000,Yahoo Finance,GOOGL,2026-09-18T13:25:36+08:00,confirmed
2021-06-16,121.5719985961914,121.88600158691406,119.47000122070312,120.77249908447266,119.63409423828125,26472000,Yahoo Finance,GOOGL,2026-09-18T13:25:36+08:00,confirmed
2021-06-17,120.69750213623047,122.52249908447266,120.5,121.74349975585938,120.595947265625,25842000,Yahoo Finance,GOOGL,2026-09-18T13:25:36+08:00,confirmed
2021-06-18,121.36699676513672,121.60299682617188,120.01499938964844,120.11100006103516,118.97883605957031,46116000,Yahoo Finance,GOOGL,2026-09-18T13:25:36+08:00,confirmed
2021-06-21,120.50050354003906,122.0,119.89849853515625,121.8125,120.66429138183594,27414000,Yahoo Finance,GOOGL,2026-09-18T13:25:36+08:00,confirmed
2021-06-22,121.75,122.4000015258789,121.06400299072266,122.33049774169922,121.17740631103516,22390000,Yahoo Finance,GOOGL,2026-09-18T13:25:36+08:00,confirmed
2021-06-23,122.09349822998047,123.09549713134766,121.83450317382812,122.12699890136719,120.97583770751953,19148000,Yahoo Finance,GOOGL,2026-09-18T13:25:36+08:00,confirmed
2021-06-24,122.69999694824219,123.05549621582031,122.30000305175781,122.5,121.3453140258789,21362000,Yahoo Finance,GOOGL,2026-09-18T13:25:36+08:00,confirmed
2021-06-25,122.0,122.63300323486328,121.56500244140625,122.50849914550781,121.35372924804688,34594000,Yahoo Finance,GOOGL,2026-09-18T13:25:36+08:00,confirmed
2021-06-28,122.67849731445312,122.78500366210938,121.40550231933594,122.53600311279297,121.3809814453125,28526000,Yahoo Finance,GOOGL,2026-09-18T13:25:36+08:00,confirmed
2021-06-29,122.67050170898438,123.02100372314453,121.69100189208984,122.27249908447266,121.1199722290039,23108000,Yahoo Finance,GOOGL,2026-09-18T13:25:36+08:00,confirmed
2021-06-30,121.99449920654297,122.25700378417969,121.35449981689453,122.0895004272461,120.93868255615234,24474000,Yahoo Finance,GOOGL,2026-09-18T13:25:36+08:00,confirmed
2021-07-01,121.7249984741211,122.58699798583984,121.53150177001953,122.44450378417969,121.29032897949219,18110000,Yahoo Finance,GOOGL,2026-09-18T13:25:36+08:00,confirmed
2021-07-02,123.1500015258789,125.40399932861328,123.05950164794922,125.25749969482422,124.07682037353516,25982000,Yahoo Finance,GOOGL,2026-09-18T13:25:36+08:00,confirmed
2021-07-06,125.64849853515625,126.4280014038086,124.5824966430664,126.19000244140625,125.00053405761719,26404000,Yahoo Finance,GOOGL,2026-09-18T13:25:36+08:00,confirmed
2021-07-07,127.16200256347656,127.28399658203125,126.15299987792969,126.4739990234375,125.2818603515625,24060000,Yahoo Finance,GOOGL,2026-09-18T13:25:36+08:00,confirmed
2021-07-08,124.0260009765625,125.59549713134766,124.02200317382812,125.04399871826172,123.8653335571289,23790000,Yahoo Finance,GOOGL,2026-09-18T13:25:36+08:00,confirmed
2021-07-09,125.0250015258789,125.7344970703125,124.55149841308594,125.51850128173828,124.33536529541016,18632000,Yahoo Finance,GOOGL,2026-09-18T13:25:36+08:00,confirmed
2021-07-12,126.1780014038086,127.06950378417969,125.61100006103516,126.97550201416016,125.77862548828125,17668000,Yahoo Finance,GOOGL,2026-09-18T13:25:36+08:00,confirmed
2021-07-13,127.03849792480469,128.0574951171875,126.67449951171875,127.34149932861328,126.14118957519531,19240000,Yahoo Finance,GOOGL,2026-09-18T13:25:36+08:00,confirmed
2021-07-14,127.95800018310547,129.32650756835938,127.91449737548828,128.23699951171875,127.02823638916016,23742000,Yahoo Finance,GOOGL,2026-09-18T13:25:36+08:00,confirmed
2021-07-15,128.6490020751953,128.6999969482422,126.52999877929688,127.00499725341797,125.80785369873047,24218000,Yahoo Finance,GOOGL,2026-09-18T13:25:36+08:00,confirmed
2021-07-16,127.66300201416016,127.8115005493164,126.15350341796875,126.97000122070312,125.77318572998047,20424000,Yahoo Finance,GOOGL,2026-09-18T13:25:36+08:00,confirmed
2021-07-19,126.0895004272461,126.20500183105469,123.50499725341797,124.5780029296875,123.40373229980469,27968000,Yahoo Finance,GOOGL,2026-09-18T13:25:36+08:00,confirmed
2021-07-20,125.52749633789062,127.04299926757812,124.35050201416016,126.20950317382812,125.01984405517578,26312000,Yahoo Finance,GOOGL,2026-09-18T13:25:36+08:00,confirmed
2021-07-21,126.13349914550781,127.59600067138672,126.02349853515625,127.54900360107422,126.34672546386719,20746000,Yahoo Finance,GOOGL,2026-09-18T13:25:36+08:00,confirmed
2021-07-22,127.84400177001953,128.48300170898438,127.4990005493164,128.42149353027344,127.21099090576172,14302000,Yahoo Finance,GOOGL,2026-09-18T13:25:36+08:00,confirmed
2021-07-23,130.4304962158203,133.3990020751953,129.80050659179688,133.01499938964844,131.76119995117188,41506000,Yahoo Finance,GOOGL,2026-09-18T13:25:36+08:00,confirmed
2021-07-26,133.32850646972656,134.23699951171875,132.30149841308594,134.03500366210938,132.7716064453125,30572000,Yahoo Finance,GOOGL,2026-09-18T13:25:36+08:00,confirmed
2021-07-27,134.25050354003906,134.3990020751953,130.10400390625,131.89999389648438,130.65672302246094,54710000,Yahoo Finance,GOOGL,2026-09-18T13:25:36+08:00,confirmed
2021-07-28,136.31199645996094,138.2969970703125,135.27749633789062,136.093994140625,134.81117248535156,95130000,Yahoo Finance,GOOGL,2026-09-18T13:25:36+08:00,confirmed
2021-07-29,136.14999389648438,136.66099548339844,135.54299926757812,135.77749633789062,134.49766540527344,31716000,Yahoo Finance,GOOGL,2026-09-18T13:25:36+08:00,confirmed
2021-07-30,135.03500366210938,135.30450439453125,134.2550048828125,134.72650146484375,133.45654296875,25576000,Yahoo Finance,GOOGL,2026-09-18T13:25:36+08:00,confirmed
2021-08-02,135.11700439453125,135.3365020751953,133.79400634765625,134.85450744628906,133.5833740234375,21634000,Yahoo Finance,GOOGL,2026-09-18T13:25:36+08:00,confirmed
2021-08-03,135.13499450683594,135.73199462890625,133.3195037841797,135.6300048828125,134.35157775878906,20762000,Yahoo Finance,GOOGL,2026-09-18T13:25:36+08:00,confirmed
2021-08-04,135.34950256347656,135.64950561523438,134.48699951171875,135.12550354003906,133.85182189941406,19676000,Yahoo Finance,GOOGL,2026-09-18T13:25:36+08:00,confirmed
2021-08-05,135.6804962158203,136.35000610351562,134.8459930419922,136.25149536132812,134.96719360351562,17870000,Yahoo Finance,GOOGL,2026-09-18T13:25:36+08:00,confirmed
2021-08-06,136.04200744628906,136.47250366210938,135.2100067138672,135.73849487304688,134.4590301513672,20488000,Yahoo Finance,GOOGL,2026-09-18T13:25:36+08:00,confirmed
2021-08-09,135.9425048828125,137.1840057373047,135.33949279785156,136.91299438476562,135.62245178222656,17760000,Yahoo Finance,GOOGL,2026-09-18T13:25:36+08:00,confirmed
2021-08-10,137.3419952392578,137.7725067138672,136.364501953125,136.8070068359375,135.5174560546875,19414000,Yahoo Finance,GOOGL,2026-09-18T13:25:36+08:00,confirmed
2021-08-11,137.18150329589844,137.6824951171875,136.27149963378906,136.2790069580078,134.9944305419922,15352000,Yahoo Finance,GOOGL,2026-09-18T13:25:36+08:00,confirmed
2021-08-12,135.97549438476562,137.3000030517578,135.42550659179688,137.19400024414062,135.9008026123047,16506000,Yahoo Finance,GOOGL,2026-09-18T13:25:36+08:00,confirmed
2021-08-13,137.25,137.85650634765625,137.0330047607422,137.7274932861328,136.4292755126953,15948000,Yahoo Finance,GOOGL,2026-09-18T13:25:36+08:00,confirmed
2021-08-16,137.52499389648438,138.3625030517578,135.2989959716797,138.3094940185547,137.00576782226562,22384000,Yahoo Finance,GOOGL,2026-09-18T13:25:36+08:00,confirmed
2021-08-17,137.75,138.2655029296875,136.08200073242188,136.6614990234375,135.3733367919922,21716000,Yahoo Finance,GOOGL,2026-09-18T13:25:36+08:00,confirmed
2021-08-18,136.5,137.10450744628906,135.32150268554688,135.44900512695312,134.1722412109375,19258000,Yahoo Finance,GOOGL,2026-09-18T13:25:36+08:00,confirmed
2021-08-19,134.4355010986328,136.3524932861328,134.25,135.67999267578125,134.40109252929688,21782000,Yahoo Finance,GOOGL,2026-09-18T13:25:36+08:00,confirmed
2021-08-20,136.0,137.5540008544922,135.25,137.42950439453125,136.1340789794922,31194000,Yahoo Finance,GOOGL,2026-09-18T13:25:36+08:00,confirmed
2021-08-23,137.96949768066406,140.87449645996094,137.6074981689453,140.04150390625,138.7214813232422,28454000,Yahoo Finance,GOOGL,2026-09-18T13:25:36+08:00,confirmed
2021-08-24,140.6114959716797,142.0800018310547,140.3385009765625,141.26150512695312,139.92999267578125,19268000,Yahoo Finance,GOOGL,2026-09-18T13:25:36+08:00,confirmed
2021-08-25,141.625,142.1894989013672,141.37600708007812,142.07899475097656,140.73976135253906,15848000,Yahoo Finance,GOOGL,2026-09-18T13:25:36+08:00,confirmed
2021-08-26,141.75,142.41749572753906,141.35699462890625,141.4405059814453,140.10728454589844,20610000,Yahoo Finance,GOOGL,2026-09-18T13:25:36+08:00,confirmed
2021-08-27,141.65249633789062,144.5124969482422,141.4969940185547,144.00399780273438,142.64662170410156,28780000,Yahoo Finance,GOOGL,2026-09-18T13:25:36+08:00,confirmed
2021-08-30,144.39999389648438,145.9705047607422,144.16299438476562,144.5904998779297,143.2275848388672,24434000,Yahoo Finance,GOOGL,2026-09-18T13:25:36+08:00,confirmed
2021-08-31,145.14700317382812,145.17149353027344,144.281005859375,144.69749450683594,143.33355712890625,22448000,Yahoo Finance,GOOGL,2026-09-18T13:25:36+08:00,confirmed
2021-09-01,145.0,146.25399780273438,144.8834991455078,145.2154998779297,143.84669494628906,21936000,Yahoo Finance,GOOGL,2026-09-18T13:25:36+08:00,confirmed
2021-09-02,145.21600341796875,145.51950073242188,143.18499755859375,143.28700256347656,141.93638610839844,32342000,Yahoo Finance,GOOGL,2026-09-18T13:25:36+08:00,confirmed
2021-09-03,143.08050537109375,144.15499877929688,142.40049743652344,143.739501953125,142.38458251953125,19850000,Yahoo Finance,GOOGL,2026-09-18T13:25:36+08:00,confirmed
2021-09-07,143.83450317382812,144.56500244140625,143.61900329589844,144.28050231933594,142.92051696777344,20124000,Yahoo Finance,GOOGL,2026-09-18T13:25:36+08:00,confirmed
2021-09-08,144.10000610351562,144.39999389648438,143.0,143.6909942626953,142.3365478515625,18344000,Yahoo Finance,GOOGL,2026-09-18T13:25:36+08:00,confirmed
2021-09-09,143.8404998779297,144.3105010986328,143.17750549316406,143.54100036621094,142.18800354003906,15314000,Yahoo Finance,GOOGL,2026-09-18T13:25:36+08:00,confirmed
2021-09-10,144.21249389648438,144.718505859375,140.73800659179688,140.87600708007812,139.548095703125,36840000,Yahoo Finance,GOOGL,2026-09-18T13:25:36+08:00,confirmed
2021-09-13,141.94949340820312,142.9499969482422,141.25,142.33250427246094,140.99087524414062,22094000,Yahoo Finance,GOOGL,2026-09-18T13:25:36+08:00,confirmed
2021-09-14,142.99549865722656,143.36300659179688,141.75,142.54449462890625,141.20083618164062,19674000,Yahoo Finance,GOOGL,2026-09-18T13:25:36+08:00,confirmed
2021-09-15,142.77149963378906,144.45050048828125,141.34750366210938,144.42950439453125,143.06813049316406,27408000,Yahoo Finance,GOOGL,2026-09-18T13:25:36+08:00,confirmed
2021-09-16,143.95050048828125,144.3000030517578,142.40150451660156,143.61000061035156,142.25634765625,26190000,Yahoo Finance,GOOGL,2026-09-18T13:25:36+08:00,confirmed
2021-09-17,143.03050231933594,143.4499969482422,140.47000122070312,140.8000030517578,139.4728240966797,53384000,Yahoo Finance,GOOGL,2026-09-18T13:25:36+08:00,confirmed
2021-09-20,138.1614990234375,139.0,136.32200622558594,138.71949768066406,137.41189575195312,46518000,Yahoo Finance,GOOGL,2026-09-18T13:25:36+08:00,confirmed
2021-09-21,139.74949645996094,140.01150512695312,138.2779998779297,139.0330047607422,137.7224884033203,25332000,Yahoo Finance,GOOGL,2026-09-18T13:25:36+08:00,confirmed
2021-09-22,139.3040008544922,140.88699340820312,138.55149841308594,140.2834930419922,138.961181640625,25056000,Yahoo Finance,GOOGL,2026-09-18T13:25:36+08:00,confirmed
2021-09-23,140.9875030517578,141.69650268554688,140.40150451660156,141.21600341796875,139.8848876953125,20952000,Yahoo Finance,GOOGL,2026-09-18T13:25:36+08:00,confirmed
2021-09-24,140.5384979248047,142.33050537109375,140.24099731445312,142.21499633789062,140.87448120117188,22984000,Yahoo Finance,GOOGL,2026-09-18T13:25:36+08:00,confirmed
2021-09-27,140.80450439453125,141.93850708007812,140.0675048828125,141.07200622558594,139.7422637939453,21882000,Yahoo Finance,GOOGL,2026-09-18T13:25:36+08:00,confirmed
2021-09-28,138.65499877929688,139.09649658203125,135.36000061035156,135.8300018310547,134.54966735839844,45772000,Yahoo Finance,GOOGL,2026-09-18T13:25:36+08:00,confirmed
2021-09-29,136.97999572753906,137.1510009765625,133.86500549316406,134.35350036621094,133.08706665039062,30848000,Yahoo Finance,GOOGL,2026-09-18T13:25:36+08:00,confirmed
2021-09-30,134.26150512695312,135.54249572753906,133.55599975585938,133.67599487304688,132.4159698486328,37996000,Yahoo Finance,GOOGL,2026-09-18T13:25:36+08:00,confirmed
2021-10-01,134.44749450683594,136.91050720214844,134.072998046875,136.54299926757812,135.2559356689453,35360000,Yahoo Finance,GOOGL,2026-09-18T13:25:36+08:00,confirmed
2021-10-04,135.9604949951172,135.9604949951172,131.0500030517578,133.6595001220703,132.3996124267578,51202000,Yahoo Finance,GOOGL,2026-09-18T13:25:36+08:00,confirmed
2021-10-05,134.04100036621094,137.22450256347656,134.04100036621094,136.0229949951172,134.7408447265625,32404000,Yahoo Finance,GOOGL,2026-09-18T13:25:36+08:00,confirmed
2021-10-06,134.75,137.75,134.5500030517578,137.56500244140625,136.26832580566406,24364000,Yahoo Finance,GOOGL,2026-09-18T13:25:36+08:00,confirmed
2021-10-07,138.89199829101562,140.04200744628906,138.6510009765625,139.22500610351562,137.91265869140625,25110000,Yahoo Finance,GOOGL,2026-09-18T13:25:36+08:00,confirmed
2021-10-08,139.57699584960938,140.33099365234375,139.21749877929688,139.78550720214844,138.46791076660156,26526000,Yahoo Finance,GOOGL,2026-09-18T13:25:36+08:00,confirmed
2021-10-11,139.29200744628906,140.71200561523438,138.85899353027344,138.91400146484375,137.60462951660156,17954000,Yahoo Finance,GOOGL,2026-09-18T13:25:36+08:00,confirmed
2021-10-12,139.47999572753906,139.5070037841797,135.75999450683594,136.44900512695312,135.16281127929688,36332000,Yahoo Finance,GOOGL,2026-09-18T13:25:36+08:00,confirmed
2021-10-13,137.40249633789062,138.0,136.5189971923828,137.58200073242188,136.28517150878906,19654000,Yahoo Finance,GOOGL,2026-09-18T13:25:36+08:00,confirmed
2021-10-14,139.4739990234375,141.33749389648438,138.8249969482422,141.1510009765625,139.82052612304688,31894000,Yahoo Finance,GOOGL,2026-09-18T13:25:36+08:00,confirmed
2021-10-15,141.614501953125,141.71800231933594,140.7550048828125,141.3679962158203,140.03546142578125,30274000,Yahoo Finance,GOOGL,2026-09-18T13:25:36+08:00,confirmed
2021-10-18,141.07650756835938,142.79600524902344,141.0695037841797,142.7779998779297,141.43218994140625,20396000,Yahoo Finance,GOOGL,2026-09-18T13:25:36+08:00,confirmed
2021-10-19,143.3874969482422,143.66250610351562,142.60000610351562,143.23699951171875,141.88685607910156,20164000,Yahoo Finance,GOOGL,2026-09-18T13:25:36+08:00,confirmed
2021-10-20,143.33799743652344,143.54600524902344,141.37649536132812,141.7689971923828,140.43270874023438,23288000,Yahoo Finance,GOOGL,2026-09-18T13:25:36+08:00,confirmed
2021-10-21,141.7689971923828,142.156005859375,140.5,141.88600158691406,140.54856872558594,26292000,Yahoo Finance,GOOGL,2026-09-18T13:25:36+08:00,confirmed
2021-10-22,139.14999389648438,140.58299255371094,136.05599975585938,137.56649780273438,136.2698211669922,50588000,Yahoo Finance,GOOGL,2026-09-18T13:25:36+08:00,confirmed
2021-10-25,137.5500030517578,138.0,135.4239959716797,137.44700622558594,136.1514434814453,34412000,Yahoo Finance,GOOGL,2026-09-18T13:25:36+08:00,confirmed
2021-10-26,139.2635040283203,140.08299255371094,138.30450439453125,139.30850219726562,137.99537658691406,49236000,Yahoo Finance,GOOGL,2026-09-18T13:25:36+08:00,confirmed
2021-10-27,139.40499877929688,148.64999389648438,139.40499877929688,146.21749877929688,144.83926391601562,85782000,Yahoo Finance,GOOGL,2026-09-18T13:25:36+08:00,confirmed
2021-10-28,147.13450622558594,147.1580047607422,144.6269989013672,145.8489990234375,144.4742431640625,36206000,Yahoo Finance,GOOGL,2026-09-18T13:25:36+08:00,confirmed
2021-10-29,145.0780029296875,148.24200439453125,144.64950561523438,148.04600524902344,146.65049743652344,43320000,Yahoo Finance,GOOGL,2026-09-18T13:25:36+08:00,confirmed
2021-11-01,148.04600524902344,148.04600524902344,143.22549438476562,143.4969940185547,142.14439392089844,46924000,Yahoo Finance,GOOGL,2026-09-18T13:25:36+08:00,confirmed
2021-11-02,144.57949829101562,146.60899353027344,144.3354949951172,145.4324951171875,144.06163024902344,33482000,Yahoo Finance,GOOGL,2026-09-18T13:25:36+08:00,confirmed
2021-11-03,145.90049743652344,146.66900634765625,144.59100341796875,146.59800720214844,145.21620178222656,27494000,Yahoo Finance,GOOGL,2026-09-18T13:25:36+08:00,confirmed
2021-11-04,147.12449645996094,149.73350524902344,146.30799865722656,148.2675018310547,146.8699188232422,38412000,Yahoo Finance,GOOGL,2026-09-18T13:25:36+08:00,confirmed
2021-11-05,149.16949462890625,150.32749938964844,148.19700622558594,148.8520050048828,147.4489288330078,38354000,Yahoo Finance,GOOGL,2026-09-18T13:25:36+08:00,confirmed
2021-11-08,149.8249969482422,150.61500549316406,148.4304962158203,149.031005859375,147.626220703125,23052000,Yahoo Finance,GOOGL,2026-09-18T13:25:36+08:00,confirmed
2021-11-09,149.23300170898438,149.83450317382812,147.2449951171875,148.9185028076172,147.5148162841797,19530000,Yahoo Finance,GOOGL,2026-09-18T13:25:36+08:00,confirmed
2021-11-10,147.5,148.07000732421875,144.53750610351562,145.89349365234375,144.51829528808594,29970000,Yahoo Finance,GOOGL,2026-09-18T13:25:36+08:00,confirmed
2021-11-11,146.489501953125,147.53550720214844,145.60049438476562,145.76649475097656,144.3925323486328,16518000,Yahoo Finance,GOOGL,2026-09-18T13:25:36+08:00,confirmed
2021-11-12,146.61549377441406,148.85000610351562,145.41099548339844,148.67799377441406,147.2765655517578,22360000,Yahoo Finance,GOOGL,2026-09-18T13:25:36+08:00,confirmed
2021-11-15,148.90049743652344,149.54949951171875,147.5749969482422,148.45199584960938,147.0526885986328,23508000,Yahoo Finance,GOOGL,2026-09-18T13:25:36+08:00,confirmed
2021-11-16,148.14950561523438,148.7624969482422,147.3125,147.87600708007812,146.4821319580078,18904000,Yahoo Finance,GOOGL,2026-09-18T13:25:36+08:00,confirmed
2021-11-17,148.02749633789062,148.5594940185547,147.24000549316406,148.0469970703125,146.6514892578125,19594000,Yahoo Finance,GOOGL,2026-09-18T13:25:36+08:00,confirmed
2021-11-18,148.2415008544922,150.58050537109375,147.88450622558594,149.8385009765625,148.42613220214844,35608000,Yahoo Finance,GOOGL,2026-09-18T13:25:36+08:00,confirmed
2021-11-19,149.97549438476562,150.9665069580078,148.8990020751953,148.92649841308594,147.52268981933594,33682000,Yahoo Finance,GOOGL,2026-09-18T13:25:36+08:00,confirmed
2021-11-22,149.33250427246094,149.82949829101562,146.1475067138672,146.302001953125,144.9229736328125,30594000,Yahoo Finance,GOOGL,2026-09-18T13:25:36+08:00,confirmed
2021-11-23,146.1529998779297,146.66000366210938,144.11500549316406,145.78199768066406,144.40785217285156,27218000,Yahoo Finance,GOOGL,2026-09-18T13:25:36+08:00,confirmed
2021-11-24,145.47349548339844,146.24949645996094,144.3730010986328,146.1199951171875,144.74266052246094,18040000,Yahoo Finance,GOOGL,2026-09-18T13:25:36+08:00,confirmed
2021-11-26,144.34849548339844,144.5574951171875,141.84249877929688,142.18299865722656,140.84278869628906,30470000,Yahoo Finance,GOOGL,2026-09-18T13:25:36+08:00,confirmed
2021-11-29,144.0,146.29750061035156,143.89349365234375,145.53050231933594,144.1587371826172,32596000,Yahoo Finance,GOOGL,2026-09-18T13:25:36+08:00,confirmed
2021-11-30,145.0084991455078,146.0,141.60150146484375,141.8975067138672,140.55996704101562,42068000,Yahoo Finance,GOOGL,2026-09-18T13:25:36+08:00,confirmed
2021-12-01,144.0,145.95050048828125,140.91200256347656,141.05149841308594,139.7219696044922,34020000,Yahoo Finance,GOOGL,2026-09-18T13:25:36+08:00,confirmed
2021-12-02,141.25,143.864501953125,140.21449279785156,142.96600341796875,141.618408203125,29194000,Yahoo Finance,GOOGL,2026-09-18T13:25:36+08:00,confirmed
2021-12-03,143.68099975585938,144.39999389648438,140.30099487304688,142.00149536132812,140.66297912597656,41230000,Yahoo Finance,GOOGL,2026-09-18T13:25:36+08:00,confirmed
2021-12-06,143.04049682617188,143.8524932861328,140.14999389648438,143.15499877929688,141.80560302734375,30618000,Yahoo Finance,GOOGL,2026-09-18T13:25:36+08:00,confirmed
2021-12-07,145.59649658203125,147.531005859375,145.2274932861328,147.26950073242188,145.88136291503906,32240000,Yahoo Finance,GOOGL,2026-09-18T13:25:36+08:00,confirmed
2021-12-08,147.59649658203125,148.39300537109375,146.406005859375,148.18649291992188,146.7896728515625,24270000,Yahoo Finance,GOOGL,2026-09-18T13:25:36+08:00,confirmed
2021-12-09,147.59100341796875,149.10000610351562,147.11500549316406,147.6385040283203,146.24684143066406,23270000,Yahoo Finance,GOOGL,2026-09-18T13:25:36+08:00,confirmed
2021-12-10,148.6999969482422,148.9774932861328,146.70399475097656,148.00149536132812,146.60643005371094,24458000,Yahoo Finance,GOOGL,2026-09-18T13:25:36+08:00,confirmed
2021-12-13,147.781494140625,147.97000122070312,145.5175018310547,145.82650756835938,144.45193481445312,27070000,Yahoo Finance,GOOGL,2026-09-18T13:25:36+08:00,confirmed
2021-12-14,143.96800231933594,144.47999572753906,141.21499633789062,143.90699768066406,142.55052185058594,38446000,Yahoo Finance,GOOGL,2026-09-18T13:25:36+08:00,confirmed
2021-12-15,143.40899658203125,146.7209930419922,141.67799377441406,146.4409942626953,145.06063842773438,36370000,Yahoo Finance,GOOGL,2026-09-18T13:25:36+08:00,confirmed
2021-12-16,147.17050170898438,147.677001953125,143.60699462890625,144.44500732421875,143.08346557617188,33650000,Yahoo Finance,GOOGL,2026-09-18T13:25:36+08:00,confirmed
2021-12-17,142.5,143.83450317382812,141.3000030517578,141.72500610351562,140.3891143798828,50416000,Yahoo Finance,GOOGL,2026-09-18T13:25:36+08:00,confirmed
2021-12-20,140.0,141.77450561523438,139.3209991455078,141.60699462890625,140.27220153808594,27192000,Yahoo Finance,GOOGL,2026-09-18T13:25:36+08:00,confirmed
2021-12-21,142.05349731445312,143.86900329589844,140.50250244140625,143.47250366210938,142.12013244628906,28756000,Yahoo Finance,GOOGL,2026-09-18T13:25:36+08:00,confirmed
2021-12-22,143.0675048828125,146.5,143.0675048828125,146.4149932861328,145.03488159179688,26322000,Yahoo Finance,GOOGL,2026-09-18T13:25:36+08:00,confirmed
2021-12-23,146.5,148.24349975585938,146.45199584960938,146.91650390625,145.53164672851562,26384000,Yahoo Finance,GOOGL,2026-09-18T13:25:36+08:00,confirmed
2021-12-27,147.25599670410156,148.343994140625,147.16949462890625,147.906494140625,146.51231384277344,15976000,Yahoo Finance,GOOGL,2026-09-18T13:25:36+08:00,confirmed
2021-12-28,148.23599243164062,148.2989959716797,146.05450439453125,146.68699645996094,145.30435180664062,18200000,Yahoo Finance,GOOGL,2026-09-18T13:25:36+08:00,confirmed
2021-12-29,146.64450073242188,147.41700744628906,145.6475067138672,146.65499877929688,145.27261352539062,17788000,Yahoo Finance,GOOGL,2026-09-18T13:25:36+08:00,confirmed
2021-12-30,146.69400024414062,147.3000030517578,145.9945068359375,146.20050048828125,144.8223876953125,15688000,Yahoo Finance,GOOGL,2026-09-18T13:25:36+08:00,confirmed
2021-12-31,146.0500030517578,146.69850158691406,144.8520050048828,144.8520050048828,143.48663330078125,18136000,Yahoo Finance,GOOGL,2026-09-18T13:25:36+08:00,confirmed
2022-01-03,145.05499267578125,145.8509979248047,143.71299743652344,144.9915008544922,143.62481689453125,28646000,Yahoo Finance,GOOGL,2026-09-18T13:25:36+08:00,confirmed
2022-01-04,145.39599609375,146.48500061035156,143.7165069580078,144.39950561523438,143.0384063720703,28400000,Yahoo Finance,GOOGL,2026-09-18T13:25:36+08:00,confirmed
2022-01-05,144.4199981689453,144.49949645996094,137.68800354003906,137.77499389648438,136.47634887695312,54618000,Yahoo Finance,GOOGL,2026-09-18T13:25:36+08:00,confirmed
2022-01-06,136.99850463867188,139.94000244140625,136.55850219726562,137.74749755859375,136.4490966796875,37348000,Yahoo Finance,GOOGL,2026-09-18T13:25:36+08:00,confirmed
2022-01-07,138.14549255371094,138.44850158691406,135.76649475097656,137.01699829101562,135.72547912597656,29760000,Yahoo Finance,GOOGL,2026-09-18T13:25:36+08:00,confirmed
2022-01-10,135.0780029296875,138.8195037841797,133.1645050048828,138.66949462890625,137.3623809814453,44408000,Yahoo Finance,GOOGL,2026-09-18T13:25:36+08:00,confirmed
2022-01-11,138.0070037841797,140.21600341796875,136.6925048828125,139.73599243164062,138.4188690185547,28730000,Yahoo Finance,GOOGL,2026-09-18T13:25:36+08:00,confirmed
2022-01-12,141.14999389648438,142.60800170898438,140.6945037841797,141.4304962158203,140.09735107421875,26108000,Yahoo Finance,GOOGL,2026-09-18T13:25:36+08:00,confirmed
2022-01-13,141.5399932861328,142.85000610351562,138.40899658203125,138.58700561523438,137.2806854248047,31436000,Yahoo Finance,GOOGL,2026-09-18T13:25:36+08:00,confirmed
2022-01-14,137.07899475097656,140.74200439453125,136.99850463867188,139.48049926757812,138.165771484375,29662000,Yahoo Finance,GOOGL,2026-09-18T13:25:36+08:00,confirmed
2022-01-18,136.1750030517578,137.13150024414062,135.43850708007812,135.9980010986328,134.71609497070312,34872000,Yahoo Finance,GOOGL,2026-09-18T13:25:36+08:00,confirmed
2022-01-19,136.52349853515625,137.95950317382812,135.0155029296875,135.1165008544922,133.84288024902344,28648000,Yahoo Finance,GOOGL,2026-09-18T13:25:36+08:00,confirmed
2022-01-20,136.25,137.62600708007812,132.96449279785156,133.3074951171875,132.0509490966797,29908000,Yahoo Finance,GOOGL,2026-09-18T13:25:36+08:00,confirmed
2022-01-21,132.593505859375,134.86549377441406,130.0865020751953,130.35150146484375,129.122802734375,55652000,Yahoo Finance,GOOGL,2026-09-18T13:25:36+08:00,confirmed
2022-01-24,125.97799682617188,131.2030029296875,124.5,130.8040008544922,129.57102966308594,76622000,Yahoo Finance,GOOGL,2026-09-18T13:25:36+08:00,confirmed
2022-01-25,128.74000549316406,129.3990020751953,126.50050354003906,126.93499755859375,125.73851776123047,46960000,Yahoo Finance,GOOGL,2026-09-18T13:25:36+08:00,confirmed
2022-01-26,131.11900329589844,133.0,127.14199829101562,129.23300170898438,128.01486206054688,49130000,Yahoo Finance,GOOGL,2026-09-18T13:25:36+08:00,confirmed
2022-01-27,131.3040008544922,132.65249633789062,128.9324951171875,129.0050048828125,127.78900909423828,31950000,Yahoo Finance,GOOGL,2026-09-18T13:25:36+08:00,confirmed
2022-01-28,129.65899658203125,133.35650634765625,128.48500061035156,133.3509979248047,132.09402465820312,34362000,Yahoo Finance,GOOGL,2026-09-18T13:25:36+08:00,confirmed
2022-01-31,134.16200256347656,135.47300720214844,132.20950317382812,135.30349731445312,134.02813720703125,39986000,Yahoo Finance,GOOGL,2026-09-18T13:25:36+08:00,confirmed
2022-02-01,137.59449768066406,137.79299926757812,134.36849975585938,137.6439971923828,136.34657287597656,68644000,Yahoo Finance,GOOGL,2026-09-18T13:25:36+08:00,confirmed
2022-02-02,151.25,151.54649353027344,145.5225067138672,148.0,146.60494995117188,123200000,Yahoo Finance,GOOGL,2026-09-18T13:25:36+08:00,confirmed
2022-02-03,145.70550537109375,149.6750030517578,142.66549682617188,143.08999633789062,141.74119567871094,71518000,Yahoo Finance,GOOGL,2026-09-18T13:25:36+08:00,confirmed
2022-02-04,143.4445037841797,144.875,140.51499938964844,143.29299926757812,141.9423065185547,57998000,Yahoo Finance,GOOGL,2026-09-18T13:25:36+08:00,confirmed
2022-02-07,144.25,144.25,138.89999389648438,139.2010040283203,137.88888549804688,54974000,Yahoo Finance,GOOGL,2026-09-18T13:25:36+08:00,confirmed
2022-02-08,139.02650451660156,140.0,137.01400756835938,139.3990020751953,138.08502197265625,54284000,Yahoo Finance,GOOGL,2026-09-18T13:25:36+08:00,confirmed
2022-02-09,140.9635009765625,142.52450561523438,140.18699645996094,141.5919952392578,140.2573699951172,40144000,Yahoo Finance,GOOGL,2026-09-18T13:25:36+08:00,confirmed
2022-02-10,139.70350646972656,141.4844970703125,137.95700073242188,138.6199951171875,137.31336975097656,39330000,Yahoo Finance,GOOGL,2026-09-18T13:25:36+08:00,confirmed
2022-02-11,138.60000610351562,139.156494140625,133.39999389648438,134.28250122070312,133.0167694091797,39958000,Yahoo Finance,GOOGL,2026-09-18T13:25:36+08:00,confirmed
2022-02-14,133.25650024414062,136.3000030517578,133.25650024414062,135.5260009765625,134.24851989746094,34302000,Yahoo Finance,GOOGL,2026-09-18T13:25:36+08:00,confirmed
2022-02-15,137.57049560546875,138.10850524902344,135.82150268554688,136.60850524902344,135.32083129882812,26680000,Yahoo Finance,GOOGL,2026-09-18T13:25:36+08:00,confirmed
2022-02-16,136.64649963378906,138.08599853515625,134.9239959716797,137.73800659179688,136.439697265625,25022000,Yahoo Finance,GOOGL,2026-09-18T13:25:36+08:00,confirmed
2022-02-17,136.2429962158203,137.11349487304688,132.47850036621094,132.53900146484375,131.2896728515625,38950000,Yahoo Finance,GOOGL,2026-09-18T13:25:36+08:00,confirmed
2022-02-18,133.4669952392578,134.07000732421875,130.19650268554688,130.4029998779297,129.17379760742188,45620000,Yahoo Finance,GOOGL,2026-09-18T13:25:36+08:00,confirmed
2022-02-22,129.83799743652344,132.1804962158203,128.22349548339844,129.81350708007812,128.5898895263672,44990000,Yahoo Finance,GOOGL,2026-09-18T13:25:36+08:00,confirmed
2022-02-23,131.64849853515625,132.05099487304688,127.52749633789062,127.58799743652344,126.38534545898438,32786000,Yahoo Finance,GOOGL,2026-09-18T13:25:36+08:00,confirmed
2022-02-24,124.95349884033203,133.0,124.95349884033203,132.6909942626953,131.4402618408203,54456000,Yahoo Finance,GOOGL,2026-09-18T13:25:36+08:00,confirmed
2022-02-25,133.552001953125,135.27149963378906,131.75149536132812,134.45950317382812,133.19207763671875,36406000,Yahoo Finance,GOOGL,2026-09-18T13:25:36+08:00,confirmed
2022-02-28,133.0500030517578,135.75149536132812,132.59249877929688,135.0570068359375,133.7839813232422,38864000,Yahoo Finance,GOOGL,2026-09-18T13:25:36+08:00,confirmed
2022-03-01,134.8784942626953,136.2554931640625,133.218505859375,134.06149291992188,132.7978515625,26496000,Yahoo Finance,GOOGL,2026-09-18T13:25:36+08:00,confirmed
2022-03-02,134.6280059814453,135.2624969482422,133.07150268554688,134.57150268554688,133.3030242919922,23520000,Yahoo Finance,GOOGL,2026-09-18T13:25:36+08:00,confirmed
2022-03-03,136.00999450683594,136.4394989013672,133.02549743652344,133.89950561523438,132.63735961914062,24604000,Yahoo Finance,GOOGL,2026-09-18T13:25:36+08:00,confirmed
2022-03-04,132.92750549316406,133.85150146484375,130.33749389648438,131.906494140625,130.6631317138672,30430000,Yahoo Finance,GOOGL,2026-09-18T13:25:36+08:00,confirmed
2022-03-07,131.48800659179688,131.73500061035156,126.29499816894531,126.37850189208984,125.187255859375,45112000,Yahoo Finance,GOOGL,2026-09-18T13:25:36+08:00,confirmed
2022-03-08,126.25,131.25,125.67449951171875,127.10449981689453,125.90641021728516,40428000,Yahoo Finance,GOOGL,2026-09-18T13:25:36+08:00,confirmed
2022-03-09,131.25,133.73550415039062,129.90049743652344,133.4199981689453,132.16238403320312,37026000,Yahoo Finance,GOOGL,2026-09-18T13:25:36+08:00,confirmed
2022-03-10,131.26600646972656,133.27200317382812,130.91250610351562,132.42950439453125,131.1811981201172,27102000,Yahoo Finance,GOOGL,2026-09-18T13:25:36+08:00,confirmed
2022-03-11,133.48849487304688,133.79550170898438,129.63150024414062,129.87049865722656,128.64633178710938,31526000,Yahoo Finance,GOOGL,2026-09-18T13:25:36+08:00,confirmed
2022-03-14,130.25,130.40899658203125,125.2750015258789,125.95099639892578,124.7637710571289,38812000,Yahoo Finance,GOOGL,2026-09-18T13:25:36+08:00,confirmed
2022-03-15,126.97599792480469,129.85450744628906,125.72049713134766,129.197998046875,127.98018646240234,30920000,Yahoo Finance,GOOGL,2026-09-18T13:25:36+08:00,confirmed
2022-03-16,130.73300170898438,133.33299255371094,128.7344970703125,133.28050231933594,132.02420043945312,35576000,Yahoo Finance,GOOGL,2026-09-18T13:25:36+08:00,confirmed
2022-03-17,133.1490020751953,134.08050537109375,132.18499755859375,133.83900451660156,132.5774383544922,28264000,Yahoo Finance,GOOGL,2026-09-18T13:25:36+08:00,confirmed
2022-03-18,133.42449951171875,136.24400329589844,132.2584991455078,136.12550354003906,134.8424072265625,44566000,Yahoo Finance,GOOGL,2026-09-18T13:25:36+08:00,confirmed
2022-03-21,136.1634979248047,137.0500030517578,134.09249877929688,136.10150146484375,134.81861877441406,26832000,Yahoo Finance,GOOGL,2026-09-18T13:25:36+08:00,confirmed
2022-03-22,136.10150146484375,141.0500030517578,136.10150146484375,139.8679962158203,138.5496063232422,35496000,Yahoo Finance,GOOGL,2026-09-18T13:25:36+08:00,confirmed
2022-03-23,138.70249938964844,139.5885009765625,137.8350067138672,138.27549743652344,136.97210693359375,25154000,Yahoo Finance,GOOGL,2026-09-18T13:25:36+08:00,confirmed
2022-03-24,139.1999969482422,141.61900329589844,137.75050354003906,141.57200622558594,140.237548828125,26396000,Yahoo Finance,GOOGL,2026-09-18T13:25:36+08:00,confirmed
2022-03-25,141.91600036621094,142.03500366210938,139.7375030517578,141.67300415039062,140.3376007080078,24126000,Yahoo Finance,GOOGL,2026-09-18T13:25:36+08:00,confirmed
2022-03-28,140.90049743652344,142.00250244140625,139.81149291992188,141.45550537109375,140.12213134765625,35050000,Yahoo Finance,GOOGL,2026-09-18T13:25:36+08:00,confirmed
2022-03-29,142.6475067138672,143.7935028076172,142.0384979248047,142.5054931640625,141.1622314453125,34318000,Yahoo Finance,GOOGL,2026-09-18T13:25:36+08:00,confirmed
2022-03-30,142.4600067138672,142.7205047607422,141.60000610351562,141.93850708007812,140.60060119628906,19884000,Yahoo Finance,GOOGL,2026-09-18T13:25:36+08:00,confirmed
2022-03-31,142.05299377441406,142.10800170898438,139.02450561523438,139.0675048828125,137.75665283203125,37524000,Yahoo Finance,GOOGL,2026-09-18T13:25:36+08:00,confirmed
2022-04-01,139.5,140.4709930419922,138.3074951171875,140.15049743652344,138.8294219970703,25942000,Yahoo Finance,GOOGL,2026-09-18T13:25:36+08:00,confirmed
2022-04-04,140.35850524902344,143.71200561523438,140.3105010986328,142.97149658203125,141.62384033203125,25942000,Yahoo Finance,GOOGL,2026-09-18T13:25:36+08:00,confirmed
2022-04-05,142.86900329589844,142.99049377441406,140.38250732421875,140.59100341796875,139.2657928466797,21418000,Yahoo Finance,GOOGL,2026-09-18T13:25:36+08:00,confirmed
2022-04-06,138.75,139.36050415039062,135.51699829101562,136.54800415039062,135.26089477539062,32468000,Yahoo Finance,GOOGL,2026-09-18T13:25:36+08:00,confirmed
2022-04-07,136.00999450683594,137.1645050048828,134.2274932861328,135.8885040283203,134.6076202392578,26234000,Yahoo Finance,GOOGL,2026-09-18T13:25:36+08:00,confirmed
2022-04-08,135.58349609375,135.6699981689453,132.9654998779297,133.28750610351562,132.03114318847656,25142000,Yahoo Finance,GOOGL,2026-09-18T13:25:36+08:00,confirmed
2022-04-11,131.82350158691406,132.09249877929688,128.6685028076172,128.82350158691406,127.60922241210938,36884000,Yahoo Finance,GOOGL,2026-09-18T13:25:36+08:00,confirmed
2022-04-12,131.60000610351562,131.60000610351562,126.78900146484375,127.7145004272461,126.51066589355469,32710000,Yahoo Finance,GOOGL,2026-09-18T13:25:36+08:00,confirmed
2022-04-13,128.0,130.33399963378906,127.74099731445312,129.8939971923828,128.66961669921875,27928000,Yahoo Finance,GOOGL,2026-09-18T13:25:36+08:00,confirmed
2022-04-14,130.47950744628906,130.47950744628906,126.60099792480469,126.7300033569336,125.53544616699219,31598000,Yahoo Finance,GOOGL,2026-09-18T13:25:36+08:00,confirmed
2022-04-18,127.0,128.21249389648438,126.18199920654297,127.67649841308594,126.47303009033203,20808000,Yahoo Finance,GOOGL,2026-09-18T13:25:36+08:00,confirmed
2022-04-19,127.69149780273438,130.33299255371094,126.99949645996094,130.00900268554688,128.78353881835938,26490000,Yahoo Finance,GOOGL,2026-09-18T13:25:36+08:00,confirmed
2022-04-20,130.89199829101562,131.3990020751953,127.5,128.0399932861328,126.83306884765625,31696000,Yahoo Finance,GOOGL,2026-09-18T13:25:36+08:00,confirmed
2022-04-21,129.25,130.09849548339844,124.52649688720703,124.81449890136719,123.63799285888672,36446000,Yahoo Finance,GOOGL,2026-09-18T13:25:36+08:00,confirmed
2022-04-22,125.0,125.4020004272461,118.92500305175781,119.635498046875,118.5078125,56884000,Yahoo Finance,GOOGL,2026-09-18T13:25:36+08:00,confirmed
2022-04-25,119.10099792480469,123.27749633789062,118.51100158691406,123.0739974975586,121.91390228271484,46128000,Yahoo Finance,GOOGL,2026-09-18T13:25:36+08:00,confirmed
2022-04-26,122.29450225830078,122.51000213623047,118.51100158691406,118.6500015258789,117.53160858154297,73054000,Yahoo Finance,GOOGL,2026-09-18T13:25:36+08:00,confirmed
2022-04-27,114.46949768066406,117.24199676513672,112.73650360107422,114.29450225830078,113.2171630859375,91820000,Yahoo Finance,GOOGL,2026-09-18T13:25:36+08:00,confirmed
2022-04-28,116.41500091552734,119.64949798583984,114.11499786376953,118.52249908447266,117.4052963256836,48884000,Yahoo Finance,GOOGL,2026-09-18T13:25:36+08:00,confirmed
2022-04-29,116.7344970703125,117.91999816894531,113.81449890136719,114.1094970703125,113.0339126586914,42676000,Yahoo Finance,GOOGL,2026-09-18T13:25:36+08:00,confirmed
2022-05-02,113.40499877929688,116.74549865722656,112.5999984741211,116.58300018310547,115.48407745361328,35534000,Yahoo Finance,GOOGL,2026-09-18T13:25:36+08:00,confirmed
2022-05-03,116.43049621582031,118.44200134277344,116.03450012207031,117.33399963378906,116.2280044555664,24968000,Yahoo Finance,GOOGL,2026-09-18T13:25:36+08:00,confirmed
2022-05-04,117.03150177001953,122.85449981689453,115.11599731445312,122.26100158691406,121.10858154296875,49916000,Yahoo Finance,GOOGL,2026-09-18T13:25:36+08:00,confirmed
2022-05-05,120.2040023803711,121.03900146484375,115.00550079345703,116.50550079345703,115.40731811523438,45840000,Yahoo Finance,GOOGL,2026-09-18T13:25:36+08:00,confirmed
2022-05-06,115.18450164794922,117.57150268554688,114.0155029296875,115.74649810791016,114.65547943115234,39710000,Yahoo Finance,GOOGL,2026-09-18T13:25:36+08:00,confirmed
2022-05-09,113.25,115.0770034790039,112.00050354003906,112.51100158691406,111.45046997070312,40802000,Yahoo Finance,GOOGL,2026-09-18T13:25:36+08:00,confirmed
2022-05-10,115.50749969482422,116.25,112.90049743652344,114.3949966430664,113.31671905517578,39900000,Yahoo Finance,GOOGL,2026-09-18T13:25:36+08:00,confirmed
2022-05-11,113.23650360107422,116.364501953125,113.23650360107422,113.60250091552734,112.53168487548828,37534000,Yahoo Finance,GOOGL,2026-09-18T13:25:36+08:00,confirmed
2022-05-12,111.37750244140625,114.29499816894531,109.82450103759766,112.84400177001953,111.78032684326172,53836000,Yahoo Finance,GOOGL,2026-09-18T13:25:36+08:00,confirmed
2022-05-13,114.53299713134766,117.875,113.6050033569336,116.05049896240234,114.95660400390625,35038000,Yahoo Finance,GOOGL,2026-09-18T13:25:36+08:00,confirmed
2022-05-16,114.95549774169922,116.16999816894531,113.8895034790039,114.44499969482422,113.36625671386719,25990000,Yahoo Finance,GOOGL,2026-09-18T13:25:36+08:00,confirmed
2022-05-17,116.84049987792969,116.9000015258789,114.87000274658203,116.4729995727539,115.3751220703125,23054000,Yahoo Finance,GOOGL,2026-09-18T13:25:36+08:00,confirmed
2022-05-18,115.0,115.4000015258789,111.55549621582031,111.89949798583984,110.84474182128906,35126000,Yahoo Finance,GOOGL,2026-09-18T13:25:36+08:00,confirmed
2022-05-19,111.43150329589844,113.01000213623047,110.0,110.38400268554688,109.34353637695312,34144000,Yahoo Finance,GOOGL,2026-09-18T13:25:36+08:00,confirmed
2022-05-20,111.95099639892578,112.18350219726562,105.79650115966797,108.90799713134766,107.88141632080078,48962000,Yahoo Finance,GOOGL,2026-09-18T13:25:36+08:00,confirmed
2022-05-23,109.5875015258789,112.14749908447266,108.74099731445312,111.48799896240234,110.43711853027344,37184000,Yahoo Finance,GOOGL,2026-09-18T13:25:36+08:00,confirmed
2022-05-24,105.77200317382812,106.45850372314453,101.8844985961914,105.97000122070312,104.97113037109375,76780000,Yahoo Finance,GOOGL,2026-09-18T13:25:36+08:00,confirmed
2022-05-25,104.9854965209961,106.5,103.85649871826172,105.80500030517578,104.80768585205078,40258000,Yahoo Finance,GOOGL,2026-09-18T13:25:36+08:00,confirmed
2022-05-26,105.677001953125,108.64949798583984,105.2249984741211,107.7925033569336,106.77645874023438,37948000,Yahoo Finance,GOOGL,2026-09-18T13:25:36+08:00,confirmed
2022-05-27,109.48300170898438,112.31800079345703,109.13849639892578,112.31649780273438,111.25780487060547,37914000,Yahoo Finance,GOOGL,2026-09-18T13:25:36+08:00,confirmed
2022-05-31,112.74649810791016,115.73500061035156,112.07849884033203,113.76200103759766,112.689697265625,50012000,Yahoo Finance,GOOGL,2026-09-18T13:25:36+08:00,confirmed
2022-06-01,114.8550033569336,117.10150146484375,113.25,113.89199829101562,112.81844329833984,36606000,Yahoo Finance,GOOGL,2026-09-18T13:25:36+08:00,confirmed
2022-06-02,114.0,117.89949798583984,112.94650268554688,117.62249755859375,116.51378631591797,37992000,Yahoo Finance,GOOGL,2026-09-18T13:25:36+08:00,confirmed
2022-06-03,116.0625,116.32150268554688,113.51850128173828,114.54100036621094,113.46133422851562,26136000,Yahoo Finance,GOOGL,2026-09-18T13:25:36+08:00,confirmed
2022-06-06,116.70449829101562,119.34700012207031,116.16400146484375,116.82050323486328,115.71934509277344,33542000,Yahoo Finance,GOOGL,2026-09-18T13:25:36+08:00,confirmed
2022-06-07,115.48049926757812,117.69100189208984,115.052001953125,117.14949798583984,116.04524993896484,31590000,Yahoo Finance,GOOGL,2026-09-18T13:25:36+08:00,confirmed
2022-06-08,116.7614974975586,118.57050323486328,116.5999984741211,117.19400024414062,116.08932495117188,26108000,Yahoo Finance,GOOGL,2026-09-18T13:25:36+08:00,confirmed
2022-06-09,116.32749938964844,118.29900360107422,114.7760009765625,114.83550262451172,113.75305938720703,25798000,Yahoo Finance,GOOGL,2026-09-18T13:25:36+08:00,confirmed
2022-06-10,112.44499969482422,113.27899932861328,110.36599731445312,111.1614990234375,110.11367797851562,41452000,Yahoo Finance,GOOGL,2026-09-18T13:25:36+08:00,confirmed
2022-06-13,106.7864990234375,108.79149627685547,106.11900329589844,106.39250183105469,105.3896484375,47252000,Yahoo Finance,GOOGL,2026-09-18T13:25:36+08:00,confirmed
2022-06-14,106.53500366210938,107.92449951171875,105.80000305175781,106.71549987792969,105.7095947265625,33706000,Yahoo Finance,GOOGL,2026-09-18T13:25:36+08:00,confirmed
2022-06-15,108.54499816894531,111.42350006103516,107.66950225830078,109.7645034790039,108.7298583984375,39698000,Yahoo Finance,GOOGL,2026-09-18T13:25:36+08:00,confirmed
2022-06-16,107.22100067138672,108.64849853515625,105.13800048828125,106.03350067138672,105.03402709960938,51684000,Yahoo Finance,GOOGL,2026-09-18T13:25:36+08:00,confirmed
2022-06-17,106.03350067138672,108.69950103759766,105.0459976196289,107.14350128173828,106.13357543945312,51376000,Yahoo Finance,GOOGL,2026-09-18T13:25:36+08:00,confirmed
2022-06-21,108.92949676513672,112.489501953125,108.5999984741211,111.54399871826172,110.49259185791016,47416000,Yahoo Finance,GOOGL,2026-09-18T13:25:36+08:00,confirmed
2022-06-22,110.55650329589844,113.34649658203125,110.38249969482422,111.48750305175781,110.4366226196289,30774000,Yahoo Finance,GOOGL,2026-09-18T13:25:36+08:00,confirmed
2022-06-23,112.23149871826172,112.74250030517578,110.50050354003906,112.24199676513672,111.18399810791016,28362000,Yahoo Finance,GOOGL,2026-09-18T13:25:36+08:00,confirmed
2022-06-24,112.99500274658203,118.0790023803711,112.95249938964844,117.9749984741211,116.86296844482422,41164000,Yahoo Finance,GOOGL,2026-09-18T13:25:36+08:00,confirmed
2022-06-27,118.27300262451172,118.57949829101562,115.17949676513672,115.83350372314453,114.74166870117188,36420000,Yahoo Finance,GOOGL,2026-09-18T13:25:36+08:00,confirmed
2022-06-28,115.80249786376953,117.30950164794922,111.8479995727539,112.00749969482422,110.95172119140625,35792000,Yahoo Finance,GOOGL,2026-09-18T13:25:36+08:00,confirmed
2022-06-29,111.552001953125,113.1604995727539,110.87249755859375,111.70149993896484,110.64859771728516,24716000,Yahoo Finance,GOOGL,2026-09-18T13:25:36+08:00,confirmed
2022-06-30,110.0,110.88800048828125,106.75,108.96299743652344,107.93592834472656,43170000,Yahoo Finance,GOOGL,2026-09-18T13:25:36+08:00,confirmed
2022-07-01,107.93299865722656,109.25,106.73049926757812,108.73750305175781,107.71253204345703,35476000,Yahoo Finance,GOOGL,2026-09-18T13:25:36+08:00,confirmed
2022-07-05,107.10050201416016,113.37699890136719,105.73149871826172,113.26300048828125,112.19538116455078,39342000,Yahoo Finance,GOOGL,2026-09-18T13:25:36+08:00,confirmed
2022-07-06,113.302001953125,115.5895004272461,111.47599792480469,114.5719985961914,113.4920425415039,37432000,Yahoo Finance,GOOGL,2026-09-18T13:25:36+08:00,confirmed
2022-07-07,115.08000183105469,119.18949890136719,114.83350372314453,118.78299713134766,117.6633529663086,40936000,Yahoo Finance,GOOGL,2026-09-18T13:25:36+08:00,confirmed
2022-07-08,117.25,119.68499755859375,116.90149688720703,119.35350036621094,118.22846221923828,38238000,Yahoo Finance,GOOGL,2026-09-18T13:25:36+08:00,confirmed
2022-07-11,117.99800109863281,117.99800109863281,115.33049774169922,115.67649841308594,114.58613586425781,31196000,Yahoo Finance,GOOGL,2026-09-18T13:25:36+08:00,confirmed
2022-07-12,116.21499633789062,116.9739990234375,113.69000244140625,114.02050018310547,112.94574737548828,29960000,Yahoo Finance,GOOGL,2026-09-18T13:25:36+08:00,confirmed
2022-07-13,111.70099639892578,114.19599914550781,111.20149993896484,111.35350036621094,110.30389404296875,43722000,Yahoo Finance,GOOGL,2026-09-18T13:25:36+08:00,confirmed
2022-07-14,110.21050262451172,111.09300231933594,108.37300109863281,110.36750030517578,109.3271713256836,37004000,Yahoo Finance,GOOGL,2026-09-18T13:25:36+08:00,confirmed
2022-07-15,112.00050354003906,113.1405029296875,110.9000015258789,111.77749633789062,110.72388458251953,46770000,Yahoo Finance,GOOGL,2026-09-18T13:25:36+08:00,confirmed
2022-07-18,112.63999938964844,113.68000030517578,108.37000274658203,109.02999877929688,108.00228881835938,43164600,Yahoo Finance,GOOGL,2026-09-18T13:25:36+08:00,confirmed
2022-07-19,110.8499984741211,114.0199966430664,109.55999755859375,113.80999755859375,112.73722839355469,36530900,Yahoo Finance,GOOGL,2026-09-18T13:25:36+08:00,confirmed
2022-07-20,113.16999816894531,115.4000015258789,112.4800033569336,113.9000015258789,112.82637786865234,35600400,Yahoo Finance,GOOGL,2026-09-18T13:25:36+08:00,confirmed
2022-07-21,114.27999877929688,114.55000305175781,111.11000061035156,114.33999633789062,113.2622299194336,32676200,Yahoo Finance,GOOGL,2026-09-18T13:25:36+08:00,confirmed
2022-07-22,111.0,112.33999633789062,106.5,107.9000015258789,106.88292694091797,48901200,Yahoo Finance,GOOGL,2026-09-18T13:25:36+08:00,confirmed
2022-07-25,108.41000366210938,109.87000274658203,106.30000305175781,107.51000213623047,106.49661254882812,34690900,Yahoo Finance,GOOGL,2026-09-18T13:25:36+08:00,confirmed
2022-07-26,106.5999984741211,107.19999694824219,104.06999969482422,105.0199966430664,104.03008270263672,47991000,Yahoo Finance,GOOGL,2026-09-18T13:25:36+08:00,confirmed
2022-07-27,109.26000213623047,113.91000366210938,108.01000213623047,113.05999755859375,111.99430084228516,59858500,Yahoo Finance,GOOGL,2026-09-18T13:25:36+08:00,confirmed
2022-07-28,112.37000274658203,114.33999633789062,111.45999908447266,114.22000122070312,113.14336395263672,32816600,Yahoo Finance,GOOGL,2026-09-18T13:25:36+08:00,confirmed
2022-07-29,113.08000183105469,116.70999908447266,113.05999755859375,116.31999969482422,115.22357177734375,37223400,Yahoo Finance,GOOGL,2026-09-18T13:25:36+08:00,confirmed
2022-08-01,115.30000305175781,116.72000122070312,114.33999633789062,114.86000061035156,113.7773208618164,26034300,Yahoo Finance,GOOGL,2026-09-18T13:25:36+08:00,confirmed
2022-08-02,114.0,116.3499984741211,113.72000122070312,115.12999725341797,114.04479217529297,20236000,Yahoo Finance,GOOGL,2026-09-18T13:25:36+08:00,confirmed
2022-08-03,115.70999908447266,118.62000274658203,115.4800033569336,118.08000183105469,116.96697998046875,28499000,Yahoo Finance,GOOGL,2026-09-18T13:25:36+08:00,confirmed
2022-08-04,117.4800033569336,118.77999877929688,116.88999938964844,118.19000244140625,117.07594299316406,21602900,Yahoo Finance,GOOGL,2026-09-18T13:25:36+08:00,confirmed
2022-08-05,116.2300033569336,118.11000061035156,116.0,117.47000122070312,116.36272430419922,19159500,Yahoo Finance,GOOGL,2026-09-18T13:25:36+08:00,confirmed
2022-08-08,118.38999938964844,120.1500015258789,116.87999725341797,117.30000305175781,116.19432067871094,19138300,Yahoo Finance,GOOGL,2026-09-18T13:25:36+08:00,confirmed
2022-08-09,117.13999938964844,117.31999969482422,115.70999908447266,116.62999725341797,115.5306396484375,19086500,Yahoo Finance,GOOGL,2026-09-18T13:25:36+08:00,confirmed
2022-08-10,118.77999877929688,120.91999816894531,118.41000366210938,119.69999694824219,118.57170104980469,30930400,Yahoo Finance,GOOGL,2026-09-18T13:25:36+08:00,confirmed
2022-08-11,121.27999877929688,121.48999786376953,118.55999755859375,118.83999633789062,117.71980285644531,24293700,Yahoo Finance,GOOGL,2026-09-18T13:25:36+08:00,confirmed
2022-08-12,120.26000213623047,121.68000030517578,119.45999908447266,121.68000030517578,120.53304290771484,19096300,Yahoo Finance,GOOGL,2026-09-18T13:25:36+08:00,confirmed
2022-08-15,121.12999725341797,122.30000305175781,120.61000061035156,122.08000183105469,120.92928314208984,19494800,Yahoo Finance,GOOGL,2026-09-18T13:25:36+08:00,confirmed
2022-08-16,121.5199966430664,122.43000030517578,120.63999938964844,121.69999694824219,120.55284881591797,19041200,Yahoo Finance,GOOGL,2026-09-18T13:25:36+08:00,confirmed
2022-08-17,120.12000274658203,121.29000091552734,119.37999725341797,119.55000305175781,118.42313385009766,22847000,Yahoo Finance,GOOGL,2026-09-18T13:25:36+08:00,confirmed
2022-08-18,119.43000030517578,120.81999969482422,118.72000122070312,120.16999816894531,119.03728485107422,17987700,Yahoo Finance,GOOGL,2026-09-18T13:25:36+08:00,confirmed
2022-08-19,119.05999755859375,119.1500015258789,116.76000213623047,117.20999908447266,116.10517120361328,21809500,Yahoo Finance,GOOGL,2026-09-18T13:25:36+08:00,confirmed
2022-08-22,115.19999694824219,115.62999725341797,113.8499984741211,114.23999786376953,113.16317749023438,21456600,Yahoo Finance,GOOGL,2026-09-18T13:25:36+08:00,confirmed
2022-08-23,113.4800033569336,115.01000213623047,113.43000030517578,113.86000061035156,112.78675079345703,15870400,Yahoo Finance,GOOGL,2026-09-18T13:25:36+08:00,confirmed
2022-08-24,113.5,114.77999877929688,112.87000274658203,113.69000244140625,112.61836242675781,17734600,Yahoo Finance,GOOGL,2026-09-18T13:25:36+08:00,confirmed
2022-08-25,114.23999786376953,116.72000122070312,114.11000061035156,116.6500015258789,115.55046081542969,16956800,Yahoo Finance,GOOGL,2026-09-18T13:25:36+08:00,confirmed
2022-08-26,114.72000122070312,115.12000274658203,110.19000244140625,110.33999633789062,109.29993438720703,37245700,Yahoo Finance,GOOGL,2026-09-18T13:25:36+08:00,confirmed
2022-08-29,109.98999786376953,110.94999694824219,108.80000305175781,109.41999816894531,108.38860321044922,21191200,Yahoo Finance,GOOGL,2026-09-18T13:25:36+08:00,confirmed
2022-08-30,110.16999816894531,110.5,107.80000305175781,108.94000244140625,107.91313171386719,27513300,Yahoo Finance,GOOGL,2026-09-18T13:25:36+08:00,confirmed
2022-08-31,110.6500015258789,110.8499984741211,108.12999725341797,108.22000122070312,107.19992065429688,28627000,Yahoo Finance,GOOGL,2026-09-18T13:25:36+08:00,confirmed
2022-09-01,108.27999877929688,110.44999694824219,107.36000061035156,109.73999786376953,108.70560455322266,28360900,Yahoo Finance,GOOGL,2026-09-18T13:25:36+08:00,confirmed
2022-09-02,110.58999633789062,110.73999786376953,107.26000213623047,107.8499984741211,106.83340454101562,24160700,Yahoo Finance,GOOGL,2026-09-18T13:25:36+08:00,confirmed
2022-09-06,107.30000305175781,108.02999877929688,105.77999877929688,106.80999755859375,105.80321502685547,25068300,Yahoo Finance,GOOGL,2026-09-18T13:25:36+08:00,confirmed
2022-09-07,107.05999755859375,109.9800033569336,106.9000015258789,109.44999694824219,108.41832733154297,23167000,Yahoo Finance,GOOGL,2026-09-18T13:25:36+08:00,confirmed
2022-09-08,108.04000091552734,109.5999984741211,107.16000366210938,108.37999725341797,107.3583984375,24238300,Yahoo Finance,GOOGL,2026-09-18T13:25:36+08:00,confirmed
2022-09-09,109.06999969482422,110.98999786376953,109.0199966430664,110.6500015258789,109.60700988769531,23197700,Yahoo Finance,GOOGL,2026-09-18T13:25:36+08:00,confirmed
2022-09-12,110.98999786376953,111.62000274658203,109.93000030517578,110.86000061035156,109.81503295898438,22966800,Yahoo Finance,GOOGL,2026-09-18T13:25:36+08:00,confirmed
2022-09-13,107.80000305175781,108.30000305175781,104.08999633789062,104.31999969482422,103.33667755126953,38172900,Yahoo Finance,GOOGL,2026-09-18T13:25:36+08:00,confirmed
2022-09-14,104.56999969482422,105.27999877929688,103.66000366210938,105.0,104.01026153564453,26395100,Yahoo Finance,GOOGL,2026-09-18T13:25:36+08:00,confirmed
2022-09-15,104.02999877929688,105.2699966430664,102.3499984741211,102.91000366210938,101.9399642944336,34188300,Yahoo Finance,GOOGL,2026-09-18T13:25:36+08:00,confirmed
2022-09-16,102.06999969482422,103.12999725341797,100.94000244140625,102.80000305175781,101.83100891113281,42797200,Yahoo Finance,GOOGL,2026-09-18T13:25:36+08:00,confirmed
2022-09-19,101.75,103.33000183105469,101.55000305175781,103.06999969482422,102.09846496582031,23036800,Yahoo Finance,GOOGL,2026-09-18T13:25:36+08:00,confirmed
2022-09-20,102.08000183105469,102.37000274658203,100.5199966430664,101.13999938964844,100.1866455078125,26517100,Yahoo Finance,GOOGL,2026-09-18T13:25:36+08:00,confirmed
2022-09-21,101.66999816894531,102.87999725341797,99.2699966430664,99.27999877929688,98.34420013427734,31487300,Yahoo Finance,GOOGL,2026-09-18T13:25:36+08:00,confirmed
2022-09-22,98.81999969482422,101.23999786376953,98.79000091552734,100.13999938964844,99.19609069824219,34298600,Yahoo Finance,GOOGL,2026-09-18T13:25:36+08:00,confirmed
2022-09-23,99.62999725341797,99.66000366210938,97.47000122070312,98.73999786376953,97.80928039550781,31625400,Yahoo Finance,GOOGL,2026-09-18T13:25:36+08:00,confirmed
2022-09-26,98.0999984741211,99.87999725341797,97.80000305175781,98.16999816894531,97.2446517944336,27072700,Yahoo Finance,GOOGL,2026-09-18T13:25:36+08:00,confirmed
2022-09-27,99.43000030517578,100.0,96.87000274658203,97.5,96.58097839355469,30072800,Yahoo Finance,GOOGL,2026-09-18T13:25:36+08:00,confirmed
2022-09-28,97.6500015258789,100.69999694824219,97.11000061035156,100.05000305175781,99.10692596435547,32466300,Yahoo Finance,GOOGL,2026-09-18T13:25:36+08:00,confirmed
2022-09-29,98.63999938964844,98.63999938964844,95.95999908447266,97.41999816894531,96.50171661376953,31047200,Yahoo Finance,GOOGL,2026-09-18T13:25:36+08:00,confirmed
2022-09-30,97.05000305175781,98.9000015258789,95.55999755859375,95.6500015258789,94.7484130859375,32941500,Yahoo Finance,GOOGL,2026-09-18T13:25:36+08:00,confirmed
2022-10-03,96.76000213623047,99.29000091552734,96.5199966430664,98.63999938964844,97.71022033691406,27982000,Yahoo Finance,GOOGL,2026-09-18T13:25:36+08:00,confirmed
2022-10-04,100.44000244140625,101.83999633789062,100.37999725341797,101.63999938964844,100.68193054199219,28850800,Yahoo Finance,GOOGL,2026-09-18T13:25:36+08:00,confirmed
2022-10-05,99.83000183105469,101.93000030517578,98.80000305175781,101.43000030517578,100.47393035888672,22176900,Yahoo Finance,GOOGL,2026-09-18T13:25:36+08:00,confirmed
2022-10-06,100.68000030517578,102.93000030517578,100.58999633789062,101.41999816894531,100.4640121459961,22324000,Yahoo Finance,GOOGL,2026-09-18T13:25:36+08:00,confirmed
2022-10-07,99.8499984741211,100.52999877929688,98.30000305175781,98.68000030517578,97.74983978271484,27502800,Yahoo Finance,GOOGL,2026-09-18T13:25:36+08:00,confirmed
2022-10-10,99.0,99.0999984741211,97.01000213623047,97.86000061035156,96.93759155273438,18225100,Yahoo Finance,GOOGL,2026-09-18T13:25:36+08:00,confirmed
2022-10-11,97.43000030517578,99.25,96.30999755859375,97.18000030517578,96.26397705078125,26507100,Yahoo Finance,GOOGL,2026-09-18T13:25:36+08:00,confirmed
2022-10-12,97.30000305175781,98.75,96.73999786376953,97.55999755859375,96.6404037475586,21876400,Yahoo Finance,GOOGL,2026-09-18T13:25:36+08:00,confirmed
2022-10-13,95.1500015258789,99.77999877929688,94.37999725341797,99.05999755859375,98.12626647949219,34574500,Yahoo Finance,GOOGL,2026-09-18T13:25:36+08:00,confirmed
2022-10-14,99.98999786376953,100.69000244140625,96.37000274658203,96.55999755859375,95.64981842041016,25410700,Yahoo Finance,GOOGL,2026-09-18T13:25:36+08:00,confirmed
2022-10-17,98.86000061035156,100.93000030517578,98.83000183105469,99.97000122070312,99.02767944335938,28419200,Yahoo Finance,GOOGL,2026-09-18T13:25:36+08:00,confirmed
2022-10-18,103.12999725341797,103.47000122070312,99.97000122070312,100.7699966430664,99.82013702392578,24060700,Yahoo Finance,GOOGL,2026-09-18T13:25:36+08:00,confirmed
2022-10-19,100.01000213623047,101.0199966430664,98.91999816894531,99.62999725341797,98.69088745117188,23811100,Yahoo Finance,GOOGL,2026-09-18T13:25:36+08:00,confirmed
2022-10-20,100.0,102.31999969482422,99.38999938964844,99.97000122070312,99.02767944335938,25323200,Yahoo Finance,GOOGL,2026-09-18T13:25:36+08:00,confirmed
2022-10-21,97.8499984741211,101.30999755859375,97.72000122070312,101.12999725341797,100.17674255371094,32458700,Yahoo Finance,GOOGL,2026-09-18T13:25:36+08:00,confirmed
2022-10-24,101.80000305175781,102.75,99.9800033569336,102.5199966430664,101.55364990234375,27176400,Yahoo Finance,GOOGL,2026-09-18T13:25:36+08:00,confirmed
2022-10-25,102.9000015258789,104.81999969482422,102.72000122070312,104.4800033569336,103.49517059326172,40611400,Yahoo Finance,GOOGL,2026-09-18T13:25:36+08:00,confirmed
2022-10-26,96.43000030517578,98.30999755859375,94.69000244140625,94.93000030517578,94.0351791381836,88114100,Yahoo Finance,GOOGL,2026-09-18T13:25:36+08:00,confirmed
2022-10-27,94.5199966430664,95.43000030517578,91.80000305175781,92.22000122070312,91.3507308959961,60710900,Yahoo Finance,GOOGL,2026-09-18T13:25:36+08:00,confirmed
2022-10-28,92.2699966430664,96.55000305175781,92.12999725341797,96.29000091552734,95.38238525390625,43697300,Yahoo Finance,GOOGL,2026-09-18T13:25:36+08:00,confirmed
2022-10-31,95.41999816894531,96.02999877929688,93.9800033569336,94.51000213623047,93.61914825439453,31675000,Yahoo Finance,GOOGL,2026-09-18T13:25:36+08:00,confirmed
2022-11-01,95.44999694824219,96.02999877929688,90.37000274658203,90.47000122070312,89.61722564697266,47161400,Yahoo Finance,GOOGL,2026-09-18T13:25:36+08:00,confirmed
2022-11-02,90.94000244140625,91.18000030517578,86.87999725341797,86.97000122070312,86.15022277832031,57038300,Yahoo Finance,GOOGL,2026-09-18T13:25:36+08:00,confirmed
2022-11-03,86.31999969482422,86.5199966430664,83.33999633789062,83.43000030517578,82.64359283447266,61288000,Yahoo Finance,GOOGL,2026-09-18T13:25:36+08:00,confirmed
2022-11-04,85.4000015258789,86.63999938964844,83.70999908447266,86.58000183105469,85.76390838623047,51124900,Yahoo Finance,GOOGL,2026-09-18T13:25:36+08:00,confirmed
2022-11-07,87.27999877929688,88.9000015258789,86.8499984741211,88.48999786376953,87.65589904785156,34078900,Yahoo Finance,GOOGL,2026-09-18T13:25:36+08:00,confirmed
2022-11-08,88.9000015258789,90.31999969482422,87.58999633789062,88.9000015258789,88.06204223632812,30429000,Yahoo Finance,GOOGL,2026-09-18T13:25:36+08:00,confirmed
2022-11-09,88.44999694824219,89.44000244140625,87.27999877929688,87.31999969482422,86.49693298339844,31769100,Yahoo Finance,GOOGL,2026-09-18T13:25:36+08:00,confirmed
2022-11-10,92.25,94.38999938964844,91.61000061035156,93.94000244140625,93.05452728271484,51620100,Yahoo Finance,GOOGL,2026-09-18T13:25:36+08:00,confirmed
2022-11-11,94.69000244140625,96.93000030517578,93.91999816894531,96.41000366210938,95.5012435913086,33090500,Yahoo Finance,GOOGL,2026-09-18T13:25:36+08:00,confirmed
2022-11-14,95.08999633789062,96.79000091552734,94.51000213623047,95.69999694824219,94.79792022705078,30179500,Yahoo Finance,GOOGL,2026-09-18T13:25:36+08:00,confirmed
2022-11-15,98.26000213623047,100.13999938964844,96.70999908447266,98.44000244140625,97.51210021972656,41640800,Yahoo Finance,GOOGL,2026-09-18T13:25:36+08:00,confirmed
2022-11-16,97.9000015258789,99.63999938964844,97.63999938964844,98.8499984741211,97.9182357788086,29105200,Yahoo Finance,GOOGL,2026-09-18T13:25:36+08:00,confirmed
2022-11-17,96.97000122070312,99.27999877929688,96.79000091552734,98.36000061035156,97.43286895751953,26052600,Yahoo Finance,GOOGL,2026-09-18T13:25:36+08:00,confirmed
2022-11-18,98.7699966430664,98.9000015258789,96.37000274658203,97.43000030517578,96.51162719726562,28342300,Yahoo Finance,GOOGL,2026-09-18T13:25:36+08:00,confirmed
2022-11-21,97.29000091552734,98.4000015258789,95.36000061035156,95.5999984741211,94.6988754272461,21647400,Yahoo Finance,GOOGL,2026-09-18T13:25:36+08:00,confirmed
2022-11-22,95.94999694824219,97.22000122070312,94.05000305175781,97.05000305175781,96.13521575927734,23438500,Yahoo Finance,GOOGL,2026-09-18T13:25:36+08:00,confirmed
2022-11-23,97.08999633789062,98.76000213623047,97.08999633789062,98.45999908447266,97.53192138671875,18868100,Yahoo Finance,GOOGL,2026-09-18T13:25:36+08:00,confirmed
2022-11-25,98.23999786376953,98.63999938964844,97.4000015258789,97.45999908447266,96.54134368896484,9701400,Yahoo Finance,GOOGL,2026-09-18T13:25:36+08:00,confirmed
2022-11-28,97.04000091552734,97.58000183105469,95.61000061035156,96.05000305175781,95.1446304321289,26237500,Yahoo Finance,GOOGL,2026-09-18T13:25:36+08:00,confirmed
2022-11-29,95.7300033569336,96.12000274658203,94.11000061035156,95.19000244140625,94.29273986816406,20061700,Yahoo Finance,GOOGL,2026-09-18T13:25:36+08:00,confirmed
2022-11-30,94.81999969482422,101.04000091552734,94.41999816894531,100.98999786376953,100.03807067871094,43647500,Yahoo Finance,GOOGL,2026-09-18T13:25:36+08:00,confirmed
2022-12-01,101.0199966430664,102.25,100.25,100.98999786376953,100.03807067871094,28687100,Yahoo Finance,GOOGL,2026-09-18T13:25:36+08:00,confirmed
2022-12-02,99.05000305175781,100.7699966430664,98.9000015258789,100.44000244140625,99.49325561523438,21480700,Yahoo Finance,GOOGL,2026-09-18T13:25:36+08:00,confirmed
2022-12-05,99.4000015258789,101.37999725341797,99.0,99.4800033569336,98.54230499267578,24405100,Yahoo Finance,GOOGL,2026-09-18T13:25:36+08:00,confirmed
2022-12-06,99.30000305175781,99.77999877929688,96.41999816894531,96.9800033569336,96.06586456298828,24910700,Yahoo Finance,GOOGL,2026-09-18T13:25:36+08:00,confirmed
2022-12-07,96.41000366210938,96.87999725341797,94.72000122070312,94.94000244140625,94.04509735107422,31045400,Yahoo Finance,GOOGL,2026-09-18T13:25:36+08:00,confirmed
2022-12-08,95.37999725341797,95.58000183105469,93.44999694824219,93.70999908447266,92.82669067382812,32213300,Yahoo Finance,GOOGL,2026-09-18T13:25:36+08:00,confirmed
2022-12-09,93.7699966430664,94.26000213623047,92.75,92.83000183105469,91.9549789428711,28225400,Yahoo Finance,GOOGL,2026-09-18T13:25:36+08:00,confirmed
2022-12-12,92.70999908447266,93.55999755859375,91.61000061035156,93.30999755859375,92.43045043945312,29420000,Yahoo Finance,GOOGL,2026-09-18T13:25:36+08:00,confirmed
2022-12-13,97.76000213623047,99.52999877929688,95.02999877929688,95.62999725341797,94.72859191894531,40593700,Yahoo Finance,GOOGL,2026-09-18T13:25:36+08:00,confirmed
2022-12-14,95.19999694824219,96.87000274658203,93.5999984741211,95.06999969482422,94.17385864257812,28733600,Yahoo Finance,GOOGL,2026-09-18T13:25:36+08:00,confirmed
2022-12-15,93.12999725341797,93.63999938964844,90.01000213623047,90.86000061035156,90.00355529785156,40107000,Yahoo Finance,GOOGL,2026-09-18T13:25:36+08:00,confirmed
2022-12-16,90.76000213623047,91.33000183105469,89.5199966430664,90.26000213623047,89.40921020507812,58011800,Yahoo Finance,GOOGL,2026-09-18T13:25:36+08:00,confirmed
2022-12-19,90.26000213623047,90.55999755859375,88.20999908447266,88.44000244140625,87.60636138916016,29493000,Yahoo Finance,GOOGL,2026-09-18T13:25:36+08:00,confirmed
2022-12-20,88.11000061035156,89.18000030517578,87.44000244140625,89.0199966430664,88.18090057373047,23453800,Yahoo Finance,GOOGL,2026-09-18T13:25:36+08:00,confirmed
2022-12-21,89.08000183105469,90.22000122070312,88.31999969482422,89.58000183105469,88.7356185913086,24745600,Yahoo Finance,GOOGL,2026-09-18T13:25:36+08:00,confirmed
2022-12-22,88.16000366210938,88.54000091552734,86.31999969482422,87.76000213623047,86.93276977539062,27658300,Yahoo Finance,GOOGL,2026-09-18T13:25:36+08:00,confirmed
2022-12-23,87.11000061035156,89.55000305175781,87.06999969482422,89.2300033569336,88.38892364501953,23003000,Yahoo Finance,GOOGL,2026-09-18T13:25:36+08:00,confirmed
2022-12-27,88.80000305175781,88.94000244140625,87.01000213623047,87.38999938964844,86.5662612915039,20097300,Yahoo Finance,GOOGL,2026-09-18T13:25:36+08:00,confirmed
2022-12-28,86.9800033569336,88.04000091552734,85.94000244140625,86.0199966430664,85.20917510986328,19523200,Yahoo Finance,GOOGL,2026-09-18T13:25:36+08:00,confirmed
2022-12-29,86.62000274658203,88.8499984741211,86.61000061035156,88.44999694824219,87.61627197265625,23333500,Yahoo Finance,GOOGL,2026-09-18T13:25:36+08:00,confirmed
2022-12-30,86.9800033569336,88.30000305175781,86.56999969482422,88.2300033569336,87.3983383178711,23986300,Yahoo Finance,GOOGL,2026-09-18T13:25:36+08:00,confirmed
2023-01-03,89.58999633789062,91.05000305175781,88.5199966430664,89.12000274658203,88.27996826171875,28131200,Yahoo Finance,GOOGL,2026-09-18T13:25:36+08:00,confirmed
2023-01-04,90.3499984741211,90.6500015258789,87.2699966430664,88.08000183105469,87.249755859375,34854800,Yahoo Finance,GOOGL,2026-09-18T13:25:36+08:00,confirmed
2023-01-05,87.47000122070312,87.56999969482422,85.9000015258789,86.19999694824219,85.3874740600586,27194400,Yahoo Finance,GOOGL,2026-09-18T13:25:36+08:00,confirmed
2023-01-06,86.79000091552734,87.69000244140625,84.86000061035156,87.33999633789062,86.51673889160156,41381500,Yahoo Finance,GOOGL,2026-09-18T13:25:36+08:00,confirmed
2023-01-09,88.36000061035156,90.05000305175781,87.86000061035156,88.0199966430664,87.19032287597656,29003900,Yahoo Finance,GOOGL,2026-09-18T13:25:36+08:00,confirmed
2023-01-10,85.9800033569336,88.66999816894531,85.83000183105469,88.41999816894531,87.5865478515625,30467800,Yahoo Finance,GOOGL,2026-09-18T13:25:36+08:00,confirmed
2023-01-11,89.18000030517578,91.5999984741211,89.01000213623047,91.5199966430664,90.65733337402344,26862000,Yahoo Finance,GOOGL,2026-09-18T13:25:36+08:00,confirmed
2023-01-12,91.4800033569336,91.87000274658203,89.75,91.12999725341797,90.27100372314453,30258100,Yahoo Finance,GOOGL,2026-09-18T13:25:36+08:00,confirmed
2023-01-13,90.8499984741211,92.19000244140625,90.12999725341797,92.12000274658203,91.25167846679688,26329200,Yahoo Finance,GOOGL,2026-09-18T13:25:36+08:00,confirmed
2023-01-17,92.05999755859375,92.25,90.05000305175781,91.29000091552734,90.42950439453125,32602400,Yahoo Finance,GOOGL,2026-09-18T13:25:36+08:00,confirmed
2023-01-18,92.13999938964844,92.80000305175781,90.63999938964844,91.12000274658203,90.26111602783203,29116700,Yahoo Finance,GOOGL,2026-09-18T13:25:36+08:00,confirmed
2023-01-19,90.72000122070312,93.61000061035156,90.62999725341797,93.05000305175781,92.17292022705078,37000400,Yahoo Finance,GOOGL,2026-09-18T13:25:36+08:00,confirmed
2023-01-20,95.0999984741211,98.30000305175781,95.0199966430664,98.0199966430664,97.09606170654297,63191100,Yahoo Finance,GOOGL,2026-09-18T13:25:36+08:00,confirmed
2023-01-23,97.94999694824219,100.04000091552734,97.5,99.79000091552734,98.84937286376953,40005100,Yahoo Finance,GOOGL,2026-09-18T13:25:36+08:00,confirmed
2023-01-24,98.0999984741211,99.61000061035156,97.19999694824219,97.69999694824219,96.77908325195312,33078500,Yahoo Finance,GOOGL,2026-09-18T13:25:36+08:00,confirmed
2023-01-25,95.56999969482422,96.16000366210938,93.76000213623047,95.22000122070312,94.32244873046875,42330000,Yahoo Finance,GOOGL,2026-09-18T13:25:36+08:00,confirmed
2023-01-26,96.5,97.56999969482422,95.37999725341797,97.5199966430664,96.60078430175781,30114000,Yahoo Finance,GOOGL,2026-09-18T13:25:36+08:00,confirmed
2023-01-27,97.30999755859375,100.31999969482422,97.30999755859375,99.37000274658203,98.43333435058594,33879800,Yahoo Finance,GOOGL,2026-09-18T13:25:36+08:00,confirmed
2023-01-30,97.4800033569336,98.29000091552734,96.4000015258789,96.94000244140625,96.0262451171875,27226200,Yahoo Finance,GOOGL,2026-09-18T13:25:36+08:00,confirmed
2023-01-31,96.87000274658203,98.87999725341797,96.81999969482422,98.83999633789062,97.90833282470703,29870700,Yahoo Finance,GOOGL,2026-09-18T13:25:36+08:00,confirmed
2023-02-01,98.70999908447266,101.19000244140625,97.58000183105469,100.43000030517578,99.48335266113281,35531100,Yahoo Finance,GOOGL,2026-09-18T13:25:36+08:00,confirmed
2023-02-02,105.80000305175781,107.8499984741211,105.61000061035156,107.73999786376953,106.72444915771484,69883800,Yahoo Finance,GOOGL,2026-09-18T13:25:36+08:00,confirmed
2023-02-03,102.93000030517578,107.80999755859375,102.58000183105469,104.77999877929688,103.79234313964844,65309300,Yahoo Finance,GOOGL,2026-09-18T13:25:36+08:00,confirmed
2023-02-06,102.4000015258789,104.36000061035156,101.87999725341797,102.9000015258789,101.93006896972656,31999600,Yahoo Finance,GOOGL,2026-09-18T13:25:36+08:00,confirmed
2023-02-07,103.22000122070312,108.18000030517578,103.12000274658203,107.63999938964844,106.62538146972656,49010200,Yahoo Finance,GOOGL,2026-09-18T13:25:36+08:00,confirmed
2023-02-08,102.05000305175781,103.13999938964844,98.04000091552734,99.37000274658203,98.43333435058594,94743500,Yahoo Finance,GOOGL,2026-09-18T13:25:36+08:00,confirmed
2023-02-09,100.0,100.02999877929688,93.62999725341797,95.01000213623047,94.11444091796875,119455000,Yahoo Finance,GOOGL,2026-09-18T13:25:36+08:00,confirmed
2023-02-10,95.44999694824219,96.75,94.25,94.56999969482422,93.67858123779297,54980700,Yahoo Finance,GOOGL,2026-09-18T13:25:36+08:00,confirmed
2023-02-13,94.73999786376953,95.19999694824219,93.83999633789062,94.61000061035156,93.71821594238281,50076100,Yahoo Finance,GOOGL,2026-09-18T13:25:36+08:00,confirmed
2023-02-14,94.43000030517578,94.8499984741211,92.26000213623047,94.68000030517578,93.78755187988281,54726100,Yahoo Finance,GOOGL,2026-09-18T13:25:36+08:00,confirmed
2023-02-15,94.48999786376953,97.12000274658203,94.1500015258789,96.94000244140625,96.0262451171875,50169000,Yahoo Finance,GOOGL,2026-09-18T13:25:36+08:00,confirmed
2023-02-16,95.37000274658203,97.68000030517578,94.73999786376953,95.51000213623047,94.60972595214844,42462600,Yahoo Finance,GOOGL,2026-09-18T13:25:36+08:00,confirmed
2023-02-17,94.8499984741211,95.55999755859375,93.20999908447266,94.3499984741211,93.46065521240234,34284100,Yahoo Finance,GOOGL,2026-09-18T13:25:36+08:00,confirmed
2023-02-21,93.0,93.0999984741211,91.72000122070312,91.79000091552734,90.92478942871094,33629300,Yahoo Finance,GOOGL,2026-09-18T13:25:36+08:00,confirmed
2023-02-22,91.69999694824219,92.11000061035156,90.61000061035156,91.6500015258789,90.78610229492188,30884000,Yahoo Finance,GOOGL,2026-09-18T13:25:36+08:00,confirmed
2023-02-23,91.91999816894531,91.94000244140625,89.76000213623047,90.88999938964844,90.03327941894531,41206400,Yahoo Finance,GOOGL,2026-09-18T13:25:36+08:00,confirmed
2023-02-24,89.44000244140625,89.88999938964844,88.58000183105469,89.12999725341797,88.28985595703125,36585100,Yahoo Finance,GOOGL,2026-09-18T13:25:36+08:00,confirmed
2023-02-27,89.87000274658203,90.16000366210938,89.33999633789062,89.87000274658203,89.02288055419922,27502300,Yahoo Finance,GOOGL,2026-09-18T13:25:36+08:00,confirmed
2023-02-28,89.33000183105469,91.2300033569336,89.31999969482422,90.05999755859375,89.21109771728516,30142000,Yahoo Finance,GOOGL,2026-09-18T13:25:36+08:00,confirmed
2023-03-01,89.9800033569336,91.02999877929688,89.66999816894531,90.36000061035156,89.50826263427734,31111200,Yahoo Finance,GOOGL,2026-09-18T13:25:36+08:00,confirmed
2023-03-02,89.66000366210938,92.27999877929688,89.58999633789062,92.0,91.13279724121094,32204400,Yahoo Finance,GOOGL,2026-09-18T13:25:36+08:00,confirmed
2023-03-03,92.4800033569336,93.7300033569336,92.44999694824219,93.6500015258789,92.76725006103516,35160100,Yahoo Finance,GOOGL,2026-09-18T13:25:36+08:00,confirmed
2023-03-06,94.0199966430664,95.97000122070312,94.0,95.12999725341797,94.23331451416016,32639300,Yahoo Finance,GOOGL,2026-09-18T13:25:36+08:00,confirmed
2023-03-07,94.9800033569336,95.66999816894531,93.52999877929688,93.86000061035156,92.97528839111328,27835500,Yahoo Finance,GOOGL,2026-09-18T13:25:36+08:00,confirmed
2023-03-08,94.12000274658203,95.95999908447266,94.0,94.25,93.3615951538086,34103300,Yahoo Finance,GOOGL,2026-09-18T13:25:36+08:00,confirmed
2023-03-09,94.05000305175781,95.52999877929688,91.9000015258789,92.31999969482422,91.44978332519531,28813500,Yahoo Finance,GOOGL,2026-09-18T13:25:36+08:00,confirmed
2023-03-10,92.16999816894531,92.79000091552734,90.4000015258789,90.62999725341797,89.7757339477539,35941000,Yahoo Finance,GOOGL,2026-09-18T13:25:36+08:00,confirmed
2023-03-13,90.08999633789062,92.56999969482422,89.41999816894531,91.11000061035156,90.2511978149414,37335600,Yahoo Finance,GOOGL,2026-09-18T13:25:36+08:00,confirmed
2023-03-14,92.55999755859375,94.36000061035156,92.44000244140625,93.97000122070312,93.0842514038086,36050200,Yahoo Finance,GOOGL,2026-09-18T13:25:36+08:00,confirmed
2023-03-15,93.22000122070312,96.93000030517578,92.63999938964844,96.11000061035156,95.2040786743164,50622100,Yahoo Finance,GOOGL,2026-09-18T13:25:36+08:00,confirmed
2023-03-16,96.19999694824219,101.19000244140625,95.5,100.31999969482422,99.37438201904297,65492000,Yahoo Finance,GOOGL,2026-09-18T13:25:36+08:00,confirmed
2023-03-17,100.26000213623047,102.83999633789062,100.0999984741211,101.62000274658203,100.6621322631836,61028500,Yahoo Finance,GOOGL,2026-09-18T13:25:36+08:00,confirmed
2023-03-20,100.12000274658203,101.75,99.87000274658203,101.22000122070312,100.26589965820312,32960400,Yahoo Finance,GOOGL,2026-09-18T13:25:36+08:00,confirmed
2023-03-21,101.25,105.0999984741211,101.22000122070312,104.91999816894531,103.93101501464844,42110300,Yahoo Finance,GOOGL,2026-09-18T13:25:36+08:00,confirmed
2023-03-22,104.2699966430664,106.58999633789062,103.33000183105469,103.37000274658203,102.39563751220703,43427400,Yahoo Finance,GOOGL,2026-09-18T13:25:36+08:00,confirmed
2023-03-23,105.05999755859375,106.30000305175781,104.45999908447266,105.5999984741211,104.6046142578125,40797800,Yahoo Finance,GOOGL,2026-09-18T13:25:36+08:00,confirmed
2023-03-24,104.98999786376953,105.48999786376953,103.83999633789062,105.44000244140625,104.44611358642578,30393300,Yahoo Finance,GOOGL,2026-09-18T13:25:36+08:00,confirmed
2023-03-27,104.62000274658203,104.76000213623047,101.93000030517578,102.45999908447266,101.49420928955078,31120900,Yahoo Finance,GOOGL,2026-09-18T13:25:36+08:00,confirmed
2023-03-28,102.44000244140625,102.44999694824219,99.73999786376953,101.02999877929688,100.07769775390625,32057900,Yahoo Finance,GOOGL,2026-09-18T13:25:36+08:00,confirmed
2023-03-29,102.27999877929688,102.48999786376953,100.6500015258789,101.38999938964844,100.43428802490234,28779600,Yahoo Finance,GOOGL,2026-09-18T13:25:36+08:00,confirmed
2023-03-30,100.91000366210938,101.16000366210938,99.77999877929688,100.88999938964844,99.93901824951172,33086200,Yahoo Finance,GOOGL,2026-09-18T13:25:36+08:00,confirmed
2023-03-31,101.30000305175781,103.88999938964844,101.04000091552734,103.7300033569336,102.75225067138672,36863400,Yahoo Finance,GOOGL,2026-09-18T13:25:36+08:00,confirmed
2023-04-03,102.38999938964844,104.52999877929688,101.93000030517578,104.36000061035156,103.37630462646484,25035400,Yahoo Finance,GOOGL,2026-09-18T13:25:36+08:00,confirmed
2023-04-04,104.33000183105469,105.58000183105469,104.04000091552734,104.72000122070312,103.73290252685547,24420100,Yahoo Finance,GOOGL,2026-09-18T13:25:36+08:00,confirmed
2023-04-05,105.77999877929688,106.0999984741211,103.66000366210938,104.47000122070312,103.48526763916016,28290500,Yahoo Finance,GOOGL,2026-09-18T13:25:36+08:00,confirmed
2023-04-06,105.26000213623047,109.16999816894531,104.33000183105469,108.41999816894531,107.39803314208984,48711500,Yahoo Finance,GOOGL,2026-09-18T13:25:36+08:00,confirmed
2023-04-10,106.9800033569336,107.58999633789062,105.12000274658203,106.44000244140625,105.43670654296875,27067400,Yahoo Finance,GOOGL,2026-09-18T13:25:36+08:00,confirmed
2023-04-11,106.55000305175781,106.7300033569336,104.68000030517578,105.3499984741211,104.35698699951172,26311800,Yahoo Finance,GOOGL,2026-09-18T13:25:36+08:00,confirmed
2023-04-12,106.58000183105469,106.75,104.33999633789062,104.63999938964844,103.65365600585938,24370300,Yahoo Finance,GOOGL,2026-09-18T13:25:36+08:00,confirmed
2023-04-13,105.83999633789062,107.48999786376953,105.83999633789062,107.43000030517578,106.41736602783203,24843600,Yahoo Finance,GOOGL,2026-09-18T13:25:36+08:00,confirmed
2023-04-14,106.88999938964844,108.94000244140625,106.83999633789062,108.87000274658203,107.84379577636719,26578000,Yahoo Finance,GOOGL,2026-09-18T13:25:36+08:00,confirmed
2023-04-17,104.66000366210938,106.16000366210938,104.5199966430664,105.97000122070312,104.97113037109375,37571200,Yahoo Finance,GOOGL,2026-09-18T13:25:36+08:00,confirmed
2023-04-18,106.48999786376953,106.54000091552734,104.06999969482422,104.5,103.51496887207031,26596400,Yahoo Finance,GOOGL,2026-09-18T13:25:36+08:00,confirmed
2023-04-19,103.58000183105469,104.9800033569336,103.06999969482422,104.18000030517578,103.19800567626953,20905700,Yahoo Finance,GOOGL,2026-09-18T13:25:36+08:00,confirmed
2023-04-20,103.91000366210938,106.25,103.87000274658203,105.29000091552734,104.29754638671875,27820800,Yahoo Finance,GOOGL,2026-09-18T13:25:36+08:00,confirmed
2023-04-21,105.47000122070312,106.0,104.77999877929688,105.41000366210938,104.4164047241211,25800100,Yahoo Finance,GOOGL,2026-09-18T13:25:36+08:00,confirmed
2023-04-24,105.48999786376953,106.62999725341797,104.69999694824219,105.97000122070312,104.97113037109375,23542800,Yahoo Finance,GOOGL,2026-09-18T13:25:36+08:00,confirmed
2023-04-25,105.83000183105469,106.69000244140625,103.83999633789062,103.8499984741211,102.87110137939453,46664100,Yahoo Finance,GOOGL,2026-09-18T13:25:36+08:00,confirmed
2023-04-26,104.91999816894531,106.3499984741211,102.62999725341797,103.70999908447266,102.73242950439453,53347600,Yahoo Finance,GOOGL,2026-09-18T13:25:36+08:00,confirmed
2023-04-27,104.44999694824219,108.37000274658203,103.54000091552734,107.58999633789062,106.57585144042969,50089200,Yahoo Finance,GOOGL,2026-09-18T13:25:36+08:00,confirmed
2023-04-28,107.04000091552734,107.3499984741211,105.08999633789062,107.33999633789062,106.32820892333984,36139800,Yahoo Finance,GOOGL,2026-09-18T13:25:36+08:00,confirmed
2023-05-01,106.83999633789062,107.98999786376953,106.81999969482422,107.19999694824219,106.18952941894531,26681700,Yahoo Finance,GOOGL,2026-09-18T13:25:36+08:00,confirmed
2023-05-02,107.13999938964844,107.19999694824219,103.70999908447266,105.31999969482422,104.32723999023438,30997200,Yahoo Finance,GOOGL,2026-09-18T13:25:36+08:00,confirmed
2023-05-03,105.52999877929688,107.48999786376953,104.95999908447266,105.41000366210938,104.4164047241211,21795400,Yahoo Finance,GOOGL,2026-09-18T13:25:36+08:00,confirmed
2023-05-04,105.48999786376953,105.5999984741211,103.97000122070312,104.69000244140625,103.70320129394531,23419500,Yahoo Finance,GOOGL,2026-09-18T13:25:36+08:00,confirmed
2023-05-05,104.81999969482422,105.87999725341797,104.11000061035156,105.56999969482422,104.57489776611328,26639300,Yahoo Finance,GOOGL,2026-09-18T13:25:36+08:00,confirmed
2023-05-08,105.18000030517578,107.95999908447266,105.16000366210938,107.7699966430664,106.75414276123047,26511400,Yahoo Finance,GOOGL,2026-09-18T13:25:36+08:00,confirmed
2023-05-09,108.38999938964844,110.1500015258789,107.19000244140625,107.3499984741211,106.33812713623047,36360100,Yahoo Finance,GOOGL,2026-09-18T13:25:36+08:00,confirmed
2023-05-10,107.97000122070312,112.94000244140625,107.93000030517578,111.75,110.69664001464844,63153400,Yahoo Finance,GOOGL,2026-09-18T13:25:36+08:00,confirmed
2023-05-11,115.4000015258789,117.91999816894531,114.41000366210938,116.56999969482422,115.4712142944336,78900000,Yahoo Finance,GOOGL,2026-09-18T13:25:36+08:00,confirmed
2023-05-12,116.68000030517578,118.02999877929688,116.11000061035156,117.51000213623047,116.40235137939453,41102300,Yahoo Finance,GOOGL,2026-09-18T13:25:36+08:00,confirmed
2023-05-15,116.11000061035156,118.4800033569336,116.01000213623047,116.51000213623047,115.41178894042969,36266800,Yahoo Finance,GOOGL,2026-09-18T13:25:36+08:00,confirmed
2023-05-16,116.48999786376953,120.75,116.43000030517578,119.51000213623047,118.38350677490234,45035600,Yahoo Finance,GOOGL,2026-09-18T13:25:36+08:00,confirmed
2023-05-17,119.61000061035156,121.66999816894531,118.88999938964844,120.83999633789062,119.70097351074219,33323600,Yahoo Finance,GOOGL,2026-09-18T13:25:36+08:00,confirmed
2023-05-18,120.94999694824219,123.30999755859375,120.83000183105469,122.83000183105469,121.67220306396484,35234200,Yahoo Finance,GOOGL,2026-09-18T13:25:36+08:00,confirmed
2023-05-19,123.55000305175781,125.97000122070312,122.1500015258789,122.76000213623047,121.60286712646484,41353400,Yahoo Finance,GOOGL,2026-09-18T13:25:36+08:00,confirmed
2023-05-22,122.94000244140625,126.43000030517578,122.73999786376953,125.05000305175781,123.87127685546875,35253000,Yahoo Finance,GOOGL,2026-09-18T13:25:36+08:00,confirmed
2023-05-23,124.16000366210938,124.62999725341797,122.20999908447266,122.55999755859375,121.40474700927734,34046300,Yahoo Finance,GOOGL,2026-09-18T13:25:36+08:00,confirmed
2023-05-24,121.12000274658203,121.91000366210938,119.86000061035156,120.9000015258789,119.76041412353516,34182600,Yahoo Finance,GOOGL,2026-09-18T13:25:36+08:00,confirmed
2023-05-25,124.5199966430664,125.31999969482422,121.95999908447266,123.4800033569336,122.31607055664062,42317000,Yahoo Finance,GOOGL,2026-09-18T13:25:36+08:00,confirmed
2023-05-26,123.16999816894531,125.26000213623047,122.44999694824219,124.61000061035156,123.4354248046875,35635900,Yahoo Finance,GOOGL,2026-09-18T13:25:36+08:00,confirmed
2023-05-30,125.63999938964844,125.66000366210938,122.0,123.66999816894531,122.50428771972656,35076700,Yahoo Finance,GOOGL,2026-09-18T13:25:36+08:00,confirmed
2023-05-31,122.75,124.05999755859375,122.5,122.87000274658203,121.71183013916016,37325800,Yahoo Finance,GOOGL,2026-09-18T13:25:36+08:00,confirmed
2023-06-01,122.81999969482422,124.41999816894531,122.62000274658203,123.72000122070312,122.55380249023438,30772700,Yahoo Finance,GOOGL,2026-09-18T13:25:36+08:00,confirmed
2023-06-02,123.98999786376953,126.1500015258789,123.76000213623047,124.66999816894531,123.49484252929688,26980100,Yahoo Finance,GOOGL,2026-09-18T13:25:36+08:00,confirmed
2023-06-05,124.01000213623047,127.43000030517578,123.83999633789062,126.01000213623047,124.82222747802734,32305500,Yahoo Finance,GOOGL,2026-09-18T13:25:36+08:00,confirmed
2023-06-06,126.01000213623047,128.2899932861328,125.36000061035156,127.30999755859375,126.10997772216797,26638300,Yahoo Finance,GOOGL,2026-09-18T13:25:36+08:00,confirmed
2023-06-07,126.97000122070312,129.0399932861328,122.12000274658203,122.5,121.3453140258789,52539000,Yahoo Finance,GOOGL,2026-09-18T13:25:36+08:00,confirmed
2023-06-08,122.2300033569336,123.2300033569336,121.23999786376953,122.13999938964844,120.98870086669922,29389200,Yahoo Finance,GOOGL,2026-09-18T13:25:36+08:00,confirmed
2023-06-09,122.25,123.76000213623047,121.91000366210938,122.2300033569336,121.0778579711914,23778300,Yahoo Finance,GOOGL,2026-09-18T13:25:36+08:00,confirmed
2023-06-12,122.79000091552734,124.05000305175781,121.66000366210938,123.63999938964844,122.47457122802734,28306400,Yahoo Finance,GOOGL,2026-09-18T13:25:36+08:00,confirmed
2023-06-13,124.9800033569336,125.16000366210938,123.18000030517578,123.83000183105469,122.66278076171875,22278300,Yahoo Finance,GOOGL,2026-09-18T13:25:36+08:00,confirmed
2023-06-14,123.0999984741211,124.05000305175781,121.44999694824219,123.66999816894531,122.50428771972656,30592300,Yahoo Finance,GOOGL,2026-09-18T13:25:36+08:00,confirmed
2023-06-15,123.13999938964844,125.45999908447266,122.4000015258789,125.08999633789062,123.91089630126953,35246300,Yahoo Finance,GOOGL,2026-09-18T13:25:36+08:00,confirmed
2023-06-16,125.93000030517578,126.11000061035156,123.27999877929688,123.52999877929688,122.36561584472656,45535600,Yahoo Finance,GOOGL,2026-09-18T13:25:36+08:00,confirmed
2023-06-20,122.93000030517578,124.56999969482422,122.13999938964844,123.0999984741211,121.93965911865234,26097500,Yahoo Finance,GOOGL,2026-09-18T13:25:36+08:00,confirmed
2023-06-21,122.4000015258789,122.66000366210938,120.0999984741211,120.55000305175781,119.41368865966797,30306300,Yahoo Finance,GOOGL,2026-09-18T13:25:36+08:00,confirmed
2023-06-22,120.0,123.23999786376953,118.83000183105469,123.1500015258789,121.98918914794922,26952200,Yahoo Finance,GOOGL,2026-09-18T13:25:36+08:00,confirmed
2023-06-23,121.37999725341797,122.79000091552734,121.05999755859375,122.33999633789062,121.18682098388672,34913600,Yahoo Finance,GOOGL,2026-09-18T13:25:36+08:00,confirmed
2023-06-26,120.76000213623047,122.0,118.2699966430664,118.33999633789062,117.22451782226562,33969900,Yahoo Finance,GOOGL,2026-09-18T13:25:36+08:00,confirmed
2023-06-27,117.08000183105469,119.08000183105469,116.0999984741211,118.33000183105469,117.21463012695312,39535900,Yahoo Finance,GOOGL,2026-09-18T13:25:36+08:00,confirmed
2023-06-28,117.08999633789062,120.38999938964844,116.8499984741211,120.18000030517578,119.04718780517578,27091400,Yahoo Finance,GOOGL,2026-09-18T13:25:36+08:00,confirmed
2023-06-29,119.23999786376953,120.05999755859375,118.30000305175781,119.0999984741211,117.97735595703125,24090900,Yahoo Finance,GOOGL,2026-09-18T13:25:36+08:00,confirmed
2023-06-30,120.16999816894531,121.08000183105469,119.69000244140625,119.69999694824219,118.57170104980469,29532200,Yahoo Finance,GOOGL,2026-09-18T13:25:36+08:00,confirmed
2023-07-03,119.23999786376953,120.19000244140625,118.81999969482422,119.9000015258789,118.76982116699219,14467900,Yahoo Finance,GOOGL,2026-09-18T13:25:36+08:00,confirmed
2023-07-05,119.23999786376953,122.61000061035156,119.2300033569336,121.75,120.60238647460938,27584800,Yahoo Finance,GOOGL,2026-09-18T13:25:36+08:00,confirmed
2023-07-06,119.80000305175781,120.30000305175781,118.4000015258789,120.11000061035156,118.97784423828125,24745200,Yahoo Finance,GOOGL,2026-09-18T13:25:36+08:00,confirmed
2023-07-07,120.0999984741211,121.05000305175781,119.4000015258789,119.4800033569336,118.3537826538086,21709500,Yahoo Finance,GOOGL,2026-09-18T13:25:36+08:00,confirmed
2023-07-10,118.30000305175781,118.30999755859375,116.13999938964844,116.44999694824219,115.35233306884766,35315200,Yahoo Finance,GOOGL,2026-09-18T13:25:36+08:00,confirmed
2023-07-11,116.29000091552734,117.70999908447266,115.3499984741211,117.13999938964844,116.03582763671875,23078800,Yahoo Finance,GOOGL,2026-09-18T13:25:36+08:00,confirmed
2023-07-12,118.80000305175781,120.33000183105469,118.41000366210938,118.93000030517578,117.80896759033203,30404400,Yahoo Finance,GOOGL,2026-09-18T13:25:36+08:00,confirmed
2023-07-13,120.93000030517578,124.83000183105469,120.44999694824219,124.54000091552734,123.3660888671875,44297900,Yahoo Finance,GOOGL,2026-09-18T13:25:36+08:00,confirmed
2023-07-14,124.80000305175781,126.77999877929688,123.48999786376953,125.41999816894531,124.23780059814453,33283100,Yahoo Finance,GOOGL,2026-09-18T13:25:36+08:00,confirmed
2023-07-17,125.94000244140625,127.0999984741211,124.19999694824219,124.6500015258789,123.47503662109375,25716200,Yahoo Finance,GOOGL,2026-09-18T13:25:36+08:00,confirmed
2023-07-18,124.5999984741211,124.68000030517578,122.95999908447266,123.76000213623047,122.59343719482422,26193600,Yahoo Finance,GOOGL,2026-09-18T13:25:36+08:00,confirmed
2023-07-19,124.5999984741211,125.18000030517578,121.80000305175781,122.02999877929688,120.87973022460938,37224000,Yahoo Finance,GOOGL,2026-09-18T13:25:36+08:00,confirmed
2023-07-20,121.41999816894531,124.08999633789062,118.22000122070312,119.19999694824219,118.07640075683594,37906800,Yahoo Finance,GOOGL,2026-09-18T13:25:36+08:00,confirmed
2023-07-21,120.62000274658203,120.98999786376953,118.7300033569336,120.0199966430664,118.88868713378906,72937900,Yahoo Finance,GOOGL,2026-09-18T13:25:36+08:00,confirmed
2023-07-24,121.66000366210938,123.0,120.9800033569336,121.52999877929688,120.38446044921875,29686100,Yahoo Finance,GOOGL,2026-09-18T13:25:36+08:00,confirmed
2023-07-25,121.36000061035156,123.1500015258789,121.0199966430664,122.20999908447266,121.05803680419922,52509600,Yahoo Finance,GOOGL,2026-09-18T13:25:36+08:00,confirmed
2023-07-26,130.07000732421875,130.97999572753906,128.32000732421875,129.27000427246094,128.051513671875,61682100,Yahoo Finance,GOOGL,2026-09-18T13:25:36+08:00,confirmed
2023-07-27,131.6699981689453,133.24000549316406,128.7899932861328,129.39999389648438,128.18023681640625,44952100,Yahoo Finance,GOOGL,2026-09-18T13:25:36+08:00,confirmed
2023-07-28,130.77999877929688,133.74000549316406,130.57000732421875,132.5800018310547,131.33030700683594,36591200,Yahoo Finance,GOOGL,2026-09-18T13:25:36+08:00,confirmed
2023-07-31,132.72999572753906,133.52999877929688,131.77999877929688,132.72000122070312,131.468994140625,28055500,Yahoo Finance,GOOGL,2026-09-18T13:25:36+08:00,confirmed
2023-08-01,130.77999877929688,132.6300048828125,130.67999267578125,131.5500030517578,130.3100128173828,23166800,Yahoo Finance,GOOGL,2026-09-18T13:25:36+08:00,confirmed
2023-08-02,129.4499969482422,130.08999633789062,127.55999755859375,128.3800048828125,127.1698989868164,26273300,Yahoo Finance,GOOGL,2026-09-18T13:25:36+08:00,confirmed
2023-08-03,127.97000122070312,129.38999938964844,127.41999816894531,128.4499969482422,127.23924255371094,20089500,Yahoo Finance,GOOGL,2026-09-18T13:25:36+08:00,confirmed
2023-08-04,129.27999877929688,131.50999450683594,127.91000366210938,128.11000061035156,126.90242767333984,26147200,Yahoo Finance,GOOGL,2026-09-18T13:25:36+08:00,confirmed
2023-08-07,129.16000366210938,131.61000061035156,129.02000427246094,131.52999877929688,130.29019165039062,22746300,Yahoo Finance,GOOGL,2026-09-18T13:25:36+08:00,confirmed
2023-08-08,130.6199951171875,131.50999450683594,129.5399932861328,131.39999389648438,130.1614532470703,23535200,Yahoo Finance,GOOGL,2026-09-18T13:25:36+08:00,confirmed
2023-08-09,131.66000366210938,132.0399932861328,129.0,129.66000366210938,128.4378204345703,24912900,Yahoo Finance,GOOGL,2026-09-18T13:25:36+08:00,confirmed
2023-08-10,131.32000732421875,132.0500030517578,129.4499969482422,129.69000244140625,128.46755981445312,20857800,Yahoo Finance,GOOGL,2026-09-18T13:25:36+08:00,confirmed
2023-08-11,128.66000366210938,129.92999267578125,128.1699981689453,129.55999755859375,128.33877563476562,19591100,Yahoo Finance,GOOGL,2026-09-18T13:25:36+08:00,confirmed
2023-08-14,129.38999938964844,131.3699951171875,128.9600067138672,131.3300018310547,130.0920867919922,24695600,Yahoo Finance,GOOGL,2026-09-18T13:25:36+08:00,confirmed
2023-08-15,131.10000610351562,131.4199981689453,129.27999877929688,129.77999877929688,128.55670166015625,19770700,Yahoo Finance,GOOGL,2026-09-18T13:25:36+08:00,confirmed
2023-08-16,128.6999969482422,130.27999877929688,127.87000274658203,128.6999969482422,127.48686981201172,25216100,Yahoo Finance,GOOGL,2026-09-18T13:25:36+08:00,confirmed
2023-08-17,129.8000030517578,131.99000549316406,129.2899932861328,129.9199981689453,128.6953582763672,33446300,Yahoo Finance,GOOGL,2026-09-18T13:25:36+08:00,confirmed
2023-08-18,128.50999450683594,129.25,126.37999725341797,127.45999908447266,126.25856018066406,30504800,Yahoo Finance,GOOGL,2026-09-18T13:25:36+08:00,confirmed
2023-08-21,127.18000030517578,128.72999572753906,126.55999755859375,128.3699951171875,127.15998077392578,25248700,Yahoo Finance,GOOGL,2026-09-18T13:25:36+08:00,confirmed
2023-08-22,128.50999450683594,130.27999877929688,128.32000732421875,129.0800018310547,127.86331176757812,22054900,Yahoo Finance,GOOGL,2026-09-18T13:25:36+08:00,confirmed
2023-08-23,130.17999267578125,133.41000366210938,129.8699951171875,132.3699951171875,131.1222686767578,27819700,Yahoo Finance,GOOGL,2026-09-18T13:25:36+08:00,confirmed
2023-08-24,133.9499969482422,134.25,129.57000732421875,129.77999877929688,128.55670166015625,28500700,Yahoo Finance,GOOGL,2026-09-18T13:25:36+08:00,confirmed
2023-08-25,129.5399932861328,130.75999450683594,127.25,129.8800048828125,128.65576171875,26762900,Yahoo Finance,GOOGL,2026-09-18T13:25:36+08:00,confirmed
2023-08-28,131.30999755859375,132.5399932861328,130.13999938964844,131.00999450683594,129.7751007080078,20543300,Yahoo Finance,GOOGL,2026-09-18T13:25:36+08:00,confirmed
2023-08-29,132.24000549316406,136.57000732421875,132.24000549316406,134.57000732421875,133.30154418945312,43075600,Yahoo Finance,GOOGL,2026-09-18T13:25:36+08:00,confirmed
2023-08-30,134.77999877929688,136.27999877929688,134.07000732421875,135.8800048828125,134.5991973876953,28315800,Yahoo Finance,GOOGL,2026-09-18T13:25:36+08:00,confirmed
2023-08-31,136.00999450683594,138.0,135.7899932861328,136.1699981689453,134.88645935058594,30053800,Yahoo Finance,GOOGL,2026-09-18T13:25:36+08:00,confirmed
2023-09-01,137.4600067138672,137.4600067138672,134.85000610351562,135.66000366210938,134.38125610351562,21543700,Yahoo Finance,GOOGL,2026-09-18T13:25:36+08:00,confirmed
2023-09-05,135.44000244140625,136.4199981689453,134.5800018310547,135.77000427246094,134.49021911621094,19403100,Yahoo Finance,GOOGL,2026-09-18T13:25:36+08:00,confirmed
2023-09-06,136.02000427246094,136.52999877929688,133.6699981689453,134.4600067138672,133.1925811767578,18684500,Yahoo Finance,GOOGL,2026-09-18T13:25:36+08:00,confirmed
2023-09-07,133.58999633789062,135.5800018310547,132.9499969482422,135.25999450683594,133.98501586914062,18844300,Yahoo Finance,GOOGL,2026-09-18T13:25:36+08:00,confirmed
2023-09-08,134.91000366210938,136.66000366210938,134.85000610351562,136.3800048828125,135.09449768066406,23558300,Yahoo Finance,GOOGL,2026-09-18T13:25:36+08:00,confirmed
2023-09-11,136.5399932861328,137.47999572753906,135.7899932861328,136.9199981689453,135.62940979003906,20763400,Yahoo Finance,GOOGL,2026-09-18T13:25:36+08:00,confirmed
2023-09-12,136.25999450683594,136.8699951171875,135.19000244140625,135.33999633789062,134.0642547607422,18405500,Yahoo Finance,GOOGL,2026-09-18T13:25:36+08:00,confirmed
2023-09-13,135.08999633789062,136.89999389648438,134.14999389648438,136.7100067138672,135.42137145996094,20749500,Yahoo Finance,GOOGL,2026-09-18T13:25:36+08:00,confirmed
2023-09-14,137.60000610351562,138.6999969482422,136.24000549316406,138.10000610351562,136.79830932617188,24751000,Yahoo Finance,GOOGL,2026-09-18T13:25:36+08:00,confirmed
2023-09-15,137.97999572753906,138.52000427246094,136.47999572753906,137.39999389648438,136.1048583984375,38919600,Yahoo Finance,GOOGL,2026-09-18T13:25:36+08:00,confirmed
2023-09-18,136.61000061035156,139.16000366210938,136.61000061035156,138.2100067138672,136.90724182128906,21861300,Yahoo Finance,GOOGL,2026-09-18T13:25:36+08:00,confirmed
2023-09-19,137.4199981689453,138.41000366210938,136.6199951171875,138.0399932861328,136.73883056640625,20353700,Yahoo Finance,GOOGL,2026-09-18T13:25:36+08:00,confirmed
2023-09-20,138.0800018310547,138.0800018310547,133.6199951171875,133.74000549316406,132.47935485839844,29927500,Yahoo Finance,GOOGL,2026-09-18T13:25:36+08:00,confirmed
2023-09-21,131.44000244140625,132.22999572753906,130.07000732421875,130.44000244140625,129.21047973632812,31503900,Yahoo Finance,GOOGL,2026-09-18T13:25:36+08:00,confirmed
2023-09-22,130.75999450683594,132.02999877929688,129.60000610351562,130.25,129.02224731445312,26397300,Yahoo Finance,GOOGL,2026-09-18T13:25:36+08:00,confirmed
2023-09-25,129.8300018310547,131.1699981689453,128.9600067138672,131.11000061035156,129.87416076660156,20094600,Yahoo Finance,GOOGL,2026-09-18T13:25:36+08:00,confirmed
2023-09-26,129.77000427246094,130.36000061035156,127.22000122070312,128.57000732421875,127.35810852050781,25718700,Yahoo Finance,GOOGL,2026-09-18T13:25:36+08:00,confirmed
2023-09-27,128.57000732421875,130.89999389648438,128.57000732421875,130.5399932861328,129.3095245361328,22746500,Yahoo Finance,GOOGL,2026-09-18T13:25:36+08:00,confirmed
2023-09-28,129.83999633789062,133.3000030517578,129.7899932861328,132.30999755859375,131.06285095214844,22513100,Yahoo Finance,GOOGL,2026-09-18T13:25:36+08:00,confirmed
2023-09-29,133.27999877929688,134.0500030517578,130.36000061035156,130.86000061035156,129.6265106201172,30859800,Yahoo Finance,GOOGL,2026-09-18T13:25:36+08:00,confirmed
2023-10-02,131.2100067138672,134.4199981689453,131.1699981689453,134.1699981689453,132.90530395507812,22288000,Yahoo Finance,GOOGL,2026-09-18T13:25:36+08:00,confirmed
2023-10-03,133.94000244140625,134.25999450683594,131.83999633789062,132.42999267578125,131.1816864013672,22989400,Yahoo Finance,GOOGL,2026-09-18T13:25:36+08:00,confirmed
2023-10-04,132.7899932861328,135.57000732421875,132.52999877929688,135.24000549316406,133.96524047851562,26752300,Yahoo Finance,GOOGL,2026-09-18T13:25:36+08:00,confirmed
2023-10-05,135.07000732421875,135.49000549316406,133.4499969482422,135.07000732421875,133.796875,19832600,Yahoo Finance,GOOGL,2026-09-18T13:25:36+08:00,confirmed
2023-10-06,134.00999450683594,138.16000366210938,134.00999450683594,137.5800018310547,136.28317260742188,27597600,Yahoo Finance,GOOGL,2026-09-18T13:25:36+08:00,confirmed
2023-10-09,136.94000244140625,138.94000244140625,135.61000061035156,138.4199981689453,137.1152801513672,19278100,Yahoo Finance,GOOGL,2026-09-18T13:25:36+08:00,confirmed
2023-10-10,138.5,139.72000122070312,137.3300018310547,138.05999755859375,136.7586669921875,27786600,Yahoo Finance,GOOGL,2026-09-18T13:25:36+08:00,confirmed
2023-10-11,138.5800018310547,141.11000061035156,138.5800018310547,140.5500030517578,139.2251739501953,25884300,Yahoo Finance,GOOGL,2026-09-18T13:25:36+08:00,confirmed
2023-10-12,141.0500030517578,141.22000122070312,138.25999450683594,138.97000122070312,137.66006469726562,24765500,Yahoo Finance,GOOGL,2026-09-18T13:25:36+08:00,confirmed
2023-10-13,139.3800048828125,140.0,136.6199951171875,137.36000061035156,136.0652313232422,23420500,Yahoo Finance,GOOGL,2026-09-18T13:25:36+08:00,confirmed
2023-10-16,138.1699981689453,139.6300048828125,137.99000549316406,139.10000610351562,137.78884887695312,28501900,Yahoo Finance,GOOGL,2026-09-18T13:25:36+08:00,confirmed
2023-10-17,138.6300048828125,139.89999389648438,137.17999267578125,139.72000122070312,138.4029998779297,23515800,Yahoo Finance,GOOGL,2026-09-18T13:25:36+08:00,confirmed
2023-10-18,139.4499969482422,140.72000122070312,137.3800048828125,137.9600067138672,136.65960693359375,23375000,Yahoo Finance,GOOGL,2026-09-18T13:25:36+08:00,confirmed
2023-10-19,138.5,139.66000366210938,137.3800048828125,137.75,136.4515838623047,26066000,Yahoo Finance,GOOGL,2026-09-18T13:25:36+08:00,confirmed
2023-10-20,137.3300018310547,137.8699951171875,135.0800018310547,135.60000610351562,134.32183837890625,26335700,Yahoo Finance,GOOGL,2026-09-18T13:25:36+08:00,confirmed
2023-10-23,135.0399932861328,137.66000366210938,133.9499969482422,136.5,135.2133331298828,26317900,Yahoo Finance,GOOGL,2026-09-18T13:25:36+08:00,confirmed
2023-10-24,137.8300018310547,139.36000061035156,137.4199981689453,138.80999755859375,137.50157165527344,44814300,Yahoo Finance,GOOGL,2026-09-18T13:25:36+08:00,confirmed
2023-10-25,128.16000366210938,128.30999755859375,125.06999969482422,125.61000061035156,124.42599487304688,84366200,Yahoo Finance,GOOGL,2026-09-18T13:25:36+08:00,confirmed
2023-10-26,123.2699966430664,124.33000183105469,121.2699966430664,122.27999877929688,121.12738037109375,57061100,Yahoo Finance,GOOGL,2026-09-18T13:25:36+08:00,confirmed
2023-10-27,122.87999725341797,123.30999755859375,120.20999908447266,122.16999816894531,121.01841735839844,44566500,Yahoo Finance,GOOGL,2026-09-18T13:25:36+08:00,confirmed
2023-10-30,123.20999908447266,125.4000015258789,122.75,124.45999908447266,123.28683471679688,28940100,Yahoo Finance,GOOGL,2026-09-18T13:25:36+08:00,confirmed
2023-10-31,125.05999755859375,125.37000274658203,122.69000244140625,124.08000183105469,122.91041564941406,26292300,Yahoo Finance,GOOGL,2026-09-18T13:25:36+08:00,confirmed
2023-11-01,124.06999969482422,126.48999786376953,123.72000122070312,126.44999694824219,125.2580795288086,30082400,Yahoo Finance,GOOGL,2026-09-18T13:25:36+08:00,confirmed
2023-11-02,128.4199981689453,128.97999572753906,126.93000030517578,127.48999786376953,126.28827667236328,27124600,Yahoo Finance,GOOGL,2026-09-18T13:25:36+08:00,confirmed
2023-11-03,128.02000427246094,129.52999877929688,127.86000061035156,129.10000610351562,127.88312530517578,26393100,Yahoo Finance,GOOGL,2026-09-18T13:25:36+08:00,confirmed
2023-11-06,129.0500030517578,130.33999633789062,128.6699981689453,130.25,129.02224731445312,19052700,Yahoo Finance,GOOGL,2026-09-18T13:25:36+08:00,confirmed
2023-11-07,130.7100067138672,131.91000366210938,129.8800048828125,130.97000122070312,129.73548889160156,29757300,Yahoo Finance,GOOGL,2026-09-18T13:25:36+08:00,confirmed
2023-11-08,130.97000122070312,132.2100067138672,130.77999877929688,131.83999633789062,130.59727478027344,26425800,Yahoo Finance,GOOGL,2026-09-18T13:25:36+08:00,confirmed
2023-11-09,131.9600067138672,132.5500030517578,130.07000732421875,130.24000549316406,129.01235961914062,23747800,Yahoo Finance,GOOGL,2026-09-18T13:25:36+08:00,confirmed
2023-11-10,130.10000610351562,132.8000030517578,129.41000366210938,132.58999633789062,131.34019470214844,26913300,Yahoo Finance,GOOGL,2026-09-18T13:25:36+08:00,confirmed
2023-11-13,131.77999877929688,132.58999633789062,131.25,132.08999633789062,130.8449249267578,18324800,Yahoo Finance,GOOGL,2026-09-18T13:25:36+08:00,confirmed
2023-11-14,134.19000244140625,135.6999969482422,133.32000732421875,133.6199951171875,132.36048889160156,32395200,Yahoo Finance,GOOGL,2026-09-18T13:25:36+08:00,confirmed
2023-11-15,134.8699951171875,135.02999877929688,133.57000732421875,134.6199951171875,133.35105895996094,23861500,Yahoo Finance,GOOGL,2026-09-18T13:25:36+08:00,confirmed
2023-11-16,135.19000244140625,137.22000122070312,134.32000732421875,136.92999267578125,135.63925170898438,28013200,Yahoo Finance,GOOGL,2026-09-18T13:25:36+08:00,confirmed
2023-11-17,136.0,136.05999755859375,133.64999389648438,135.30999755859375,134.03457641601562,37240600,Yahoo Finance,GOOGL,2026-09-18T13:25:36+08:00,confirmed
2023-11-20,133.69000244140625,136.66000366210938,133.6199951171875,136.25,134.96571350097656,27815500,Yahoo Finance,GOOGL,2026-09-18T13:25:36+08:00,confirmed
2023-11-21,136.2899932861328,137.17999267578125,135.9600067138672,136.97000122070312,135.67893981933594,22635300,Yahoo Finance,GOOGL,2026-09-18T13:25:36+08:00,confirmed
2023-11-22,137.47000122070312,139.4199981689453,137.47000122070312,138.49000549316406,137.18460083007812,17813900,Yahoo Finance,GOOGL,2026-09-18T13:25:36+08:00,confirmed
2023-11-24,138.02999877929688,138.1300048828125,135.99000549316406,136.69000244140625,135.40155029296875,12514300,Yahoo Finance,GOOGL,2026-09-18T13:25:36+08:00,confirmed
2023-11-27,136.02999877929688,138.4199981689453,136.0,136.41000366210938,135.1241912841797,23436500,Yahoo Finance,GOOGL,2026-09-18T13:25:36+08:00,confirmed
2023-11-28,136.0800018310547,137.25,135.4199981689453,137.1999969482422,135.90673828125,18730000,Yahoo Finance,GOOGL,2026-09-18T13:25:36+08:00,confirmed
2023-11-29,137.57000732421875,138.2899932861328,134.83999633789062,134.99000549316406,133.7176055908203,23967200,Yahoo Finance,GOOGL,2026-09-18T13:25:36+08:00,confirmed
2023-11-30,135.0500030517578,135.5500030517578,131.27999877929688,132.52999877929688,131.28077697753906,38988300,Yahoo Finance,GOOGL,2026-09-18T13:25:36+08:00,confirmed
2023-12-01,131.86000061035156,132.11000061035156,130.6699981689453,131.86000061035156,130.6170654296875,31442300,Yahoo Finance,GOOGL,2026-09-18T13:25:36+08:00,confirmed
2023-12-04,129.8800048828125,130.02999877929688,127.9000015258789,129.27000427246094,128.051513671875,36669900,Yahoo Finance,GOOGL,2026-09-18T13:25:36+08:00,confirmed
2023-12-05,128.9499969482422,132.13999938964844,128.25,130.99000549316406,129.75527954101562,27384800,Yahoo Finance,GOOGL,2026-09-18T13:25:36+08:00,confirmed
2023-12-06,131.44000244140625,131.83999633789062,129.8800048828125,130.02000427246094,128.79444885253906,23576200,Yahoo Finance,GOOGL,2026-09-18T13:25:36+08:00,confirmed
2023-12-07,135.0399932861328,138.55999755859375,134.6999969482422,136.92999267578125,135.63925170898438,56767100,Yahoo Finance,GOOGL,2026-09-18T13:25:36+08:00,confirmed
2023-12-08,134.1999969482422,136.39999389648438,134.02999877929688,134.99000549316406,133.7176055908203,32260100,Yahoo Finance,GOOGL,2026-09-18T13:25:36+08:00,confirmed
2023-12-11,132.3800048828125,133.33999633789062,131.36000061035156,133.2899932861328,132.03359985351562,31138000,Yahoo Finance,GOOGL,2026-09-18T13:25:36+08:00,confirmed
2023-12-12,131.80999755859375,133.0,131.25999450683594,132.52000427246094,131.27085876464844,29032800,Yahoo Finance,GOOGL,2026-09-18T13:25:36+08:00,confirmed
2023-12-13,133.3800048828125,133.5,131.57000732421875,132.57000732421875,131.32040405273438,30104800,Yahoo Finance,GOOGL,2026-09-18T13:25:36+08:00,confirmed
2023-12-14,133.3800048828125,133.72000122070312,129.69000244140625,131.94000244140625,130.69631958007812,38722400,Yahoo Finance,GOOGL,2026-09-18T13:25:36+08:00,confirmed
2023-12-15,131.6199951171875,133.50999450683594,131.17999267578125,132.60000610351562,131.3501434326172,50847100,Yahoo Finance,GOOGL,2026-09-18T13:25:36+08:00,confirmed
2023-12-18,132.6300048828125,137.14999389648438,132.42999267578125,135.8000030517578,134.5199432373047,32258000,Yahoo Finance,GOOGL,2026-09-18T13:25:36+08:00,confirmed
2023-12-19,136.83999633789062,137.47000122070312,136.0800018310547,136.64999389648438,135.36190795898438,25476800,Yahoo Finance,GOOGL,2026-09-18T13:25:36+08:00,confirmed
2023-12-20,138.97000122070312,141.6999969482422,138.07000732421875,138.33999633789062,137.0360107421875,49107200,Yahoo Finance,GOOGL,2026-09-18T13:25:36+08:00,confirmed
2023-12-21,139.49000549316406,140.69000244140625,139.17999267578125,140.4199981689453,139.09642028808594,27488300,Yahoo Finance,GOOGL,2026-09-18T13:25:36+08:00,confirmed
2023-12-22,140.77000427246094,141.99000549316406,140.7100067138672,141.49000549316406,140.1563262939453,26532200,Yahoo Finance,GOOGL,2026-09-18T13:25:36+08:00,confirmed
2023-12-26,141.58999633789062,142.67999267578125,141.19000244140625,141.52000427246094,140.18601989746094,16780300,Yahoo Finance,GOOGL,2026-09-18T13:25:36+08:00,confirmed
2023-12-27,141.58999633789062,142.0800018310547,139.88999938964844,140.3699951171875,139.046875,19628600,Yahoo Finance,GOOGL,2026-09-18T13:25:36+08:00,confirmed
2023-12-28,140.77999877929688,141.13999938964844,139.75,140.22999572753906,138.908203125,16045700,Yahoo Finance,GOOGL,2026-09-18T13:25:36+08:00,confirmed
2023-12-29,139.6300048828125,140.36000061035156,138.77999877929688,139.69000244140625,138.37327575683594,18733000,Yahoo Finance,GOOGL,2026-09-18T13:25:36+08:00,confirmed
2024-01-02,138.5500030517578,139.4499969482422,136.47999572753906,138.1699981689453,136.8675994873047,23711200,Yahoo Finance,GOOGL,2026-09-18T13:25:36+08:00,confirmed
2024-01-03,137.25,139.6300048828125,137.0800018310547,138.9199981689453,137.6105194091797,24212100,Yahoo Finance,GOOGL,2026-09-18T13:25:36+08:00,confirmed
2024-01-04,138.4199981689453,139.16000366210938,136.35000610351562,136.38999938964844,135.10438537597656,27137700,Yahoo Finance,GOOGL,2026-09-18T13:25:36+08:00,confirmed
2024-01-05,136.75,137.16000366210938,135.14999389648438,135.72999572753906,134.45059204101562,22513900,Yahoo Finance,GOOGL,2026-09-18T13:25:36+08:00,confirmed
2024-01-08,136.2899932861328,139.00999450683594,136.25999450683594,138.83999633789062,137.53128051757812,21404000,Yahoo Finance,GOOGL,2026-09-18T13:25:36+08:00,confirmed
2024-01-09,138.5,141.49000549316406,138.14999389648438,140.9499969482422,139.62139892578125,24759600,Yahoo Finance,GOOGL,2026-09-18T13:25:36+08:00,confirmed
2024-01-10,141.0,143.0,140.91000366210938,142.27999877929688,140.9388427734375,21320200,Yahoo Finance,GOOGL,2026-09-18T13:25:36+08:00,confirmed
2024-01-11,143.49000549316406,145.22000122070312,140.63999938964844,142.0800018310547,140.74075317382812,24008700,Yahoo Finance,GOOGL,2026-09-18T13:25:36+08:00,confirmed
2024-01-12,142.6699981689453,143.1999969482422,141.82000732421875,142.64999389648438,141.30535888671875,18785500,Yahoo Finance,GOOGL,2026-09-18T13:25:36+08:00,confirmed
2024-01-16,142.0,144.35000610351562,141.4499969482422,142.49000549316406,141.1468963623047,22670500,Yahoo Finance,GOOGL,2026-09-18T13:25:36+08:00,confirmed
2024-01-17,141.35000610351562,141.83999633789062,138.89999389648438,141.47000122070312,140.136474609375,20968600,Yahoo Finance,GOOGL,2026-09-18T13:25:36+08:00,confirmed
2024-01-18,142.0500030517578,144.2100067138672,141.99000549316406,143.47999572753906,142.12753295898438,25746400,Yahoo Finance,GOOGL,2026-09-18T13:25:36+08:00,confirmed
2024-01-19,144.74000549316406,146.4499969482422,144.3800048828125,146.3800048828125,145.00025939941406,34271900,Yahoo Finance,GOOGL,2026-09-18T13:25:36+08:00,confirmed
2024-01-22,147.10000610351562,148.38999938964844,145.83999633789062,145.99000549316406,144.6138916015625,32200400,Yahoo Finance,GOOGL,2026-09-18T13:25:36+08:00,confirmed
2024-01-23,145.88999938964844,147.17999267578125,145.5,147.0399932861328,145.6539764404297,21636100,Yahoo Finance,GOOGL,2026-09-18T13:25:36+08:00,confirmed
2024-01-24,148.5399932861328,149.85000610351562,148.10000610351562,148.6999969482422,147.29835510253906,25233500,Yahoo Finance,GOOGL,2026-09-18T13:25:36+08:00,confirmed
2024-01-25,150.07000732421875,153.0500030517578,149.5399932861328,151.8699951171875,150.4384765625,29149100,Yahoo Finance,GOOGL,2026-09-18T13:25:36+08:00,confirmed
2024-01-26,151.10000610351562,152.5399932861328,151.00999450683594,152.19000244140625,150.75546264648438,26115500,Yahoo Finance,GOOGL,2026-09-18T13:25:36+08:00,confirmed
2024-01-29,152.05999755859375,153.77999877929688,151.42999267578125,153.50999450683594,152.06300354003906,27784300,Yahoo Finance,GOOGL,2026-09-18T13:25:36+08:00,confirmed
2024-01-30,152.8000030517578,153.6199951171875,151.19000244140625,151.4600067138672,150.03233337402344,36331800,Yahoo Finance,GOOGL,2026-09-18T13:25:36+08:00,confirmed
2024-01-31,143.6199951171875,144.0,139.8699951171875,140.10000610351562,138.7794189453125,71910000,Yahoo Finance,GOOGL,2026-09-18T13:25:36+08:00,confirmed
2024-02-01,142.1199951171875,143.05999755859375,140.7899932861328,141.16000366210938,139.82943725585938,40466500,Yahoo Finance,GOOGL,2026-09-18T13:25:36+08:00,confirmed
2024-02-02,139.25999450683594,142.6199951171875,136.5,142.3800048828125,141.03793334960938,62499600,Yahoo Finance,GOOGL,2026-09-18T13:25:36+08:00,confirmed
2024-02-05,142.82000732421875,145.47000122070312,142.77999877929688,143.67999267578125,142.32568359375,38505400,Yahoo Finance,GOOGL,2026-09-18T13:25:36+08:00,confirmed
2024-02-06,144.64999389648438,145.36000061035156,143.19000244140625,144.10000610351562,142.74169921875,29128200,Yahoo Finance,GOOGL,2026-09-18T13:25:36+08:00,confirmed
2024-02-07,144.75999450683594,145.6199951171875,143.92999267578125,145.5399932861328,144.16815185546875,25208900,Yahoo Finance,GOOGL,2026-09-18T13:25:36+08:00,confirmed
2024-02-08,145.8300018310547,146.3300018310547,145.10000610351562,145.91000366210938,144.53465270996094,22563800,Yahoo Finance,GOOGL,2026-09-18T13:25:36+08:00,confirmed
2024-02-09,146.67999267578125,149.44000244140625,146.17999267578125,149.0,147.5955047607422,26829500,Yahoo Finance,GOOGL,2026-09-18T13:25:36+08:00,confirmed
2024-02-12,148.4199981689453,149.33999633789062,147.3699951171875,147.52999877929688,146.13938903808594,21564100,Yahoo Finance,GOOGL,2026-09-18T13:25:36+08:00,confirmed
2024-02-13,144.9199981689453,146.6699981689453,143.69000244140625,145.13999938964844,143.7719268798828,27837700,Yahoo Finance,GOOGL,2026-09-18T13:25:36+08:00,confirmed
2024-02-14,146.0800018310547,146.52000427246094,144.08999633789062,145.94000244140625,144.5643768310547,22704200,Yahoo Finance,GOOGL,2026-09-18T13:25:36+08:00,confirmed
2024-02-15,143.13999938964844,143.52000427246094,140.4600067138672,142.77000427246094,141.42425537109375,37590700,Yahoo Finance,GOOGL,2026-09-18T13:25:36+08:00,confirmed
2024-02-16,142.99000549316406,143.19000244140625,140.13999938964844,140.52000427246094,139.19546508789062,31468900,Yahoo Finance,GOOGL,2026-09-18T13:25:36+08:00,confirmed
2024-02-20,139.66000366210938,142.0800018310547,139.49000549316406,141.1199951171875,139.78982543945312,25144700,Yahoo Finance,GOOGL,2026-09-18T13:25:36+08:00,confirmed
2024-02-21,141.4499969482422,142.69000244140625,140.67999267578125,142.5500030517578,141.20632934570312,23223300,Yahoo Finance,GOOGL,2026-09-18T13:25:36+08:00,confirmed
2024-02-22,144.92999267578125,145.0,142.8000030517578,144.08999633789062,142.7318115234375,27191900,Yahoo Finance,GOOGL,2026-09-18T13:25:36+08:00,confirmed
2024-02-23,143.6699981689453,144.67999267578125,143.42999267578125,143.9600067138672,142.60302734375,19493800,Yahoo Finance,GOOGL,2026-09-18T13:25:36+08:00,confirmed
2024-02-26,142.13999938964844,142.44000244140625,137.38999938964844,137.57000732421875,136.2732696533203,53641800,Yahoo Finance,GOOGL,2026-09-18T13:25:36+08:00,confirmed
2024-02-27,138.02000427246094,139.25,137.08999633789062,138.8800048828125,137.57090759277344,33099200,Yahoo Finance,GOOGL,2026-09-18T13:25:36+08:00,confirmed
2024-02-28,137.89999389648438,138.00999450683594,135.41000366210938,136.3800048828125,135.09449768066406,37328600,Yahoo Finance,GOOGL,2026-09-18T13:25:36+08:00,confirmed
2024-02-29,137.27999877929688,138.86000061035156,136.39999389648438,138.4600067138672,137.15487670898438,42133000,Yahoo Finance,GOOGL,2026-09-18T13:25:36+08:00,confirmed
2024-03-01,138.42999267578125,138.8699951171875,136.9199981689453,137.13999938964844,135.84730529785156,31151100,Yahoo Finance,GOOGL,2026-09-18T13:25:36+08:00,confirmed
2024-03-04,135.66000366210938,135.66000366210938,131.91000366210938,133.35000610351562,132.09304809570312,55999400,Yahoo Finance,GOOGL,2026-09-18T13:25:36+08:00,confirmed
2024-03-05,131.8800048828125,133.24000549316406,130.6699981689453,132.6699981689453,131.41944885253906,40194800,Yahoo Finance,GOOGL,2026-09-18T13:25:36+08:00,confirmed
2024-03-06,133.1199951171875,133.5800018310547,130.85000610351562,131.39999389648438,130.1614532470703,35318600,Yahoo Finance,GOOGL,2026-09-18T13:25:36+08:00,confirmed
2024-03-07,132.7899932861328,134.94000244140625,131.61000061035156,134.3800048828125,133.1133270263672,37738200,Yahoo Finance,GOOGL,2026-09-18T13:25:36+08:00,confirmed
2024-03-08,134.2100067138672,138.08999633789062,134.0,135.41000366210938,134.13360595703125,39370400,Yahoo Finance,GOOGL,2026-09-18T13:25:36+08:00,confirmed
2024-03-11,136.1300048828125,139.10000610351562,136.1300048828125,137.6699981689453,136.37232971191406,32437800,Yahoo Finance,GOOGL,2026-09-18T13:25:36+08:00,confirmed
2024-03-12,137.02999877929688,139.3800048828125,137.02999877929688,138.5,137.19451904296875,27563400,Yahoo Finance,GOOGL,2026-09-18T13:25:36+08:00,confirmed
2024-03-13,139.0,141.08999633789062,138.99000549316406,139.7899932861328,138.4723663330078,23347200,Yahoo Finance,GOOGL,2026-09-18T13:25:36+08:00,confirmed
2024-03-14,141.19000244140625,143.58999633789062,140.4600067138672,143.10000610351562,141.7511749267578,42753400,Yahoo Finance,GOOGL,2026-09-18T13:25:36+08:00,confirmed
2024-03-15,142.5,143.17999267578125,140.02999877929688,141.17999267578125,139.84922790527344,49475400,Yahoo Finance,GOOGL,2026-09-18T13:25:36+08:00,confirmed
2024-03-18,148.61000061035156,152.14999389648438,147.1699981689453,147.67999267578125,146.28793334960938,69273700,Yahoo Finance,GOOGL,2026-09-18T13:25:36+08:00,confirmed
2024-03-19,148.16000366210938,148.7899932861328,146.0800018310547,147.02999877929688,145.64410400390625,24070400,Yahoo Finance,GOOGL,2026-09-18T13:25:36+08:00,confirmed
2024-03-20,148.0,148.86000061035156,146.74000549316406,148.74000549316406,147.33798217773438,21311500,Yahoo Finance,GOOGL,2026-09-18T13:25:36+08:00,confirmed
2024-03-21,149.47000122070312,150.3699951171875,146.89999389648438,147.60000610351562,146.20872497558594,24755600,Yahoo Finance,GOOGL,2026-09-18T13:25:36+08:00,confirmed
2024-03-22,149.1199951171875,151.5800018310547,148.97999572753906,150.77000427246094,149.34886169433594,29211800,Yahoo Finance,GOOGL,2026-09-18T13:25:36+08:00,confirmed
2024-03-25,149.94000244140625,150.3800048828125,147.82000732421875,150.07000732421875,148.65545654296875,19229300,Yahoo Finance,GOOGL,2026-09-18T13:25:36+08:00,confirmed
2024-03-26,150.22000122070312,152.25999450683594,149.97999572753906,150.6699981689453,149.249755859375,22149100,Yahoo Finance,GOOGL,2026-09-18T13:25:36+08:00,confirmed
2024-03-27,151.17999267578125,151.63999938964844,148.89999389648438,150.8699951171875,149.44789123535156,22879200,Yahoo Finance,GOOGL,2026-09-18T13:25:36+08:00,confirmed
2024-03-28,150.85000610351562,151.42999267578125,150.1699981689453,150.92999267578125,149.50732421875,24485400,Yahoo Finance,GOOGL,2026-09-18T13:25:36+08:00,confirmed
2024-04-01,150.69000244140625,155.74000549316406,150.61000061035156,155.49000549316406,154.0243682861328,31730800,Yahoo Finance,GOOGL,2026-09-18T13:25:36+08:00,confirmed
2024-04-02,153.5,154.6999969482422,152.14999389648438,154.55999755859375,153.10311889648438,24586000,Yahoo Finance,GOOGL,2026-09-18T13:25:36+08:00,confirmed
2024-04-03,153.60000610351562,155.0800018310547,152.72999572753906,154.9199981689453,153.45973205566406,24705000,Yahoo Finance,GOOGL,2026-09-18T13:25:36+08:00,confirmed
2024-04-04,153.5,154.77000427246094,150.4499969482422,150.52999877929688,149.11111450195312,34724700,Yahoo Finance,GOOGL,2026-09-18T13:25:36+08:00,confirmed
2024-04-05,150.02999877929688,153.4199981689453,149.60000610351562,152.5,151.06251525878906,23459200,Yahoo Finance,GOOGL,2026-09-18T13:25:36+08:00,confirmed
2024-04-08,152.77999877929688,155.27000427246094,152.61000061035156,154.85000610351562,153.39039611816406,20702000,Yahoo Finance,GOOGL,2026-09-18T13:25:36+08:00,confirmed
2024-04-09,156.08999633789062,158.55999755859375,155.19000244140625,156.60000610351562,155.12388610839844,31079500,Yahoo Finance,GOOGL,2026-09-18T13:25:36+08:00,confirmed
2024-04-10,156.2100067138672,156.61000061035156,154.67999267578125,156.13999938964844,154.66824340820312,22838600,Yahoo Finance,GOOGL,2026-09-18T13:25:36+08:00,confirmed
2024-04-11,156.91000366210938,159.67999267578125,156.4600067138672,159.41000366210938,157.9074249267578,27166400,Yahoo Finance,GOOGL,2026-09-18T13:25:36+08:00,confirmed
2024-04-12,157.9600067138672,160.22000122070312,157.13999938964844,157.72999572753906,156.2432403564453,25353700,Yahoo Finance,GOOGL,2026-09-18T13:25:36+08:00,confirmed
2024-04-15,158.86000061035156,159.24000549316406,154.58999633789062,154.86000061035156,153.40029907226562,27136500,Yahoo Finance,GOOGL,2026-09-18T13:25:36+08:00,confirmed
2024-04-16,154.19000244140625,155.64999389648438,153.42999267578125,154.39999389648438,152.94461059570312,20779500,Yahoo Finance,GOOGL,2026-09-18T13:25:36+08:00,confirmed
2024-04-17,155.6199951171875,157.0800018310547,154.5800018310547,155.47000122070312,154.0045623779297,21763100,Yahoo Finance,GOOGL,2026-09-18T13:25:36+08:00,confirmed
2024-04-18,155.33999633789062,156.94000244140625,154.6199951171875,156.00999450683594,154.53945922851562,19883000,Yahoo Finance,GOOGL,2026-09-18T13:25:36+08:00,confirmed
2024-04-19,156.1999969482422,156.36000061035156,152.3000030517578,154.08999633789062,152.6375274658203,32615600,Yahoo Finance,GOOGL,2026-09-18T13:25:36+08:00,confirmed
2024-04-22,154.30999755859375,157.63999938964844,154.05999755859375,156.27999877929688,154.80691528320312,26446200,Yahoo Finance,GOOGL,2026-09-18T13:25:36+08:00,confirmed
2024-04-23,156.9600067138672,158.97000122070312,156.27999877929688,158.25999450683594,156.7682342529297,21151600,Yahoo Finance,GOOGL,2026-09-18T13:25:36+08:00,confirmed
2024-04-24,157.49000549316406,159.57000732421875,157.1699981689453,159.1300048828125,157.63006591796875,22779100,Yahoo Finance,GOOGL,2026-09-18T13:25:36+08:00,confirmed
2024-04-25,151.3300018310547,156.49000549316406,150.8699951171875,156.0,154.529541015625,57109700,Yahoo Finance,GOOGL,2026-09-18T13:25:36+08:00,confirmed
2024-04-26,174.3699951171875,174.7100067138672,169.64999389648438,171.9499969482422,170.32919311523438,64665300,Yahoo Finance,GOOGL,2026-09-18T13:25:36+08:00,confirmed
2024-04-29,169.05999755859375,169.5500030517578,165.2100067138672,166.14999389648438,164.5838623046875,45610000,Yahoo Finance,GOOGL,2026-09-18T13:25:36+08:00,confirmed
2024-04-30,165.61000061035156,168.10000610351562,162.60000610351562,162.77999877929688,161.24563598632812,33562900,Yahoo Finance,GOOGL,2026-09-18T13:25:36+08:00,confirmed
2024-05-01,164.3000030517578,167.1199951171875,163.08999633789062,163.86000061035156,162.3154754638672,33493200,Yahoo Finance,GOOGL,2026-09-18T13:25:36+08:00,confirmed
2024-05-02,164.7899932861328,166.72999572753906,163.88999938964844,166.6199951171875,165.0494384765625,24294500,Yahoo Finance,GOOGL,2026-09-18T13:25:36+08:00,confirmed
2024-05-03,167.55999755859375,167.9600067138672,163.0500030517578,167.24000549316406,165.66358947753906,34662400,Yahoo Finance,GOOGL,2026-09-18T13:25:36+08:00,confirmed
2024-05-06,167.4600067138672,168.13999938964844,166.02999877929688,168.10000610351562,166.5155029296875,21871300,Yahoo Finance,GOOGL,2026-09-18T13:25:36+08:00,confirmed
2024-05-07,168.5,171.75999450683594,168.38999938964844,171.25,169.63580322265625,28039700,Yahoo Finance,GOOGL,2026-09-18T13:25:36+08:00,confirmed
2024-05-08,169.0,170.14999389648438,168.74000549316406,169.3800048828125,167.78343200683594,19569100,Yahoo Finance,GOOGL,2026-09-18T13:25:36+08:00,confirmed
2024-05-09,169.38999938964844,170.69000244140625,168.17999267578125,169.9600067138672,168.3579559326172,15346700,Yahoo Finance,GOOGL,2026-09-18T13:25:36+08:00,confirmed
2024-05-10,168.02999877929688,169.85000610351562,166.19000244140625,168.64999389648438,167.060302734375,29799900,Yahoo Finance,GOOGL,2026-09-18T13:25:36+08:00,confirmed
2024-05-13,164.25999450683594,169.27999877929688,164.0,169.13999938964844,167.5457000732422,31327600,Yahoo Finance,GOOGL,2026-09-18T13:25:36+08:00,confirmed
2024-05-14,169.77000427246094,171.25,168.8000030517578,170.33999633789062,168.73435974121094,25127100,Yahoo Finance,GOOGL,2026-09-18T13:25:36+08:00,confirmed
2024-05-15,170.6300048828125,172.64999389648438,170.50999450683594,172.50999450683594,170.88392639160156,26948400,Yahoo Finance,GOOGL,2026-09-18T13:25:36+08:00,confirmed
2024-05-16,173.2899932861328,175.1199951171875,172.69000244140625,174.17999267578125,172.53817749023438,27867900,Yahoo Finance,GOOGL,2026-09-18T13:25:36+08:00,confirmed
2024-05-17,174.17999267578125,176.27000427246094,173.69000244140625,176.05999755859375,174.40045166015625,24479300,Yahoo Finance,GOOGL,2026-09-18T13:25:36+08:00,confirmed
2024-05-20,176.19000244140625,178.77000427246094,176.0800018310547,176.9199981689453,175.25234985351562,22554400,Yahoo Finance,GOOGL,2026-09-18T13:25:36+08:00,confirmed
2024-05-21,176.89999389648438,178.14999389648438,175.80999755859375,177.85000610351562,176.17359924316406,16989400,Yahoo Finance,GOOGL,2026-09-18T13:25:36+08:00,confirmed
2024-05-22,176.63999938964844,177.14999389648438,175.2100067138672,176.3800048828125,174.71746826171875,17880000,Yahoo Finance,GOOGL,2026-09-18T13:25:36+08:00,confirmed
2024-05-23,177.07000732421875,178.25,172.9499969482422,173.5500030517578,171.91412353515625,21024900,Yahoo Finance,GOOGL,2026-09-18T13:25:36+08:00,confirmed
2024-05-24,174.97999572753906,175.77000427246094,173.64999389648438,174.99000549316406,173.34054565429688,16579400,Yahoo Finance,GOOGL,2026-09-18T13:25:36+08:00,confirmed
2024-05-28,174.4499969482422,177.27000427246094,174.3699951171875,176.39999389648438,174.73724365234375,20572200,Yahoo Finance,GOOGL,2026-09-18T13:25:36+08:00,confirmed
2024-05-29,175.42999267578125,176.83999633789062,174.72000122070312,175.89999389648438,174.24195861816406,23388700,Yahoo Finance,GOOGL,2026-09-18T13:25:36+08:00,confirmed
2024-05-30,175.1999969482422,175.22000122070312,171.7899932861328,172.11000061035156,170.48770141601562,22931500,Yahoo Finance,GOOGL,2026-09-18T13:25:36+08:00,confirmed
2024-05-31,171.86000061035156,173.05999755859375,169.44000244140625,172.5,170.8740234375,37638900,Yahoo Finance,GOOGL,2026-09-18T13:25:36+08:00,confirmed
2024-06-03,172.5399932861328,174.52999877929688,171.16000366210938,173.1699981689453,171.53768920898438,27459100,Yahoo Finance,GOOGL,2026-09-18T13:25:36+08:00,confirmed
2024-06-04,173.27999877929688,173.85000610351562,171.88999938964844,173.7899932861328,172.15184020996094,26879600,Yahoo Finance,GOOGL,2026-09-18T13:25:36+08:00,confirmed
2024-06-05,175.1999969482422,176.64999389648438,173.92999267578125,175.41000366210938,173.756591796875,22068500,Yahoo Finance,GOOGL,2026-09-18T13:25:36+08:00,confirmed
2024-06-06,175.89999389648438,177.14999389648438,175.75,176.72999572753906,175.0641326904297,23251000,Yahoo Finance,GOOGL,2026-09-18T13:25:36+08:00,confirmed
2024-06-07,177.0500030517578,177.8699951171875,174.3000030517578,174.4600067138672,172.81553649902344,19661400,Yahoo Finance,GOOGL,2026-09-18T13:25:36+08:00,confirmed
2024-06-10,174.97000122070312,177.05999755859375,172.75999450683594,175.00999450683594,173.55934143066406,23726700,Yahoo Finance,GOOGL,2026-09-18T13:25:36+08:00,confirmed
2024-06-11,176.22000122070312,176.83999633789062,173.77000427246094,176.6199951171875,175.15599060058594,21540600,Yahoo Finance,GOOGL,2026-09-18T13:25:36+08:00,confirmed
2024-06-12,178.25,180.41000366210938,176.11000061035156,177.7899932861328,176.31626892089844,27864700,Yahoo Finance,GOOGL,2026-09-18T13:25:36+08:00,confirmed
2024-06-13,176.11000061035156,176.74000549316406,174.8800048828125,175.16000366210938,173.70806884765625,20913300,Yahoo Finance,GOOGL,2026-09-18T13:25:36+08:00,confirmed
2024-06-14,174.22000122070312,177.05999755859375,174.14999389648438,176.7899932861328,175.32455444335938,18063600,Yahoo Finance,GOOGL,2026-09-18T13:25:36+08:00,confirmed
2024-06-17,175.4600067138672,178.36000061035156,174.80999755859375,177.24000549316406,175.7708282470703,19618500,Yahoo Finance,GOOGL,2026-09-18T13:25:36+08:00,confirmed
2024-06-18,177.13999938964844,177.38999938964844,174.10000610351562,175.08999633789062,173.63865661621094,21869900,Yahoo Finance,GOOGL,2026-09-18T13:25:36+08:00,confirmed
2024-06-20,175.3699951171875,177.2899932861328,174.99000549316406,176.3000030517578,174.83860778808594,20160100,Yahoo Finance,GOOGL,2026-09-18T13:25:36+08:00,confirmed
2024-06-21,177.0,180.85000610351562,176.61000061035156,179.6300048828125,178.14102172851562,57759000,Yahoo Finance,GOOGL,2026-09-18T13:25:36+08:00,confirmed
2024-06-24,180.16000366210938,180.88999938964844,178.6699981689453,179.22000122070312,177.73440551757812,18298000,Yahoo Finance,GOOGL,2026-09-18T13:25:36+08:00,confirmed
2024-06-25,179.6199951171875,184.2899932861328,179.4199981689453,184.02999877929688,182.5045623779297,23130200,Yahoo Finance,GOOGL,2026-09-18T13:25:36+08:00,confirmed
2024-06-26,182.6300048828125,184.50999450683594,182.47999572753906,183.8800048828125,182.3557891845703,19839000,Yahoo Finance,GOOGL,2026-09-18T13:25:36+08:00,confirmed
2024-06-27,184.17999267578125,186.0500030517578,184.02000427246094,185.41000366210938,183.87310791015625,18848900,Yahoo Finance,GOOGL,2026-09-18T13:25:36+08:00,confirmed
2024-06-28,184.32000732421875,185.1300048828125,181.9600067138672,182.14999389648438,180.64015197753906,29156600,Yahoo Finance,GOOGL,2026-09-18T13:25:36+08:00,confirmed
2024-07-01,183.02999877929688,183.8800048828125,181.3000030517578,182.99000549316406,181.47317504882812,16006100,Yahoo Finance,GOOGL,2026-09-18T13:25:36+08:00,confirmed
2024-07-02,182.0500030517578,185.57000732421875,181.55999755859375,185.24000549316406,183.70452880859375,17372500,Yahoo Finance,GOOGL,2026-09-18T13:25:36+08:00,confirmed
2024-07-03,184.85000610351562,186.08999633789062,184.0,185.82000732421875,184.2797088623047,10242100,Yahoo Finance,GOOGL,2026-09-18T13:25:36+08:00,confirmed
2024-07-05,185.86000061035156,190.86000061035156,185.8000030517578,190.60000610351562,189.02011108398438,20967500,Yahoo Finance,GOOGL,2026-09-18T13:25:36+08:00,confirmed
2024-07-08,189.89999389648438,190.1699981689453,187.77999877929688,189.02999877929688,187.46311950683594,21035900,Yahoo Finance,GOOGL,2026-09-18T13:25:36+08:00,confirmed
2024-07-09,190.30999755859375,191.36000061035156,188.72000122070312,188.97999572753906,187.4135284423828,15121400,Yahoo Finance,GOOGL,2026-09-18T13:25:36+08:00,confirmed
2024-07-10,189.14999389648438,191.75,189.02999877929688,191.17999267578125,189.5952606201172,15952500,Yahoo Finance,GOOGL,2026-09-18T13:25:36+08:00,confirmed
2024-07-11,189.85000610351562,190.86000061035156,185.0800018310547,185.57000732421875,184.03179931640625,25625800,Yahoo Finance,GOOGL,2026-09-18T13:25:36+08:00,confirmed
2024-07-12,185.0800018310547,187.11000061035156,184.49000549316406,185.07000732421875,183.5359344482422,22898400,Yahoo Finance,GOOGL,2026-09-18T13:25:36+08:00,confirmed
2024-07-15,184.9199981689453,188.24000549316406,184.9199981689453,186.52999877929688,184.98382568359375,16474000,Yahoo Finance,GOOGL,2026-09-18T13:25:36+08:00,confirmed
2024-07-16,187.36000061035156,188.67999267578125,183.3699951171875,183.9199981689453,182.3954315185547,18290700,Yahoo Finance,GOOGL,2026-09-18T13:25:36+08:00,confirmed
2024-07-17,182.97000122070312,183.5500030517578,179.89999389648438,181.02000427246094,179.51950073242188,20734100,Yahoo Finance,GOOGL,2026-09-18T13:25:36+08:00,confirmed
2024-07-18,181.92999267578125,182.5,176.47000122070312,177.69000244140625,176.2170867919922,25315700,Yahoo Finance,GOOGL,2026-09-18T13:25:36+08:00,confirmed
2024-07-19,178.8800048828125,180.2899932861328,177.1300048828125,177.66000366210938,176.18734741210938,18881900,Yahoo Finance,GOOGL,2026-09-18T13:25:36+08:00,confirmed
2024-07-22,180.58999633789062,182.6999969482422,180.22999572753906,181.6699981689453,180.16412353515625,24100300,Yahoo Finance,GOOGL,2026-09-18T13:25:36+08:00,confirmed
2024-07-23,182.0500030517578,183.61000061035156,181.5399932861328,181.7899932861328,180.2831268310547,36352700,Yahoo Finance,GOOGL,2026-09-18T13:25:36+08:00,confirmed
2024-07-24,173.60000610351562,176.19000244140625,171.82000732421875,172.6300048828125,171.1990509033203,49585200,Yahoo Finance,GOOGL,2026-09-18T13:25:36+08:00,confirmed
2024-07-25,172.52000427246094,173.4199981689453,167.19000244140625,167.27999877929688,165.8933868408203,44852000,Yahoo Finance,GOOGL,2026-09-18T13:25:36+08:00,confirmed
2024-07-26,167.14999389648438,168.08999633789062,164.05999755859375,167.0,165.61570739746094,41336900,Yahoo Finance,GOOGL,2026-09-18T13:25:36+08:00,confirmed
2024-07-29,168.8300018310547,170.42999267578125,167.99000549316406,169.52999877929688,168.124755859375,20293800,Yahoo Finance,GOOGL,2026-09-18T13:25:36+08:00,confirmed
2024-07-30,170.24000549316406,171.22999572753906,168.44000244140625,170.2899932861328,168.87843322753906,18959700,Yahoo Finance,GOOGL,2026-09-18T13:25:36+08:00,confirmed
2024-07-31,173.24000549316406,174.25,170.00999450683594,171.5399932861328,170.1180877685547,25729100,Yahoo Finance,GOOGL,2026-09-18T13:25:36+08:00,confirmed
2024-08-01,170.25,174.0500030517578,168.8800048828125,170.75999450683594,169.3445587158203,24531400,Yahoo Finance,GOOGL,2026-09-18T13:25:36+08:00,confirmed
2024-08-02,166.44000244140625,168.50999450683594,164.6699981689453,166.66000366210938,165.27853393554688,29130100,Yahoo Finance,GOOGL,2026-09-18T13:25:36+08:00,confirmed
2024-08-05,155.5,164.42999267578125,154.92999267578125,159.25,157.9299774169922,53630700,Yahoo Finance,GOOGL,2026-09-18T13:25:36+08:00,confirmed
2024-08-06,159.3300018310547,160.57000732421875,156.41000366210938,158.2899932861328,156.97792053222656,49004600,Yahoo Finance,GOOGL,2026-09-18T13:25:36+08:00,confirmed
2024-08-07,161.25,162.97999572753906,158.47000122070312,158.94000244140625,157.62252807617188,25138600,Yahoo Finance,GOOGL,2026-09-18T13:25:36+08:00,confirmed
2024-08-08,160.50999450683594,163.69000244140625,160.2100067138672,162.02999877929688,160.68690490722656,25578800,Yahoo Finance,GOOGL,2026-09-18T13:25:36+08:00,confirmed
2024-08-09,160.00999450683594,163.7899932861328,159.05999755859375,163.6699981689453,162.3133087158203,28602300,Yahoo Finance,GOOGL,2026-09-18T13:25:36+08:00,confirmed
2024-08-12,164.35000610351562,164.89999389648438,161.83999633789062,162.2899932861328,160.9447479248047,15895300,Yahoo Finance,GOOGL,2026-09-18T13:25:36+08:00,confirmed
2024-08-13,163.41000366210938,164.72999572753906,162.97000122070312,164.16000366210938,162.7992401123047,18551700,Yahoo Finance,GOOGL,2026-09-18T13:25:36+08:00,confirmed
2024-08-14,162.39999389648438,163.22000122070312,157.7100067138672,160.3699951171875,159.0406494140625,40591100,Yahoo Finance,GOOGL,2026-09-18T13:25:36+08:00,confirmed
2024-08-15,160.5,161.63999938964844,159.61000061035156,161.3000030517578,159.9629669189453,31524300,Yahoo Finance,GOOGL,2026-09-18T13:25:36+08:00,confirmed
2024-08-16,161.47000122070312,165.05999755859375,161.1300048828125,162.9600067138672,161.6092071533203,24208600,Yahoo Finance,GOOGL,2026-09-18T13:25:36+08:00,confirmed
2024-08-19,165.27999877929688,166.69000244140625,164.25999450683594,166.6699981689453,165.28843688964844,22416200,Yahoo Finance,GOOGL,2026-09-18T13:25:36+08:00,confirmed
2024-08-20,166.89999389648438,168.63999938964844,166.82000732421875,167.17999267578125,165.79421997070312,18341500,Yahoo Finance,GOOGL,2026-09-18T13:25:36+08:00,confirmed
2024-08-21,165.14999389648438,166.85000610351562,164.6699981689453,165.85000610351562,164.47523498535156,22902000,Yahoo Finance,GOOGL,2026-09-18T13:25:36+08:00,confirmed
2024-08-22,167.25999450683594,167.58999633789062,163.30999755859375,163.8000030517578,162.4422149658203,22493300,Yahoo Finance,GOOGL,2026-09-18T13:25:36+08:00,confirmed
2024-08-23,164.72000122070312,166.17999267578125,163.8300018310547,165.6199951171875,164.24716186523438,13955700,Yahoo Finance,GOOGL,2026-09-18T13:25:36+08:00,confirmed
2024-08-26,166.3800048828125,167.5500030517578,164.4600067138672,166.16000366210938,164.7826690673828,14190400,Yahoo Finance,GOOGL,2026-09-18T13:25:36+08:00,confirmed
2024-08-27,165.83999633789062,166.44000244140625,164.4600067138672,164.67999267578125,163.31492614746094,11821900,Yahoo Finance,GOOGL,2026-09-18T13:25:36+08:00,confirmed
2024-08-28,165.0399932861328,165.60000610351562,161.52999877929688,162.85000610351562,161.5001220703125,16407400,Yahoo Finance,GOOGL,2026-09-18T13:25:36+08:00,confirmed
2024-08-29,164.30999755859375,165.97000122070312,160.25,161.77999877929688,160.43899536132812,19699800,Yahoo Finance,GOOGL,2026-09-18T13:25:36+08:00,confirmed
2024-08-30,162.6199951171875,163.66000366210938,161.69000244140625,163.3800048828125,162.0257568359375,22123800,Yahoo Finance,GOOGL,2026-09-18T13:25:36+08:00,confirmed
2024-09-03,161.72000122070312,161.85000610351562,156.47999572753906,157.36000061035156,156.05563354492188,38945300,Yahoo Finance,GOOGL,2026-09-18T13:25:36+08:00,confirmed
2024-09-04,156.66000366210938,159.0,155.9600067138672,156.4499969482422,155.1531524658203,19353800,Yahoo Finance,GOOGL,2026-09-18T13:25:36+08:00,confirmed
2024-09-05,156.3000030517578,159.4499969482422,155.97999572753906,157.24000549316406,155.93663024902344,18688700,Yahoo Finance,GOOGL,2026-09-18T13:25:36+08:00,confirmed
2024-09-06,157.3000030517578,157.8300018310547,150.5500030517578,150.9199981689453,149.6690216064453,37912100,Yahoo Finance,GOOGL,2026-09-18T13:25:36+08:00,confirmed
2024-09-09,152.50999450683594,153.39999389648438,147.22000122070312,148.7100067138672,147.67300415039062,39260500,Yahoo Finance,GOOGL,2026-09-18T13:25:36+08:00,confirmed
2024-09-10,150.4499969482422,151.27000427246094,148.33999633789062,148.66000366210938,147.6233367919922,31118800,Yahoo Finance,GOOGL,2026-09-18T13:25:36+08:00,confirmed
2024-09-11,149.9199981689453,151.5,147.52000427246094,151.16000366210938,150.10595703125,29607700,Yahoo Finance,GOOGL,2026-09-18T13:25:36+08:00,confirmed
2024-09-12,153.8000030517578,154.82000732421875,152.64999389648438,154.69000244140625,153.611328125,29621500,Yahoo Finance,GOOGL,2026-09-18T13:25:36+08:00,confirmed
2024-09-13,155.42999267578125,158.3800048828125,155.2100067138672,157.4600067138672,156.36199951171875,29591200,Yahoo Finance,GOOGL,2026-09-18T13:25:36+08:00,confirmed
2024-09-16,157.30999755859375,158.25,156.60000610351562,158.05999755859375,156.95782470703125,18379800,Yahoo Finance,GOOGL,2026-09-18T13:25:36+08:00,confirmed
2024-09-17,159.02000427246094,160.5500030517578,158.3800048828125,159.32000732421875,158.20904541015625,20715600,Yahoo Finance,GOOGL,2026-09-18T13:25:36+08:00,confirmed
2024-09-18,159.86000061035156,160.5,158.60000610351562,159.80999755859375,158.6956024169922,23677300,Yahoo Finance,GOOGL,2026-09-18T13:25:36+08:00,confirmed
2024-09-19,163.7100067138672,163.7899932861328,161.33999633789062,162.13999938964844,161.00938415527344,26587700,Yahoo Finance,GOOGL,2026-09-18T13:25:36+08:00,confirmed
2024-09-20,163.5,163.72999572753906,162.05999755859375,163.58999633789062,162.4492645263672,40896400,Yahoo Finance,GOOGL,2026-09-18T13:25:36+08:00,confirmed
2024-09-23,164.35000610351562,165.49000549316406,161.6699981689453,161.85000610351562,160.72142028808594,24150900,Yahoo Finance,GOOGL,2026-09-18T13:25:36+08:00,confirmed
2024-09-24,163.02999877929688,163.22000122070312,160.69000244140625,162.2899932861328,161.1583251953125,23332100,Yahoo Finance,GOOGL,2026-09-18T13:25:36+08:00,confirmed
2024-09-25,161.47000122070312,162.80999755859375,161.3000030517578,161.49000549316406,160.36390686035156,18869200,Yahoo Finance,GOOGL,2026-09-18T13:25:36+08:00,confirmed
2024-09-26,163.63999938964844,164.0800018310547,162.27999877929688,162.72999572753906,161.59524536132812,20319300,Yahoo Finance,GOOGL,2026-09-18T13:25:36+08:00,confirmed
2024-09-27,162.80999755859375,165.6999969482422,162.6300048828125,163.9499969482422,162.8067626953125,21101300,Yahoo Finance,GOOGL,2026-09-18T13:25:36+08:00,confirmed
2024-09-30,163.32000732421875,166.14999389648438,163.25999450683594,165.85000610351562,164.6934814453125,20413900,Yahoo Finance,GOOGL,2026-09-18T13:25:36+08:00,confirmed
2024-10-01,167.69000244140625,169.16000366210938,164.5800018310547,166.99000549316406,165.8255615234375,28338100,Yahoo Finance,GOOGL,2026-09-18T13:25:36+08:00,confirmed
2024-10-02,166.4199981689453,167.52000427246094,164.72999572753906,165.86000061035156,164.7034454345703,17760200,Yahoo Finance,GOOGL,2026-09-18T13:25:36+08:00,confirmed
2024-10-03,164.41000366210938,166.63999938964844,163.9199981689453,165.86000061035156,164.7034454345703,15073100,Yahoo Finance,GOOGL,2026-09-18T13:25:36+08:00,confirmed
2024-10-04,168.05999755859375,168.22999572753906,165.47999572753906,167.05999755859375,165.89508056640625,19047400,Yahoo Finance,GOOGL,2026-09-18T13:25:36+08:00,confirmed
2024-10-07,167.72000122070312,168.47999572753906,162.75,162.97999572753906,161.84352111816406,22463100,Yahoo Finance,GOOGL,2026-09-18T13:25:36+08:00,confirmed
2024-10-08,163.94000244140625,164.72999572753906,162.8699951171875,164.3800048828125,163.2337646484375,23072700,Yahoo Finance,GOOGL,2026-09-18T13:25:36+08:00,confirmed
2024-10-09,163.4499969482422,164.83999633789062,159.74000549316406,161.86000061035156,160.73130798339844,31181800,Yahoo Finance,GOOGL,2026-09-18T13:25:36+08:00,confirmed
2024-10-10,160.8699951171875,163.07000732421875,160.39999389648438,162.0800018310547,160.9497833251953,14144100,Yahoo Finance,GOOGL,2026-09-18T13:25:36+08:00,confirmed
2024-10-11,162.1300048828125,163.89999389648438,161.24000549316406,163.24000549316406,162.10171508789062,15344300,Yahoo Finance,GOOGL,2026-09-18T13:25:36+08:00,confirmed
2024-10-14,163.63999938964844,166.22999572753906,163.39999389648438,164.9600067138672,163.80972290039062,19016100,Yahoo Finance,GOOGL,2026-09-18T13:25:36+08:00,confirmed
2024-10-15,165.7899932861328,167.67999267578125,164.6300048828125,165.4600067138672,164.30621337890625,20247200,Yahoo Finance,GOOGL,2026-09-18T13:25:36+08:00,confirmed
2024-10-16,164.52999877929688,165.8000030517578,163.74000549316406,165.16000366210938,164.00831604003906,16406000,Yahoo Finance,GOOGL,2026-09-18T13:25:36+08:00,confirmed
2024-10-17,165.72999572753906,166.3699951171875,162.75999450683594,162.92999267578125,161.79385375976562,21453400,Yahoo Finance,GOOGL,2026-09-18T13:25:36+08:00,confirmed
2024-10-18,163.19000244140625,164.7100067138672,163.0800018310547,163.4199981689453,162.28045654296875,19757700,Yahoo Finance,GOOGL,2026-09-18T13:25:36+08:00,confirmed
2024-10-21,162.9499969482422,164.5,162.6199951171875,164.07000732421875,162.92591857910156,20946500,Yahoo Finance,GOOGL,2026-09-18T13:25:36+08:00,confirmed
2024-10-22,162.97999572753906,165.77000427246094,162.97999572753906,165.13999938964844,163.9884490966797,16568100,Yahoo Finance,GOOGL,2026-09-18T13:25:36+08:00,confirmed
2024-10-23,164.75999450683594,165.82000732421875,161.92999267578125,162.77999877929688,161.6448974609375,18280500,Yahoo Finance,GOOGL,2026-09-18T13:25:36+08:00,confirmed
2024-10-24,162.8300018310547,163.3300018310547,161.00999450683594,162.72000122070312,161.5853271484375,22412500,Yahoo Finance,GOOGL,2026-09-18T13:25:36+08:00,confirmed
2024-10-25,163.6699981689453,165.58999633789062,163.4199981689453,165.27000427246094,164.1175537109375,19828900,Yahoo Finance,GOOGL,2026-09-18T13:25:36+08:00,confirmed
2024-10-28,168.75,168.75,163.9499969482422,166.72000122070312,165.5574188232422,32138600,Yahoo Finance,GOOGL,2026-09-18T13:25:36+08:00,confirmed
2024-10-29,167.72999572753906,170.3800048828125,167.08999633789062,169.67999267578125,168.4967803955078,42169000,Yahoo Finance,GOOGL,2026-09-18T13:25:36+08:00,confirmed
2024-10-30,180.67999267578125,182.02000427246094,174.05999755859375,174.4600067138672,173.2434539794922,68890800,Yahoo Finance,GOOGL,2026-09-18T13:25:36+08:00,confirmed
2024-10-31,173.1300048828125,176.82000732421875,171.0,171.11000061035156,169.91680908203125,44769000,Yahoo Finance,GOOGL,2026-09-18T13:25:36+08:00,confirmed
2024-11-01,170.07000732421875,172.32000732421875,168.8800048828125,171.2899932861328,170.09556579589844,31796500,Yahoo Finance,GOOGL,2026-09-18T13:25:36+08:00,confirmed
2024-11-04,169.92999267578125,170.72999572753906,168.00999450683594,169.24000549316406,168.0598602294922,21492700,Yahoo Finance,GOOGL,2026-09-18T13:25:36+08:00,confirmed
2024-11-05,169.42999267578125,170.52999877929688,168.83999633789062,169.74000549316406,168.55636596679688,18242100,Yahoo Finance,GOOGL,2026-09-18T13:25:36+08:00,confirmed
2024-11-06,173.8000030517578,176.94000244140625,173.5,176.50999450683594,175.2791748046875,33695500,Yahoo Finance,GOOGL,2026-09-18T13:25:36+08:00,confirmed
2024-11-07,177.41000366210938,181.0800018310547,177.19000244140625,180.75,179.48960876464844,25352900,Yahoo Finance,GOOGL,2026-09-18T13:25:36+08:00,confirmed
2024-11-08,180.64999389648438,180.89999389648438,178.0800018310547,178.35000610351562,177.1063232421875,22006200,Yahoo Finance,GOOGL,2026-09-18T13:25:36+08:00,confirmed
2024-11-11,178.5800018310547,180.5500030517578,178.47000122070312,180.35000610351562,179.0924072265625,17450400,Yahoo Finance,GOOGL,2026-09-18T13:25:36+08:00,confirmed
2024-11-12,179.82000732421875,182.49000549316406,179.38999938964844,181.6199951171875,180.35353088378906,25134900,Yahoo Finance,GOOGL,2026-09-18T13:25:36+08:00,confirmed
2024-11-13,180.4600067138672,180.9600067138672,178.5399932861328,178.8800048828125,177.6326446533203,23184000,Yahoo Finance,GOOGL,2026-09-18T13:25:36+08:00,confirmed
2024-11-14,178.27999877929688,178.82000732421875,174.32000732421875,175.5800018310547,174.35565185546875,31007500,Yahoo Finance,GOOGL,2026-09-18T13:25:36+08:00,confirmed
2024-11-15,173.72999572753906,174.13999938964844,171.22000122070312,172.49000549316406,171.28720092773438,32504600,Yahoo Finance,GOOGL,2026-09-18T13:25:36+08:00,confirmed
2024-11-18,173.4199981689453,175.44000244140625,172.89999389648438,175.3000030517578,174.0775909423828,20135300,Yahoo Finance,GOOGL,2026-09-18T13:25:36+08:00,confirmed
2024-11-19,173.72000122070312,178.8699951171875,173.55999755859375,178.1199951171875,176.8779296875,23434900,Yahoo Finance,GOOGL,2026-09-18T13:25:36+08:00,confirmed
2024-11-20,177.33999633789062,177.67999267578125,173.77999877929688,175.97999572753906,174.75283813476562,18997100,Yahoo Finance,GOOGL,2026-09-18T13:25:36+08:00,confirmed
2024-11-21,173.89999389648438,174.1300048828125,163.6999969482422,167.6300048828125,166.46109008789062,59734400,Yahoo Finance,GOOGL,2026-09-18T13:25:36+08:00,confirmed
2024-11-22,165.85000610351562,166.4600067138672,163.89999389648438,164.75999450683594,163.61109924316406,38604600,Yahoo Finance,GOOGL,2026-09-18T13:25:36+08:00,confirmed
2024-11-25,166.08999633789062,168.6300048828125,165.61000061035156,167.64999389648438,166.48094177246094,33135300,Yahoo Finance,GOOGL,2026-09-18T13:25:36+08:00,confirmed
2024-11-26,167.6300048828125,169.82000732421875,167.5800018310547,169.1199951171875,167.94068908691406,20486700,Yahoo Finance,GOOGL,2026-09-18T13:25:36+08:00,confirmed
2024-11-27,169.0,169.47999572753906,168.02000427246094,169.22999572753906,168.04994201660156,19266500,Yahoo Finance,GOOGL,2026-09-18T13:25:36+08:00,confirmed
2024-11-29,168.5,169.42999267578125,167.16000366210938,168.9499969482422,167.77188110351562,14257200,Yahoo Finance,GOOGL,2026-09-18T13:25:36+08:00,confirmed
2024-12-02,168.77000427246094,172.0800018310547,168.57000732421875,171.49000549316406,170.294189453125,23789100,Yahoo Finance,GOOGL,2026-09-18T13:25:36+08:00,confirmed
2024-12-03,171.49000549316406,172.67999267578125,170.85000610351562,171.33999633789062,170.1452178955078,22248700,Yahoo Finance,GOOGL,2026-09-18T13:25:36+08:00,confirmed
2024-12-04,171.14999389648438,174.91000366210938,171.05999755859375,174.3699951171875,173.15408325195312,31615100,Yahoo Finance,GOOGL,2026-09-18T13:25:36+08:00,confirmed
2024-12-05,175.36000061035156,176.05999755859375,172.3300018310547,172.63999938964844,171.4361572265625,21356200,Yahoo Finance,GOOGL,2026-09-18T13:25:36+08:00,confirmed
2024-12-06,172.02999877929688,175.0800018310547,171.86000061035156,174.7100067138672,173.49171447753906,21462400,Yahoo Finance,GOOGL,2026-09-18T13:25:36+08:00,confirmed
2024-12-09,173.9600067138672,176.25999450683594,173.64999389648438,175.3699951171875,174.34671020507812,25389600,Yahoo Finance,GOOGL,2026-09-18T13:25:36+08:00,confirmed
2024-12-10,182.85000610351562,186.36000061035156,181.0500030517578,185.1699981689453,184.08950805664062,54813000,Yahoo Finance,GOOGL,2026-09-18T13:25:36+08:00,confirmed
2024-12-11,185.30999755859375,195.61000061035156,184.85000610351562,195.39999389648438,194.25982666015625,67894100,Yahoo Finance,GOOGL,2026-09-18T13:25:36+08:00,confirmed
2024-12-12,195.0,195.17999267578125,191.7100067138672,191.9600067138672,190.83990478515625,34817500,Yahoo Finance,GOOGL,2026-09-18T13:25:36+08:00,confirmed
2024-12-13,191.00999450683594,192.72999572753906,189.63999938964844,189.82000732421875,188.71240234375,25143500,Yahoo Finance,GOOGL,2026-09-18T13:25:36+08:00,confirmed
2024-12-16,192.8699951171875,199.0,192.6199951171875,196.66000366210938,195.51246643066406,44934900,Yahoo Finance,GOOGL,2026-09-18T13:25:36+08:00,confirmed
2024-12-17,197.25,201.4199981689453,194.97999572753906,195.4199981689453,194.27969360351562,43504000,Yahoo Finance,GOOGL,2026-09-18T13:25:36+08:00,confirmed
2024-12-18,195.22000122070312,197.0,187.74000549316406,188.39999389648438,187.3006591796875,34166100,Yahoo Finance,GOOGL,2026-09-18T13:25:36+08:00,confirmed
2024-12-19,191.6300048828125,193.02999877929688,188.3800048828125,188.50999450683594,187.4100341796875,32265200,Yahoo Finance,GOOGL,2026-09-18T13:25:36+08:00,confirmed
2024-12-20,185.77999877929688,192.88999938964844,185.22000122070312,191.41000366210938,190.29312133789062,63462900,Yahoo Finance,GOOGL,2026-09-18T13:25:36+08:00,confirmed
2024-12-23,192.6199951171875,195.10000610351562,190.14999389648438,194.6300048828125,193.49432373046875,25675000,Yahoo Finance,GOOGL,2026-09-18T13:25:36+08:00,confirmed
2024-12-24,194.83999633789062,196.11000061035156,193.77999877929688,196.11000061035156,194.96566772460938,10403300,Yahoo Finance,GOOGL,2026-09-18T13:25:36+08:00,confirmed
2024-12-26,195.14999389648438,196.75,194.3800048828125,195.60000610351562,194.4586639404297,12046600,Yahoo Finance,GOOGL,2026-09-18T13:25:36+08:00,confirmed
2024-12-27,194.9499969482422,195.32000732421875,190.64999389648438,192.75999450683594,191.63522338867188,18891400,Yahoo Finance,GOOGL,2026-09-18T13:25:36+08:00,confirmed
2024-12-30,189.8000030517578,192.5500030517578,189.1199951171875,191.24000549316406,190.12413024902344,14264700,Yahoo Finance,GOOGL,2026-09-18T13:25:36+08:00,confirmed
2024-12-31,191.0800018310547,191.9600067138672,188.50999450683594,189.3000030517578,188.19541931152344,17466900,Yahoo Finance,GOOGL,2026-09-18T13:25:36+08:00,confirmed
2025-01-02,190.64999389648438,192.0,187.5,189.42999267578125,188.32467651367188,20370800,Yahoo Finance,GOOGL,2026-09-18T13:25:36+08:00,confirmed
2025-01-03,191.3699951171875,193.2100067138672,189.97999572753906,191.7899932861328,190.67086791992188,18596200,Yahoo Finance,GOOGL,2026-09-18T13:25:36+08:00,confirmed
2025-01-06,193.97999572753906,198.22000122070312,193.85000610351562,196.8699951171875,195.72125244140625,29563600,Yahoo Finance,GOOGL,2026-09-18T13:25:36+08:00,confirmed
2025-01-07,197.11000061035156,201.0,194.60000610351562,195.49000549316406,194.34930419921875,26487200,Yahoo Finance,GOOGL,2026-09-18T13:25:36+08:00,confirmed
2025-01-08,192.57000732421875,196.2899932861328,192.3800048828125,193.9499969482422,192.81826782226562,24864800,Yahoo Finance,GOOGL,2026-09-18T13:25:36+08:00,confirmed
2025-01-10,194.3000030517578,196.52000427246094,190.30999755859375,192.0399932861328,190.91943359375,26665200,Yahoo Finance,GOOGL,2026-09-18T13:25:36+08:00,confirmed
2025-01-13,190.07000732421875,191.17999267578125,187.36000061035156,191.00999450683594,189.89544677734375,21823700,Yahoo Finance,GOOGL,2026-09-18T13:25:36+08:00,confirmed
2025-01-14,191.24000549316406,191.97999572753906,188.30999755859375,189.66000366210938,188.55331420898438,17174900,Yahoo Finance,GOOGL,2026-09-18T13:25:36+08:00,confirmed
2025-01-15,193.08999633789062,196.36000061035156,191.86000061035156,195.5500030517578,194.40896606445312,21776000,Yahoo Finance,GOOGL,2026-09-18T13:25:36+08:00,confirmed
2025-01-16,194.13999938964844,195.47999572753906,192.80999755859375,192.91000366210938,191.7843780517578,17815400,Yahoo Finance,GOOGL,2026-09-18T13:25:36+08:00,confirmed
2025-01-17,196.52999877929688,197.22999572753906,193.75,196.0,194.8563232421875,27735100,Yahoo Finance,GOOGL,2026-09-18T13:25:36+08:00,confirmed
2025-01-21,199.07000732421875,202.2899932861328,197.8699951171875,198.0500030517578,196.8943634033203,29971300,Yahoo Finance,GOOGL,2026-09-18T13:25:36+08:00,confirmed
2025-01-22,199.05999755859375,200.47999572753906,197.52999877929688,198.3699951171875,197.2124786376953,26200600,Yahoo Finance,GOOGL,2026-09-18T13:25:36+08:00,confirmed
2025-01-23,198.13999938964844,200.3000030517578,195.1999969482422,197.97999572753906,196.82476806640625,26951400,Yahoo Finance,GOOGL,2026-09-18T13:25:36+08:00,confirmed
2025-01-24,198.10000610351562,200.89999389648438,198.0,200.2100067138672,199.04177856445312,23877500,Yahoo Finance,GOOGL,2026-09-18T13:25:36+08:00,confirmed
2025-01-27,192.41000366210938,196.8800048828125,190.72999572753906,191.80999755859375,190.69078063964844,41728900,Yahoo Finance,GOOGL,2026-09-18T13:25:36+08:00,confirmed
2025-01-28,192.75,195.47999572753906,190.67999267578125,195.3000030517578,194.16041564941406,24157900,Yahoo Finance,GOOGL,2026-09-18T13:25:36+08:00,confirmed
2025-01-29,195.55999755859375,196.7899932861328,193.42999267578125,195.41000366210938,194.26976013183594,18218300,Yahoo Finance,GOOGL,2026-09-18T13:25:36+08:00,confirmed
2025-01-30,198.0,201.39999389648438,197.6699981689453,200.8699951171875,199.6979217529297,24354700,Yahoo Finance,GOOGL,2026-09-18T13:25:36+08:00,confirmed
2025-01-31,202.0,205.47999572753906,201.8000030517578,204.02000427246094,202.82952880859375,32001100,Yahoo Finance,GOOGL,2026-09-18T13:25:36+08:00,confirmed
2025-02-03,200.69000244140625,203.75,200.10000610351562,201.22999572753906,200.05580139160156,27838300,Yahoo Finance,GOOGL,2026-09-18T13:25:36+08:00,confirmed
2025-02-04,203.38999938964844,207.0500030517578,202.80999755859375,206.3800048828125,205.17576599121094,43856400,Yahoo Finance,GOOGL,2026-09-18T13:25:36+08:00,confirmed
2025-02-05,191.07000732421875,192.75,188.02999877929688,191.3300018310547,190.21356201171875,70373900,Yahoo Finance,GOOGL,2026-09-18T13:25:36+08:00,confirmed
2025-02-06,189.5,192.10000610351562,188.72000122070312,191.60000610351562,190.4820098876953,29297400,Yahoo Finance,GOOGL,2026-09-18T13:25:36+08:00,confirmed
2025-02-07,191.0500030517578,191.17999267578125,183.24000549316406,185.33999633789062,184.25851440429688,49315000,Yahoo Finance,GOOGL,2026-09-18T13:25:36+08:00,confirmed
2025-02-10,187.35000610351562,188.1999969482422,185.86000061035156,186.47000122070312,185.38192749023438,23105600,Yahoo Finance,GOOGL,2026-09-18T13:25:36+08:00,confirmed
2025-02-11,185.02999877929688,186.94000244140625,184.27999877929688,185.32000732421875,184.2386474609375,21239500,Yahoo Finance,GOOGL,2026-09-18T13:25:36+08:00,confirmed
2025-02-12,183.22000122070312,185.11000061035156,181.8300018310547,183.61000061035156,182.53863525390625,22072600,Yahoo Finance,GOOGL,2026-09-18T13:25:36+08:00,confirmed
2025-02-13,184.32000732421875,186.27999877929688,183.13999938964844,186.13999938964844,185.05386352539062,21402500,Yahoo Finance,GOOGL,2026-09-18T13:25:36+08:00,confirmed
2025-02-14,185.05999755859375,186.39999389648438,184.32000732421875,185.22999572753906,184.149169921875,20448400,Yahoo Finance,GOOGL,2026-09-18T13:25:36+08:00,confirmed
2025-02-18,185.60000610351562,185.9600067138672,181.74000549316406,183.77000427246094,182.6976776123047,29916700,Yahoo Finance,GOOGL,2026-09-18T13:25:36+08:00,confirmed
2025-02-19,184.07000732421875,185.4600067138672,183.58999633789062,185.27000427246094,184.18894958496094,19549400,Yahoo Finance,GOOGL,2026-09-18T13:25:36+08:00,confirmed
2025-02-20,184.8000030517578,185.30999755859375,182.72000122070312,184.55999755859375,183.4830780029297,20441500,Yahoo Finance,GOOGL,2026-09-18T13:25:36+08:00,confirmed
2025-02-21,185.14999389648438,185.33999633789062,179.0800018310547,179.66000366210938,178.6116485595703,35199200,Yahoo Finance,GOOGL,2026-09-18T13:25:36+08:00,confirmed
2025-02-24,181.99000549316406,183.1199951171875,178.88999938964844,179.25,178.2040557861328,29854200,Yahoo Finance,GOOGL,2026-09-18T13:25:36+08:00,confirmed
2025-02-25,178.0399932861328,178.74000549316406,174.69000244140625,175.4199981689453,174.3964080810547,41913400,Yahoo Finance,GOOGL,2026-09-18T13:25:36+08:00,confirmed
2025-02-26,175.07000732421875,176.0800018310547,171.5800018310547,172.72999572753906,171.72207641601562,35431300,Yahoo Finance,GOOGL,2026-09-18T13:25:36+08:00,confirmed
2025-02-27,173.99000549316406,174.55999755859375,167.94000244140625,168.5,167.51678466796875,39991000,Yahoo Finance,GOOGL,2026-09-18T13:25:36+08:00,confirmed
2025-02-28,168.67999267578125,170.61000061035156,166.77000427246094,170.27999877929688,169.28639221191406,48130600,Yahoo Finance,GOOGL,2026-09-18T13:25:36+08:00,confirmed
2025-03-03,171.92999267578125,173.3699951171875,165.92999267578125,167.00999450683594,166.03549194335938,40770500,Yahoo Finance,GOOGL,2026-09-18T13:25:36+08:00,confirmed
2025-03-04,166.24000549316406,173.2899932861328,165.8000030517578,170.9199981689453,169.92266845703125,45388000,Yahoo Finance,GOOGL,2026-09-18T13:25:36+08:00,confirmed
2025-03-05,170.52000427246094,173.77999877929688,169.05999755859375,173.02000427246094,172.0104522705078,30954900,Yahoo Finance,GOOGL,2026-09-18T13:25:36+08:00,confirmed
2025-03-06,170.52999877929688,174.80999755859375,170.5,172.35000610351562,171.34434509277344,28302000,Yahoo Finance,GOOGL,2026-09-18T13:25:36+08:00,confirmed
2025-03-07,171.25999450683594,174.97000122070312,170.27000427246094,173.86000061035156,172.84548950195312,27385800,Yahoo Finance,GOOGL,2026-09-18T13:25:36+08:00,confirmed
2025-03-10,168.25999450683594,168.4600067138672,163.69000244140625,165.8699951171875,165.092041015625,43604000,Yahoo Finance,GOOGL,2026-09-18T13:25:36+08:00,confirmed
2025-03-11,164.91000366210938,166.75,161.3699951171875,164.0399932861328,163.27061462402344,39587400,Yahoo Finance,GOOGL,2026-09-18T13:25:36+08:00,confirmed
2025-03-12,166.5800018310547,167.63999938964844,163.52999877929688,167.11000061035156,166.32623291015625,28372400,Yahoo Finance,GOOGL,2026-09-18T13:25:36+08:00,confirmed
2025-03-13,166.0399932861328,166.1300048828125,162.11000061035156,162.75999450683594,161.9966278076172,31756200,Yahoo Finance,GOOGL,2026-09-18T13:25:36+08:00,confirmed
2025-03-14,163.27000427246094,166.49000549316406,162.4499969482422,165.49000549316406,164.7138214111328,31995900,Yahoo Finance,GOOGL,2026-09-18T13:25:36+08:00,confirmed
2025-03-17,165.02999877929688,166.3000030517578,163.6699981689453,164.2899932861328,163.51947021484375,31184300,Yahoo Finance,GOOGL,2026-09-18T13:25:36+08:00,confirmed
2025-03-18,163.67999267578125,164.25,156.72000122070312,160.6699981689453,159.91644287109375,42074800,Yahoo Finance,GOOGL,2026-09-18T13:25:36+08:00,confirmed
2025-03-19,161.75999450683594,165.8699951171875,161.0,163.88999938964844,163.12135314941406,34275600,Yahoo Finance,GOOGL,2026-09-18T13:25:36+08:00,confirmed
2025-03-20,161.57000732421875,164.88999938964844,160.9600067138672,162.8000030517578,162.03643798828125,28138500,Yahoo Finance,GOOGL,2026-09-18T13:25:36+08:00,confirmed
2025-03-21,161.2100067138672,164.24000549316406,160.88999938964844,163.99000549316406,163.22085571289062,36625800,Yahoo Finance,GOOGL,2026-09-18T13:25:36+08:00,confirmed
2025-03-24,167.07000732421875,168.32000732421875,165.13999938964844,167.67999267578125,166.89356994628906,30879100,Yahoo Finance,GOOGL,2026-09-18T13:25:36+08:00,confirmed
2025-03-25,168.97999572753906,170.6300048828125,168.32000732421875,170.55999755859375,169.7600860595703,24174400,Yahoo Finance,GOOGL,2026-09-18T13:25:36+08:00,confirmed
2025-03-26,169.0,169.61000061035156,164.83999633789062,165.05999755859375,164.2858428955078,28901600,Yahoo Finance,GOOGL,2026-09-18T13:25:36+08:00,confirmed
2025-03-27,164.6300048828125,165.4199981689453,162.0,162.24000549316406,161.4790802001953,24508300,Yahoo Finance,GOOGL,2026-09-18T13:25:36+08:00,confirmed
2025-03-28,160.49000549316406,161.82000732421875,153.6300048828125,154.3300018310547,153.6061553955078,48669300,Yahoo Finance,GOOGL,2026-09-18T13:25:36+08:00,confirmed
2025-03-31,153.11000061035156,155.5399932861328,150.66000366210938,154.63999938964844,153.9147186279297,54603500,Yahoo Finance,GOOGL,2026-09-18T13:25:36+08:00,confirmed
2025-04-01,153.6199951171875,158.10000610351562,153.6199951171875,157.07000732421875,156.3333282470703,30672900,Yahoo Finance,GOOGL,2026-09-18T13:25:36+08:00,confirmed
2025-04-02,155.14999389648438,158.41000366210938,154.6999969482422,157.0399932861328,156.303466796875,25041700,Yahoo Finance,GOOGL,2026-09-18T13:25:36+08:00,confirmed
2025-04-03,151.11000061035156,152.77999877929688,150.38999938964844,150.72000122070312,150.0131072998047,46883400,Yahoo Finance,GOOGL,2026-09-18T13:25:36+08:00,confirmed
2025-04-04,148.00999450683594,151.07000732421875,145.3800048828125,145.60000610351562,144.9171142578125,62259500,Yahoo Finance,GOOGL,2026-09-18T13:25:36+08:00,confirmed
2025-04-07,141.5500030517578,152.85000610351562,140.52999877929688,146.75,146.0617218017578,76794100,Yahoo Finance,GOOGL,2026-09-18T13:25:36+08:00,confirmed
2025-04-08,151.22000122070312,152.24000549316406,143.02999877929688,144.6999969482422,144.02133178710938,52200200,Yahoo Finance,GOOGL,2026-09-18T13:25:36+08:00,confirmed
2025-04-09,144.4199981689453,159.5500030517578,143.91000366210938,158.7100067138672,157.9656524658203,70406200,Yahoo Finance,GOOGL,2026-09-18T13:25:36+08:00,confirmed
2025-04-10,156.5399932861328,157.72000122070312,149.92999267578125,152.82000732421875,152.10325622558594,48022000,Yahoo Finance,GOOGL,2026-09-18T13:25:36+08:00,confirmed
2025-04-11,152.89999389648438,157.6699981689453,152.82000732421875,157.13999938964844,156.40298461914062,33636200,Yahoo Finance,GOOGL,2026-09-18T13:25:36+08:00,confirmed
2025-04-14,160.0,161.72000122070312,157.55999755859375,159.07000732421875,158.32394409179688,30333000,Yahoo Finance,GOOGL,2026-09-18T13:25:36+08:00,confirmed
2025-04-15,159.1300048828125,159.64999389648438,155.2100067138672,156.30999755859375,155.57688903808594,27551500,Yahoo Finance,GOOGL,2026-09-18T13:25:36+08:00,confirmed
2025-04-16,153.10000610351562,155.88999938964844,151.50999450683594,153.3300018310547,152.61087036132812,28187400,Yahoo Finance,GOOGL,2026-09-18T13:25:36+08:00,confirmed
2025-04-17,154.2899932861328,154.67999267578125,148.5,151.16000366210938,150.4510498046875,33046600,Yahoo Finance,GOOGL,2026-09-18T13:25:36+08:00,confirmed
2025-04-21,148.8800048828125,148.9499969482422,146.10000610351562,147.6699981689453,146.9774169921875,26049100,Yahoo Finance,GOOGL,2026-09-18T13:25:36+08:00,confirmed
2025-04-22,148.88999938964844,152.19000244140625,148.5399932861328,151.47000122070312,150.75961303710938,26971800,Yahoo Finance,GOOGL,2026-09-18T13:25:36+08:00,confirmed
2025-04-23,155.61000061035156,157.52999877929688,153.80999755859375,155.35000610351562,154.6213836669922,31128800,Yahoo Finance,GOOGL,2026-09-18T13:25:36+08:00,confirmed
2025-04-24,156.14999389648438,159.58999633789062,155.7899932861328,159.27999877929688,158.532958984375,45894000,Yahoo Finance,GOOGL,2026-09-18T13:25:36+08:00,confirmed
2025-04-25,165.07000732421875,166.10000610351562,161.0399932861328,161.9600067138672,161.2003936767578,56034000,Yahoo Finance,GOOGL,2026-09-18T13:25:36+08:00,confirmed
2025-04-28,162.42999267578125,163.14999389648438,158.60000610351562,160.61000061035156,159.85670471191406,29745800,Yahoo Finance,GOOGL,2026-09-18T13:25:36+08:00,confirmed
2025-04-29,160.32000732421875,160.74000549316406,157.52000427246094,160.16000366210938,159.40882873535156,26809000,Yahoo Finance,GOOGL,2026-09-18T13:25:36+08:00,confirmed
2025-04-30,157.97999572753906,159.27000427246094,155.39999389648438,158.8000030517578,158.05520629882812,34981100,Yahoo Finance,GOOGL,2026-09-18T13:25:36+08:00,confirmed
2025-05-01,160.4499969482422,161.9499969482422,158.91000366210938,161.3000030517578,160.54348754882812,30203200,Yahoo Finance,GOOGL,2026-09-18T13:25:36+08:00,confirmed
2025-05-02,163.41000366210938,164.97000122070312,161.8699951171875,164.02999877929688,163.2606964111328,25715000,Yahoo Finance,GOOGL,2026-09-18T13:25:36+08:00,confirmed
2025-05-05,163.0,165.38999938964844,162.72000122070312,164.2100067138672,163.4398193359375,21341800,Yahoo Finance,GOOGL,2026-09-18T13:25:36+08:00,confirmed
2025-05-06,162.1699981689453,164.8000030517578,161.19000244140625,163.22999572753906,162.46441650390625,21277200,Yahoo Finance,GOOGL,2026-09-18T13:25:36+08:00,confirmed
2025-05-07,164.0800018310547,165.0,147.83999633789062,151.3800048828125,150.67002868652344,127490100,Yahoo Finance,GOOGL,2026-09-18T13:25:36+08:00,confirmed
2025-05-08,155.0,155.92999267578125,152.89999389648438,154.27999877929688,153.55641174316406,57498700,Yahoo Finance,GOOGL,2026-09-18T13:25:36+08:00,confirmed
2025-05-09,154.1699981689453,155.0500030517578,152.1999969482422,152.75,152.03359985351562,32435300,Yahoo Finance,GOOGL,2026-09-18T13:25:36+08:00,confirmed
2025-05-12,157.49000549316406,159.10000610351562,156.25,158.4600067138672,157.71682739257812,44138800,Yahoo Finance,GOOGL,2026-09-18T13:25:36+08:00,confirmed
2025-05-13,158.7899932861328,160.57000732421875,156.16000366210938,159.52999877929688,158.78179931640625,42382100,Yahoo Finance,GOOGL,2026-09-18T13:25:36+08:00,confirmed
2025-05-14,159.9600067138672,167.0,159.61000061035156,165.3699951171875,164.59437561035156,48755900,Yahoo Finance,GOOGL,2026-09-18T13:25:36+08:00,confirmed
2025-05-15,165.83999633789062,166.2100067138672,162.3699951171875,163.9600067138672,163.19102478027344,33146700,Yahoo Finance,GOOGL,2026-09-18T13:25:36+08:00,confirmed
2025-05-16,167.72999572753906,169.35000610351562,165.6199951171875,166.19000244140625,165.41053771972656,42846900,Yahoo Finance,GOOGL,2026-09-18T13:25:36+08:00,confirmed
2025-05-19,164.50999450683594,166.63999938964844,164.22000122070312,166.5399932861328,165.75888061523438,30426100,Yahoo Finance,GOOGL,2026-09-18T13:25:36+08:00,confirmed
2025-05-20,166.42999267578125,168.5,162.89999389648438,163.97999572753906,163.21090698242188,46607700,Yahoo Finance,GOOGL,2026-09-18T13:25:36+08:00,confirmed
2025-05-21,163.69000244140625,173.13999938964844,163.55999755859375,168.55999755859375,167.76943969726562,73416000,Yahoo Finance,GOOGL,2026-09-18T13:25:36+08:00,confirmed
2025-05-22,171.85000610351562,176.77000427246094,170.7100067138672,170.8699951171875,170.06858825683594,74864400,Yahoo Finance,GOOGL,2026-09-18T13:25:36+08:00,confirmed
2025-05-23,169.05999755859375,169.9600067138672,167.88999938964844,168.47000122070312,167.6798553466797,35211400,Yahoo Finance,GOOGL,2026-09-18T13:25:36+08:00,confirmed
2025-05-27,170.16000366210938,173.1699981689453,170.0,172.89999389648438,172.08908081054688,37995700,Yahoo Finance,GOOGL,2026-09-18T13:25:36+08:00,confirmed
2025-05-28,173.16000366210938,175.27000427246094,171.91000366210938,172.36000061035156,171.55162048339844,34784000,Yahoo Finance,GOOGL,2026-09-18T13:25:36+08:00,confirmed
2025-05-29,174.0,174.4199981689453,170.6300048828125,171.86000061035156,171.053955078125,29317300,Yahoo Finance,GOOGL,2026-09-18T13:25:36+08:00,confirmed
2025-05-30,171.35000610351562,172.2100067138672,167.44000244140625,171.74000549316406,170.93450927734375,52639900,Yahoo Finance,GOOGL,2026-09-18T13:25:36+08:00,confirmed
2025-06-02,167.83999633789062,169.8699951171875,167.38999938964844,169.02999877929688,168.2372283935547,38612300,Yahoo Finance,GOOGL,2026-09-18T13:25:36+08:00,confirmed
2025-06-03,167.49000549316406,168.47999572753906,165.27999877929688,166.17999267578125,165.40057373046875,45084900,Yahoo Finance,GOOGL,2026-09-18T13:25:36+08:00,confirmed
2025-06-04,166.74000549316406,168.22000122070312,166.36000061035156,168.0500030517578,167.2618408203125,26900800,Yahoo Finance,GOOGL,2026-09-18T13:25:36+08:00,confirmed
2025-06-05,170.33999633789062,170.92999267578125,167.58999633789062,168.2100067138672,167.42108154296875,36379100,Yahoo Finance,GOOGL,2026-09-18T13:25:36+08:00,confirmed
2025-06-06,170.8300018310547,174.5,170.8300018310547,173.67999267578125,172.86541748046875,35731800,Yahoo Finance,GOOGL,2026-09-18T13:25:36+08:00,confirmed
2025-06-09,174.5399932861328,176.47000122070312,174.3699951171875,176.08999633789062,175.47628784179688,28935900,Yahoo Finance,GOOGL,2026-09-18T13:25:36+08:00,confirmed
2025-06-10,176.1999969482422,181.11000061035156,174.91000366210938,178.60000610351562,177.97755432128906,61766100,Yahoo Finance,GOOGL,2026-09-18T13:25:36+08:00,confirmed
2025-06-11,179.77000427246094,180.3699951171875,176.75,177.35000610351562,176.73191833496094,31646800,Yahoo Finance,GOOGL,2026-09-18T13:25:36+08:00,confirmed
2025-06-12,176.17999267578125,176.72000122070312,174.75,175.6999969482422,175.08766174316406,20941900,Yahoo Finance,GOOGL,2026-09-18T13:25:36+08:00,confirmed
2025-06-13,172.44000244140625,177.1300048828125,172.38999938964844,174.6699981689453,174.0612335205078,27663100,Yahoo Finance,GOOGL,2026-09-18T13:25:36+08:00,confirmed
2025-06-16,174.72999572753906,176.94000244140625,174.64999389648438,176.77000427246094,176.1539306640625,27389200,Yahoo Finance,GOOGL,2026-09-18T13:25:36+08:00,confirmed
2025-06-17,175.6999969482422,177.36000061035156,174.5800018310547,175.9499969482422,175.33677673339844,24973000,Yahoo Finance,GOOGL,2026-09-18T13:25:36+08:00,confirmed
2025-06-18,176.00999450683594,176.55999755859375,173.1999969482422,173.32000732421875,172.71595764160156,28707500,Yahoo Finance,GOOGL,2026-09-18T13:25:36+08:00,confirmed
2025-06-20,173.9499969482422,174.33999633789062,165.4600067138672,166.63999938964844,166.05923461914062,75659900,Yahoo Finance,GOOGL,2026-09-18T13:25:36+08:00,confirmed
2025-06-23,166.27000427246094,167.33999633789062,162.0,165.19000244140625,164.61428833007812,57671000,Yahoo Finance,GOOGL,2026-09-18T13:25:36+08:00,confirmed
2025-06-24,166.9199981689453,168.22000122070312,166.1300048828125,166.77000427246094,166.18878173828125,40524300,Yahoo Finance,GOOGL,2026-09-18T13:25:36+08:00,confirmed
2025-06-25,167.6300048828125,172.36000061035156,167.5500030517578,170.67999267578125,170.0851593017578,35479000,Yahoo Finance,GOOGL,2026-09-18T13:25:36+08:00,confirmed
2025-06-26,172.42999267578125,173.69000244140625,169.94000244140625,173.5399932861328,172.9351806640625,31796700,Yahoo Finance,GOOGL,2026-09-18T13:25:36+08:00,confirmed
2025-06-27,173.5399932861328,178.67999267578125,171.72999572753906,178.52999877929688,177.9077911376953,108140200,Yahoo Finance,GOOGL,2026-09-18T13:25:36+08:00,confirmed
2025-06-30,180.77999877929688,181.22999572753906,174.5800018310547,176.22999572753906,175.61581420898438,63378900,Yahoo Finance,GOOGL,2026-09-18T13:25:36+08:00,confirmed
2025-07-01,175.74000549316406,176.08999633789062,173.52999877929688,175.83999633789062,175.22715759277344,35904500,Yahoo Finance,GOOGL,2026-09-18T13:25:36+08:00,confirmed
2025-07-02,175.5399932861328,178.86000061035156,175.07000732421875,178.63999938964844,178.01739501953125,29128900,Yahoo Finance,GOOGL,2026-09-18T13:25:36+08:00,confirmed
2025-07-03,178.5,179.6699981689453,177.0500030517578,179.52999877929688,178.904296875,21689700,Yahoo Finance,GOOGL,2026-09-18T13:25:36+08:00,confirmed
2025-07-07,179.05999755859375,179.3000030517578,175.67999267578125,176.7899932861328,176.17385864257812,34175600,Yahoo Finance,GOOGL,2026-09-18T13:25:36+08:00,confirmed
2025-07-08,177.85000610351562,177.9499969482422,172.80999755859375,174.36000061035156,173.7523193359375,40442500,Yahoo Finance,GOOGL,2026-09-18T13:25:36+08:00,confirmed
2025-07-09,175.25,179.44000244140625,172.77000427246094,176.6199951171875,176.00442504882812,43025600,Yahoo Finance,GOOGL,2026-09-18T13:25:36+08:00,confirmed
2025-07-10,175.6300048828125,178.42999267578125,174.3800048828125,177.6199951171875,177.00094604492188,29252400,Yahoo Finance,GOOGL,2026-09-18T13:25:36+08:00,confirmed
2025-07-11,176.7899932861328,181.42999267578125,176.47999572753906,180.19000244140625,179.56201171875,34282900,Yahoo Finance,GOOGL,2026-09-18T13:25:36+08:00,confirmed
2025-07-14,181.00999450683594,183.6699981689453,179.67999267578125,181.55999755859375,180.92723083496094,32536600,Yahoo Finance,GOOGL,2026-09-18T13:25:36+08:00,confirmed
2025-07-15,182.80999755859375,184.22000122070312,181.60000610351562,182.0,181.36570739746094,33448300,Yahoo Finance,GOOGL,2026-09-18T13:25:36+08:00,confirmed
2025-07-16,183.24000549316406,184.3300018310547,182.02999877929688,182.97000122070312,182.3323211669922,33104200,Yahoo Finance,GOOGL,2026-09-18T13:25:36+08:00,confirmed
2025-07-17,182.13999938964844,184.05999755859375,180.47999572753906,183.5800018310547,182.940185546875,31992600,Yahoo Finance,GOOGL,2026-09-18T13:25:36+08:00,confirmed
2025-07-18,185.39999389648438,186.4199981689453,183.7100067138672,185.05999755859375,184.41500854492188,34014500,Yahoo Finance,GOOGL,2026-09-18T13:25:36+08:00,confirmed
2025-07-21,186.25,190.2899932861328,186.14999389648438,190.10000610351562,189.43746948242188,45803100,Yahoo Finance,GOOGL,2026-09-18T13:25:36+08:00,confirmed
2025-07-22,191.5,191.64999389648438,187.4600067138672,191.33999633789062,190.67312622070312,44660200,Yahoo Finance,GOOGL,2026-09-18T13:25:36+08:00,confirmed
2025-07-23,191.5,192.52999877929688,189.17999267578125,190.22999572753906,189.5670166015625,58681900,Yahoo Finance,GOOGL,2026-09-18T13:25:36+08:00,confirmed
2025-07-24,197.02999877929688,197.9499969482422,191.0,192.1699981689453,191.50025939941406,74881700,Yahoo Finance,GOOGL,2026-09-18T13:25:36+08:00,confirmed
2025-07-25,191.97999572753906,194.3300018310547,191.25999450683594,193.17999267578125,192.50672912597656,39785900,Yahoo Finance,GOOGL,2026-09-18T13:25:36+08:00,confirmed
2025-07-28,193.64999389648438,194.0500030517578,190.83999633789062,192.5800018310547,191.9088134765625,38139500,Yahoo Finance,GOOGL,2026-09-18T13:25:36+08:00,confirmed
2025-07-29,192.42999267578125,195.9199981689453,192.0800018310547,195.75,195.06776428222656,41389200,Yahoo Finance,GOOGL,2026-09-18T13:25:36+08:00,confirmed
2025-07-30,195.60000610351562,197.60000610351562,194.69000244140625,196.52999877929688,195.8450469970703,32445400,Yahoo Finance,GOOGL,2026-09-18T13:25:36+08:00,confirmed
2025-07-31,195.7100067138672,195.99000549316406,191.08999633789062,191.89999389648438,191.23117065429688,51329200,Yahoo Finance,GOOGL,2026-09-18T13:25:36+08:00,confirmed
2025-08-01,189.02999877929688,190.8300018310547,187.82000732421875,189.1300048828125,188.47084045410156,34832200,Yahoo Finance,GOOGL,2026-09-18T13:25:36+08:00,confirmed
2025-08-04,190.2899932861328,195.27000427246094,190.1199951171875,195.0399932861328,194.36024475097656,31547400,Yahoo Finance,GOOGL,2026-09-18T13:25:36+08:00,confirmed
2025-08-05,194.7100067138672,197.86000061035156,193.88999938964844,194.6699981689453,193.99154663085938,31602300,Yahoo Finance,GOOGL,2026-09-18T13:25:36+08:00,confirmed
2025-08-06,194.5,196.6300048828125,193.6699981689453,196.08999633789062,195.40658569335938,21562900,Yahoo Finance,GOOGL,2026-09-18T13:25:36+08:00,confirmed
2025-08-07,197.05999755859375,197.5399932861328,194.3300018310547,196.52000427246094,195.83509826660156,26321800,Yahoo Finance,GOOGL,2026-09-18T13:25:36+08:00,confirmed
2025-08-08,197.22000122070312,202.61000061035156,197.1699981689453,201.4199981689453,200.718017578125,39161800,Yahoo Finance,GOOGL,2026-09-18T13:25:36+08:00,confirmed
2025-08-11,200.94000244140625,201.47999572753906,199.07000732421875,201.0,200.29946899414062,25832400,Yahoo Finance,GOOGL,2026-09-18T13:25:36+08:00,confirmed
2025-08-12,201.3699951171875,204.5,200.58999633789062,203.33999633789062,202.63131713867188,30397900,Yahoo Finance,GOOGL,2026-09-18T13:25:36+08:00,confirmed
2025-08-13,204.1300048828125,204.52999877929688,197.50999450683594,201.9600067138672,201.2561492919922,28342900,Yahoo Finance,GOOGL,2026-09-18T13:25:36+08:00,confirmed
2025-08-14,201.5,204.44000244140625,201.22999572753906,202.94000244140625,202.23272705078125,25230400,Yahoo Finance,GOOGL,2026-09-18T13:25:36+08:00,confirmed
2025-08-15,203.85000610351562,206.44000244140625,201.27999877929688,203.89999389648438,203.18936157226562,34931400,Yahoo Finance,GOOGL,2026-09-18T13:25:36+08:00,confirmed
2025-08-18,204.1999969482422,205.27000427246094,202.49000549316406,203.5,202.790771484375,18526600,Yahoo Finance,GOOGL,2026-09-18T13:25:36+08:00,confirmed
2025-08-19,203.02999877929688,203.44000244140625,199.9600067138672,201.57000732421875,200.86749267578125,24240200,Yahoo Finance,GOOGL,2026-09-18T13:25:36+08:00,confirmed
2025-08-20,200.72999572753906,201.27999877929688,196.60000610351562,199.32000732421875,198.62533569335938,28955500,Yahoo Finance,GOOGL,2026-09-18T13:25:36+08:00,confirmed
2025-08-21,199.75,202.47999572753906,199.42999267578125,199.75,199.05381774902344,19774600,Yahoo Finance,GOOGL,2026-09-18T13:25:36+08:00,confirmed
2025-08-22,202.72999572753906,208.5399932861328,201.3000030517578,206.08999633789062,205.3717498779297,42827000,Yahoo Finance,GOOGL,2026-09-18T13:25:36+08:00,confirmed
2025-08-25,206.42999267578125,210.52000427246094,205.27999877929688,208.49000549316406,207.76336669921875,29928900,Yahoo Finance,GOOGL,2026-09-18T13:25:36+08:00,confirmed
2025-08-26,207.50999450683594,207.85000610351562,205.6999969482422,207.13999938964844,206.41806030273438,28464100,Yahoo Finance,GOOGL,2026-09-18T13:25:36+08:00,confirmed
2025-08-27,205.6999969482422,208.91000366210938,205.64999389648438,207.47999572753906,206.75689697265625,23022900,Yahoo Finance,GOOGL,2026-09-18T13:25:36+08:00,confirmed
2025-08-28,207.25,212.22000122070312,206.89999389648438,211.63999938964844,210.90237426757812,32339300,Yahoo Finance,GOOGL,2026-09-18T13:25:36+08:00,confirmed
2025-08-29,210.50999450683594,214.64999389648438,210.1999969482422,212.91000366210938,212.16796875,39728400,Yahoo Finance,GOOGL,2026-09-18T13:25:36+08:00,confirmed
2025-09-02,208.44000244140625,211.67999267578125,206.1999969482422,211.35000610351562,210.61341857910156,47523000,Yahoo Finance,GOOGL,2026-09-18T13:25:36+08:00,confirmed
2025-09-03,226.2100067138672,231.30999755859375,224.7899932861328,230.66000366210938,229.85609436035156,103336100,Yahoo Finance,GOOGL,2026-09-18T13:25:36+08:00,confirmed
2025-09-04,229.64999389648438,232.3699951171875,226.11000061035156,232.3000030517578,231.49038696289062,51684200,Yahoo Finance,GOOGL,2026-09-18T13:25:36+08:00,confirmed
2025-09-05,232.1999969482422,235.75999450683594,231.89999389648438,235.0,234.1809844970703,46588900,Yahoo Finance,GOOGL,2026-09-18T13:25:36+08:00,confirmed
2025-09-08,235.47000122070312,238.1300048828125,233.6699981689453,234.0399932861328,233.4329071044922,32474700,Yahoo Finance,GOOGL,2026-09-18T13:25:36+08:00,confirmed
2025-09-09,234.1699981689453,240.47000122070312,233.22999572753906,239.6300048828125,239.0084228515625,38061000,Yahoo Finance,GOOGL,2026-09-18T13:25:36+08:00,confirmed
2025-09-10,238.89999389648438,241.66000366210938,237.85000610351562,239.1699981689453,238.5496063232422,35141100,Yahoo Finance,GOOGL,2026-09-18T13:25:36+08:00,confirmed
2025-09-11,239.8800048828125,242.25,236.25,240.3699951171875,239.7465057373047,30599300,Yahoo Finance,GOOGL,2026-09-18T13:25:36+08:00,confirmed
2025-09-12,240.3699951171875,242.0800018310547,238.0,240.8000030517578,240.17538452148438,26771600,Yahoo Finance,GOOGL,2026-09-18T13:25:36+08:00,confirmed
2025-09-15,244.66000366210938,252.41000366210938,244.66000366210938,251.61000061035156,250.95733642578125,58383800,Yahoo Finance,GOOGL,2026-09-18T13:25:36+08:00,confirmed
2025-09-16,252.0800018310547,253.0399932861328,249.47000122070312,251.16000366210938,250.50851440429688,34109700,Yahoo Finance,GOOGL,2026-09-18T13:25:36+08:00,confirmed
2025-09-17,251.22000122070312,251.60000610351562,246.27999877929688,249.52999877929688,248.8827362060547,34108000,Yahoo Finance,GOOGL,2026-09-18T13:25:36+08:00,confirmed
2025-09-18,251.67999267578125,253.99000549316406,249.8000030517578,252.02999877929688,251.37625122070312,31239500,Yahoo Finance,GOOGL,2026-09-18T13:25:36+08:00,confirmed
2025-09-19,253.25,256.0,251.80999755859375,254.72000122070312,254.0592803955078,55571400,Yahoo Finance,GOOGL,2026-09-18T13:25:36+08:00,confirmed
2025-09-22,254.42999267578125,255.77999877929688,250.3000030517578,252.52999877929688,251.8749542236328,32290500,Yahoo Finance,GOOGL,2026-09-18T13:25:36+08:00,confirmed
2025-09-23,253.0399932861328,254.36000061035156,250.47999572753906,251.66000366210938,251.00721740722656,26628000,Yahoo Finance,GOOGL,2026-09-18T13:25:36+08:00,confirmed
2025-09-24,251.66000366210938,252.35000610351562,246.44000244140625,247.13999938964844,246.4989471435547,28201000,Yahoo Finance,GOOGL,2026-09-18T13:25:36+08:00,confirmed
2025-09-25,244.39999389648438,246.49000549316406,240.74000549316406,245.7899932861328,245.15243530273438,31020400,Yahoo Finance,GOOGL,2026-09-18T13:25:36+08:00,confirmed
2025-09-26,247.07000732421875,249.4199981689453,245.97000122070312,246.5399932861328,245.90048217773438,18503200,Yahoo Finance,GOOGL,2026-09-18T13:25:36+08:00,confirmed
2025-09-29,247.85000610351562,251.14999389648438,242.77000427246094,244.0500030517578,243.41696166992188,32505800,Yahoo Finance,GOOGL,2026-09-18T13:25:36+08:00,confirmed
2025-09-30,242.80999755859375,243.2899932861328,239.25,243.10000610351562,242.4694366455078,34724300,Yahoo Finance,GOOGL,2026-09-18T13:25:36+08:00,confirmed
2025-10-01,240.75,246.3000030517578,238.61000061035156,244.89999389648438,244.26473999023438,31658200,Yahoo Finance,GOOGL,2026-09-18T13:25:36+08:00,confirmed
2025-10-02,245.14999389648438,246.80999755859375,242.3000030517578,245.69000244140625,245.05271911621094,25483300,Yahoo Finance,GOOGL,2026-09-18T13:25:36+08:00,confirmed
2025-10-03,244.49000549316406,246.3000030517578,241.66000366210938,245.35000610351562,244.71359252929688,30249600,Yahoo Finance,GOOGL,2026-09-18T13:25:36+08:00,confirmed
2025-10-06,244.77999877929688,251.32000732421875,244.5800018310547,250.42999267578125,249.7803955078125,28894700,Yahoo Finance,GOOGL,2026-09-18T13:25:36+08:00,confirmed
2025-10-07,248.27000427246094,250.44000244140625,245.52000427246094,245.75999450683594,245.12252807617188,23181300,Yahoo Finance,GOOGL,2026-09-18T13:25:36+08:00,confirmed
2025-10-08,244.9600067138672,246.00999450683594,243.82000732421875,244.6199951171875,243.9854736328125,21307100,Yahoo Finance,GOOGL,2026-09-18T13:25:36+08:00,confirmed
2025-10-09,244.47000122070312,244.75999450683594,239.14999389648438,241.52999877929688,240.90350341796875,27892100,Yahoo Finance,GOOGL,2026-09-18T13:25:36+08:00,confirmed
2025-10-10,241.42999267578125,244.08999633789062,235.83999633789062,236.57000732421875,235.95635986328125,33180300,Yahoo Finance,GOOGL,2026-09-18T13:25:36+08:00,confirmed
2025-10-13,240.2100067138672,244.5,239.7100067138672,244.14999389648438,243.51670837402344,24995000,Yahoo Finance,GOOGL,2026-09-18T13:25:36+08:00,confirmed
2025-10-14,241.22999572753906,247.1199951171875,240.50999450683594,245.4499969482422,244.81332397460938,22111600,Yahoo Finance,GOOGL,2026-09-18T13:25:36+08:00,confirmed
2025-10-15,247.25,252.11000061035156,245.99000549316406,251.02999877929688,250.37884521484375,27007700,Yahoo Finance,GOOGL,2026-09-18T13:25:36+08:00,confirmed
2025-10-16,251.77000427246094,256.9599914550781,250.10000610351562,251.4600067138672,250.80772399902344,27997200,Yahoo Finance,GOOGL,2026-09-18T13:25:36+08:00,confirmed
2025-10-17,250.75999450683594,254.22000122070312,247.80999755859375,253.3000030517578,252.64297485351562,29671600,Yahoo Finance,GOOGL,2026-09-18T13:25:36+08:00,confirmed
2025-10-20,254.69000244140625,257.3299865722656,254.22999572753906,256.54998779296875,255.884521484375,22350200,Yahoo Finance,GOOGL,2026-09-18T13:25:36+08:00,confirmed
2025-10-21,254.74000549316406,254.8800048828125,244.14999389648438,250.4600067138672,249.81031799316406,47312100,Yahoo Finance,GOOGL,2026-09-18T13:25:36+08:00,confirmed
2025-10-22,254.3699951171875,256.3599853515625,249.2899932861328,251.69000244140625,251.03713989257812,35029400,Yahoo Finance,GOOGL,2026-09-18T13:25:36+08:00,confirmed
2025-10-23,252.97999572753906,255.0399932861328,251.85000610351562,253.0800018310547,252.4235382080078,19901400,Yahoo Finance,GOOGL,2026-09-18T13:25:36+08:00,confirmed
2025-10-24,256.5799865722656,261.67999267578125,255.32000732421875,259.9200134277344,259.2458190917969,28655100,Yahoo Finance,GOOGL,2026-09-18T13:25:36+08:00,confirmed
2025-10-27,264.82000732421875,270.1400146484375,264.2799987792969,269.2699890136719,268.5715026855469,35235200,Yahoo Finance,GOOGL,2026-09-18T13:25:36+08:00,confirmed
2025-10-28,269.69000244140625,270.7300109863281,266.5,267.4700012207031,266.7762451171875,29738600,Yahoo Finance,GOOGL,2026-09-18T13:25:36+08:00,confirmed
2025-10-29,267.75,275.3399963378906,267.6700134277344,274.57000732421875,273.8577880859375,43580300,Yahoo Finance,GOOGL,2026-09-18T13:25:36+08:00,confirmed
2025-10-30,291.5899963378906,291.5899963378906,280.05999755859375,281.4800109863281,280.7498779296875,74876000,Yahoo Finance,GOOGL,2026-09-18T13:25:36+08:00,confirmed
2025-10-31,283.2099914550781,286.0,277.0299987792969,281.19000244140625,280.46063232421875,39267900,Yahoo Finance,GOOGL,2026-09-18T13:25:36+08:00,confirmed
2025-11-03,282.17999267578125,285.5299987792969,279.79998779296875,283.7200012207031,282.98406982421875,29786000,Yahoo Finance,GOOGL,2026-09-18T13:25:36+08:00,confirmed
2025-11-04,276.75,281.2699890136719,276.260009765625,277.5400085449219,276.8200988769531,30078400,Yahoo Finance,GOOGL,2026-09-18T13:25:36+08:00,confirmed
2025-11-05,278.8699951171875,286.4200134277344,277.3399963378906,284.30999755859375,283.5725402832031,31010300,Yahoo Finance,GOOGL,2026-09-18T13:25:36+08:00,confirmed
2025-11-06,285.3299865722656,288.3500061035156,281.1400146484375,284.75,284.0113830566406,37173600,Yahoo Finance,GOOGL,2026-09-18T13:25:36+08:00,confirmed
2025-11-07,283.2099914550781,283.7799987792969,275.19000244140625,278.8299865722656,278.1067199707031,34479600,Yahoo Finance,GOOGL,2026-09-18T13:25:36+08:00,confirmed
2025-11-10,284.4200134277344,290.79998779296875,282.8599853515625,290.1000061035156,289.3475341796875,29557300,Yahoo Finance,GOOGL,2026-09-18T13:25:36+08:00,confirmed
2025-11-11,287.75,291.9200134277344,287.32000732421875,291.30999755859375,290.5543518066406,19842100,Yahoo Finance,GOOGL,2026-09-18T13:25:36+08:00,confirmed
2025-11-12,291.67999267578125,292.010009765625,283.69000244140625,286.7099914550781,285.96630859375,24829900,Yahoo Finance,GOOGL,2026-09-18T13:25:36+08:00,confirmed
2025-11-13,282.3399963378906,282.8399963378906,277.239990234375,278.57000732421875,277.847412109375,29494000,Yahoo Finance,GOOGL,2026-09-18T13:25:36+08:00,confirmed
2025-11-14,271.4100036621094,278.55999755859375,270.70001220703125,276.4100036621094,275.6930236816406,31647200,Yahoo Finance,GOOGL,2026-09-18T13:25:36+08:00,confirmed
2025-11-17,285.7799987792969,293.95001220703125,283.57000732421875,285.0199890136719,284.28070068359375,52670200,Yahoo Finance,GOOGL,2026-09-18T13:25:36+08:00,confirmed
2025-11-18,287.9200134277344,288.79998779296875,278.20001220703125,284.2799987792969,283.5426025390625,49158700,Yahoo Finance,GOOGL,2026-09-18T13:25:36+08:00,confirmed
2025-11-19,287.1600036621094,303.80999755859375,286.6300048828125,292.80999755859375,292.05047607421875,68198900,Yahoo Finance,GOOGL,2026-09-18T13:25:36+08:00,confirmed
2025-11-20,304.5400085449219,306.4200134277344,288.6700134277344,289.45001220703125,288.69921875,62025200,Yahoo Finance,GOOGL,2026-09-18T13:25:36+08:00,confirmed
2025-11-21,296.4200134277344,303.9200134277344,293.8500061035156,299.6600036621094,298.8827209472656,74137700,Yahoo Finance,GOOGL,2026-09-18T13:25:36+08:00,confirmed
2025-11-24,311.1300048828125,319.4800109863281,309.6000061035156,318.5799865722656,317.7536315917969,85165100,Yahoo Finance,GOOGL,2026-09-18T13:25:36+08:00,confirmed
2025-11-25,326.2099914550781,328.8299865722656,317.6499938964844,323.44000244140625,322.60101318359375,88632100,Yahoo Finance,GOOGL,2026-09-18T13:25:36+08:00,confirmed
2025-11-26,320.67999267578125,324.5,316.7900085449219,319.95001220703125,319.1200866699219,51373400,Yahoo Finance,GOOGL,2026-09-18T13:25:36+08:00,confirmed
2025-11-28,323.3699951171875,326.8500061035156,316.7900085449219,320.17999267578125,319.3494873046875,26018600,Yahoo Finance,GOOGL,2026-09-18T13:25:36+08:00,confirmed
2025-12-01,317.70001220703125,319.8500061035156,313.8900146484375,314.8900146484375,314.0732116699219,41183000,Yahoo Finance,GOOGL,2026-09-18T13:25:36+08:00,confirmed
2025-12-02,316.739990234375,318.3800048828125,313.9100036621094,315.80999755859375,314.9908142089844,35854700,Yahoo Finance,GOOGL,2026-09-18T13:25:36+08:00,confirmed
2025-12-03,315.8900146484375,321.5799865722656,314.1000061035156,319.6300048828125,318.8009338378906,41838300,Yahoo Finance,GOOGL,2026-09-18T13:25:36+08:00,confirmed
2025-12-04,322.2300109863281,322.3599853515625,314.70001220703125,317.6199951171875,316.796142578125,31240900,Yahoo Finance,GOOGL,2026-09-18T13:25:36+08:00,confirmed
2025-12-05,319.489990234375,323.1600036621094,319.1700134277344,321.2699890136719,320.4366149902344,28851700,Yahoo Finance,GOOGL,2026-09-18T13:25:36+08:00,confirmed
2025-12-08,320.04998779296875,320.44000244140625,311.2200012207031,313.7200012207031,313.1109313964844,33909400,Yahoo Finance,GOOGL,2026-09-18T13:25:36+08:00,confirmed
2025-12-09,312.3699951171875,317.989990234375,311.8999938964844,317.0799865722656,316.4643859863281,30194000,Yahoo Finance,GOOGL,2026-09-18T13:25:36+08:00,confirmed
2025-12-10,315.8299865722656,321.30999755859375,314.67999267578125,320.2099914550781,319.58831787109375,33428900,Yahoo Finance,GOOGL,2026-09-18T13:25:36+08:00,confirmed
2025-12-11,320.0799865722656,321.1199951171875,308.6000061035156,312.42999267578125,311.82342529296875,42353700,Yahoo Finance,GOOGL,2026-09-18T13:25:36+08:00,confirmed
2025-12-12,313.70001220703125,314.8699951171875,305.55999755859375,309.2900085449219,308.68951416015625,35940200,Yahoo Finance,GOOGL,2026-09-18T13:25:36+08:00,confirmed
2025-12-15,311.32000732421875,311.4200134277344,304.8800048828125,308.2200012207031,307.62158203125,29151900,Yahoo Finance,GOOGL,2026-09-18T13:25:36+08:00,confirmed
2025-12-16,304.95001220703125,310.7699890136719,302.5899963378906,306.57000732421875,305.97479248046875,30585000,Yahoo Finance,GOOGL,2026-09-18T13:25:36+08:00,confirmed
2025-12-17,308.010009765625,308.0899963378906,296.1199951171875,296.7200012207031,296.1439208984375,43930400,Yahoo Finance,GOOGL,2026-09-18T13:25:36+08:00,confirmed
2025-12-18,301.7200012207031,303.9599914550781,299.2300109863281,302.4599914550781,301.872802734375,33518000,Yahoo Finance,GOOGL,2026-09-18T13:25:36+08:00,confirmed
2025-12-19,301.7300109863281,307.25,300.9700012207031,307.1600036621094,306.56365966796875,59943200,Yahoo Finance,GOOGL,2026-09-18T13:25:36+08:00,confirmed
2025-12-22,309.8800048828125,310.1300048828125,305.29998779296875,309.7799987792969,309.1785583496094,26429900,Yahoo Finance,GOOGL,2026-09-18T13:25:36+08:00,confirmed
2025-12-23,309.6300048828125,314.94000244140625,309.32000732421875,314.3500061035156,313.73968505859375,25478700,Yahoo Finance,GOOGL,2026-09-18T13:25:36+08:00,confirmed
2025-12-24,314.7699890136719,315.0799865722656,311.9200134277344,314.0899963378906,313.4801940917969,10097400,Yahoo Finance,GOOGL,2026-09-18T13:25:36+08:00,confirmed
2025-12-26,314.4800109863281,315.0899963378906,312.2799987792969,313.510009765625,312.9013366699219,10899000,Yahoo Finance,GOOGL,2026-09-18T13:25:36+08:00,confirmed
2025-12-29,311.3699951171875,314.0199890136719,310.6199951171875,313.55999755859375,312.95123291015625,19621800,Yahoo Finance,GOOGL,2026-09-18T13:25:36+08:00,confirmed
2025-12-30,312.5,316.95001220703125,312.4599914550781,313.8500061035156,313.24066162109375,17380900,Yahoo Finance,GOOGL,2026-09-18T13:25:36+08:00,confirmed
2025-12-31,312.8500061035156,314.5799865722656,311.44000244140625,313.0,312.392333984375,16377700,Yahoo Finance,GOOGL,2026-09-18T13:25:36+08:00,confirmed
2026-01-02,316.8999938964844,322.5,310.3299865722656,315.1499938964844,314.5381164550781,32009400,Yahoo Finance,GOOGL,2026-09-18T13:25:36+08:00,confirmed
2026-01-05,317.6600036621094,319.0199890136719,314.6300048828125,316.5400085449219,315.9254455566406,30195600,Yahoo Finance,GOOGL,2026-09-18T13:25:36+08:00,confirmed
2026-01-06,316.3999938964844,320.94000244140625,311.7799987792969,314.3399963378906,313.729736328125,31212100,Yahoo Finance,GOOGL,2026-09-18T13:25:36+08:00,confirmed
2026-01-07,314.3599853515625,326.1499938964844,314.19000244140625,321.9800109863281,321.3548889160156,35104400,Yahoo Finance,GOOGL,2026-09-18T13:25:36+08:00,confirmed
2026-01-08,328.9700012207031,330.32000732421875,321.5,325.44000244140625,324.80816650390625,31896100,Yahoo Finance,GOOGL,2026-09-18T13:25:36+08:00,confirmed
2026-01-09,327.0899963378906,330.8299865722656,325.79998779296875,328.57000732421875,327.9320983886719,26214200,Yahoo Finance,GOOGL,2026-09-18T13:25:36+08:00,confirmed
2026-01-12,325.79998779296875,334.0400085449219,325.0,331.8599853515625,331.2156677246094,33923900,Yahoo Finance,GOOGL,2026-09-18T13:25:36+08:00,confirmed
2026-01-13,334.95001220703125,340.489990234375,333.6199951171875,335.9700012207031,335.3177185058594,33517600,Yahoo Finance,GOOGL,2026-09-18T13:25:36+08:00,confirmed
2026-01-14,335.05999755859375,336.5199890136719,330.4800109863281,335.8399963378906,335.18798828125,28525600,Yahoo Finance,GOOGL,2026-09-18T13:25:36+08:00,confirmed
2026-01-15,337.6499938964844,337.69000244140625,330.739990234375,332.7799987792969,332.1338806152344,28442400,Yahoo Finance,GOOGL,2026-09-18T13:25:36+08:00,confirmed
2026-01-16,334.4100036621094,334.6499938964844,327.70001220703125,330.0,329.35931396484375,40341600,Yahoo Finance,GOOGL,2026-09-18T13:25:36+08:00,confirmed
2026-01-20,320.8699951171875,327.7300109863281,320.42999267578125,322.0,321.37481689453125,35361000,Yahoo Finance,GOOGL,2026-09-18T13:25:36+08:00,confirmed
2026-01-21,320.9200134277344,332.4800109863281,319.3500061035156,328.3800048828125,327.742431640625,35386600,Yahoo Finance,GOOGL,2026-09-18T13:25:36+08:00,confirmed
2026-01-22,334.45001220703125,335.1499938964844,328.75,330.5400085449219,329.8982849121094,26253600,Yahoo Finance,GOOGL,2026-09-18T13:25:36+08:00,confirmed
2026-01-23,332.489990234375,333.69000244140625,327.45001220703125,327.92999267578125,327.2933044433594,27280000,Yahoo Finance,GOOGL,2026-09-18T13:25:36+08:00,confirmed
2026-01-26,327.80999755859375,335.8399963378906,327.0,333.260009765625,332.61297607421875,26042100,Yahoo Finance,GOOGL,2026-09-18T13:25:36+08:00,confirmed
2026-01-27,335.3699951171875,337.9100036621094,333.4800109863281,334.54998779296875,333.90045166015625,21636200,Yahoo Finance,GOOGL,2026-09-18T13:25:36+08:00,confirmed
2026-01-28,336.05999755859375,337.5400085449219,331.94000244140625,336.010009765625,335.3576354980469,27434400,Yahoo Finance,GOOGL,2026-09-18T13:25:36+08:00,confirmed
2026-01-29,340.29998779296875,342.2900085449219,326.5400085449219,338.25,337.5932922363281,39785600,Yahoo Finance,GOOGL,2026-09-18T13:25:36+08:00,confirmed
2026-01-30,340.0,340.0,332.2900085449219,338.0,337.34375,31024000,Yahoo Finance,GOOGL,2026-09-18T13:25:36+08:00,confirmed
2026-02-02,336.2200012207031,344.8299865722656,335.6300048828125,343.69000244140625,343.0227355957031,32006100,Yahoo Finance,GOOGL,2026-09-18T13:25:36+08:00,confirmed
2026-02-03,347.3399963378906,349.0,337.4700012207031,339.7099914550781,339.0504455566406,36506700,Yahoo Finance,GOOGL,2026-09-18T13:25:36+08:00,confirmed
2026-02-04,342.9599914550781,343.30999755859375,328.5199890136719,333.0400085449219,332.3934020996094,70618400,Yahoo Finance,GOOGL,2026-09-18T13:25:36+08:00,confirmed
2026-02-05,312.2200012207031,332.69000244140625,306.4599914550781,331.25,330.60687255859375,88205800,Yahoo Finance,GOOGL,2026-09-18T13:25:36+08:00,confirmed
2026-02-06,327.17999267578125,330.3800048828125,319.9200134277344,322.8599853515625,322.233154296875,56380500,Yahoo Finance,GOOGL,2026-09-18T13:25:36+08:00,confirmed
2026-02-09,320.92999267578125,327.70001220703125,317.260009765625,324.32000732421875,323.6903381347656,39640100,Yahoo Finance,GOOGL,2026-09-18T13:25:36+08:00,confirmed
2026-02-10,320.9700012207031,321.6700134277344,314.6099853515625,318.5799865722656,317.9614562988281,39170000,Yahoo Finance,GOOGL,2026-09-18T13:25:36+08:00,confirmed
2026-02-11,318.9700012207031,321.05999755859375,309.6600036621094,310.9599914550781,310.3562927246094,45406400,Yahoo Finance,GOOGL,2026-09-18T13:25:36+08:00,confirmed
2026-02-12,312.0899963378906,316.239990234375,307.20001220703125,309.0,308.40008544921875,47761300,Yahoo Finance,GOOGL,2026-09-18T13:25:36+08:00,confirmed
2026-02-13,307.7300109863281,308.6300048828125,303.7099914550781,305.7200012207031,305.1264343261719,38499700,Yahoo Finance,GOOGL,2026-09-18T13:25:36+08:00,confirmed
2026-02-17,300.0400085449219,304.44000244140625,296.25,302.0199890136719,301.4336242675781,39247600,Yahoo Finance,GOOGL,2026-09-18T13:25:36+08:00,confirmed
2026-02-18,302.0899963378906,305.3800048828125,301.25,303.3299865722656,302.7410583496094,28482100,Yahoo Finance,GOOGL,2026-09-18T13:25:36+08:00,confirmed
2026-02-19,301.82000732421875,305.4700012207031,300.0400085449219,302.8500061035156,302.26202392578125,25834400,Yahoo Finance,GOOGL,2026-09-18T13:25:36+08:00,confirmed
2026-02-20,304.32000732421875,316.5,303.8999938964844,314.9800109863281,314.36846923828125,53210800,Yahoo Finance,GOOGL,2026-09-18T13:25:36+08:00,confirmed
2026-02-23,319.04998779296875,319.5199890136719,309.8699951171875,311.489990234375,310.88525390625,31423000,Yahoo Finance,GOOGL,2026-09-18T13:25:36+08:00,confirmed
2026-02-24,310.5199890136719,312.2699890136719,305.92999267578125,310.8999938964844,310.29638671875,25615600,Yahoo Finance,GOOGL,2026-09-18T13:25:36+08:00,confirmed
2026-02-25,312.05999755859375,313.6400146484375,309.44000244140625,312.8999938964844,312.2925109863281,29963600,Yahoo Finance,GOOGL,2026-09-18T13:25:36+08:00,confirmed
2026-02-26,312.6400146484375,313.1400146484375,302.3500061035156,307.3800048828125,306.7832336425781,36431200,Yahoo Finance,GOOGL,2026-09-18T13:25:36+08:00,confirmed
2026-02-27,304.1400146484375,312.3699951171875,303.79998779296875,311.760009765625,311.15472412109375,44640600,Yahoo Finance,GOOGL,2026-09-18T13:25:36+08:00,confirmed
2026-03-02,303.2300109863281,308.489990234375,301.29998779296875,306.5199890136719,305.92486572265625,34790200,Yahoo Finance,GOOGL,2026-09-18T13:25:36+08:00,confirmed
2026-03-03,298.5899963378906,303.94000244140625,296.7099914550781,303.5799865722656,302.9906005859375,35497000,Yahoo Finance,GOOGL,2026-09-18T13:25:36+08:00,confirmed
2026-03-04,302.8900146484375,305.4700012207031,300.75,303.1300048828125,302.5414733886719,29536200,Yahoo Finance,GOOGL,2026-09-18T13:25:36+08:00,confirmed
2026-03-05,303.0400085449219,303.29998779296875,297.989990234375,300.8800048828125,300.2958679199219,35752300,Yahoo Finance,GOOGL,2026-09-18T13:25:36+08:00,confirmed
2026-03-06,296.0899963378906,300.5299987792969,295.17999267578125,298.5199890136719,297.9404296875,25576900,Yahoo Finance,GOOGL,2026-09-18T13:25:36+08:00,confirmed
2026-03-09,294.3599853515625,306.79998779296875,294.0799865722656,306.3599853515625,305.98040771484375,29312100,Yahoo Finance,GOOGL,2026-09-18T13:25:36+08:00,confirmed
2026-03-10,306.1700134277344,309.510009765625,305.57000732421875,307.0400085449219,306.65960693359375,23239700,Yahoo Finance,GOOGL,2026-09-18T13:25:36+08:00,confirmed
2026-03-11,306.75,311.4200134277344,305.9200134277344,308.70001220703125,308.31756591796875,24125700,Yahoo Finance,GOOGL,2026-09-18T13:25:36+08:00,confirmed
2026-03-12,306.82000732421875,308.94000244140625,301.0299987792969,303.54998779296875,303.1739196777344,24928300,Yahoo Finance,GOOGL,2026-09-18T13:25:36+08:00,confirmed
2026-03-13,307.010009765625,307.69000244140625,300.44000244140625,302.2799987792969,301.9054870605469,23693100,Yahoo Finance,GOOGL,2026-09-18T13:25:36+08:00,confirmed
2026-03-16,304.3500061035156,306.489990234375,303.0199890136719,305.55999755859375,305.1814270019531,23519700,Yahoo Finance,GOOGL,2026-09-18T13:25:36+08:00,confirmed
2026-03-17,305.8599853515625,311.4200134277344,305.5,310.9200134277344,310.5347900390625,21955200,Yahoo Finance,GOOGL,2026-09-18T13:25:36+08:00,confirmed
2026-03-18,309.2699890136719,312.4700012207031,306.92999267578125,307.69000244140625,307.30877685546875,20009800,Yahoo Finance,GOOGL,2026-09-18T13:25:36+08:00,confirmed
2026-03-19,304.010009765625,308.05999755859375,302.3500061035156,307.1300048828125,306.7494812011719,25075800,Yahoo Finance,GOOGL,2026-09-18T13:25:36+08:00,confirmed
2026-03-20,305.4599914550781,306.0,298.2699890136719,301.0,300.6270751953125,44364100,Yahoo Finance,GOOGL,2026-09-18T13:25:36+08:00,confirmed
2026-03-23,302.1099853515625,305.9800109863281,300.92999267578125,302.05999755859375,301.6857604980469,29326900,Yahoo Finance,GOOGL,2026-09-18T13:25:36+08:00,confirmed
2026-03-24,299.20001220703125,299.9200134277344,290.3299865722656,290.44000244140625,290.0801696777344,36864300,Yahoo Finance,GOOGL,2026-09-18T13:25:36+08:00,confirmed
2026-03-25,293.44000244140625,296.0,289.239990234375,290.92999267578125,290.5695495605469,29460700,Yahoo Finance,GOOGL,2026-09-18T13:25:36+08:00,confirmed
2026-03-26,287.9100036621094,287.95001220703125,278.5,280.9200134277344,280.5719909667969,39080600,Yahoo Finance,GOOGL,2026-09-18T13:25:36+08:00,confirmed
2026-03-27,277.2799987792969,279.3699951171875,273.95001220703125,274.3399963378906,274.0000915527344,35890600,Yahoo Finance,GOOGL,2026-09-18T13:25:36+08:00,confirmed
2026-03-30,276.4200134277344,277.0899963378906,272.1099853515625,273.5,273.1611633300781,35141200,Yahoo Finance,GOOGL,2026-09-18T13:25:36+08:00,confirmed
2026-03-31,278.0400085449219,288.0799865722656,277.0899963378906,287.55999755859375,287.2037353515625,43875400,Yahoo Finance,GOOGL,2026-09-18T13:25:36+08:00,confirmed
2026-04-01,290.8399963378906,300.5199890136719,290.4100036621094,297.3900146484375,297.0215759277344,37684500,Yahoo Finance,GOOGL,2026-09-18T13:25:36+08:00,confirmed
2026-04-02,290.69000244140625,298.0799865722656,289.45001220703125,295.7699890136719,295.4035339355469,21666500,Yahoo Finance,GOOGL,2026-09-18T13:25:36+08:00,confirmed
2026-04-06,295.8699951171875,300.6199951171875,295.17999267578125,299.989990234375,299.61834716796875,16945500,Yahoo Finance,GOOGL,2026-09-18T13:25:36+08:00,confirmed
2026-04-07,302.7300109863281,305.6300048828125,297.7200012207031,305.4599914550781,305.08154296875,23205400,Yahoo Finance,GOOGL,2026-09-18T13:25:36+08:00,confirmed
2026-04-08,320.45001220703125,322.0799865722656,315.0199890136719,317.32000732421875,316.9268798828125,33547100,Yahoo Finance,GOOGL,2026-09-18T13:25:36+08:00,confirmed
2026-04-09,315.9100036621094,319.5400085449219,311.05999755859375,318.489990234375,318.09539794921875,23739200,Yahoo Finance,GOOGL,2026-09-18T13:25:36+08:00,confirmed
2026-04-10,320.0199890136719,321.8299865722656,316.32000732421875,317.239990234375,316.8469543457031,19152600,Yahoo Finance,GOOGL,2026-09-18T13:25:36+08:00,confirmed
2026-04-13,317.1400146484375,321.6300048828125,315.4700012207031,321.30999755859375,320.91192626953125,18866400,Yahoo Finance,GOOGL,2026-09-18T13:25:36+08:00,confirmed
2026-04-14,324.7900085449219,333.2900085449219,323.75,332.9100036621094,332.49755859375,27721400,Yahoo Finance,GOOGL,2026-09-18T13:25:36+08:00,confirmed
2026-04-15,332.8900146484375,337.4800109863281,330.8999938964844,337.1199951171875,336.70233154296875,24918800,Yahoo Finance,GOOGL,2026-09-18T13:25:36+08:00,confirmed
2026-04-16,338.75,339.8800048828125,334.5199890136719,336.0199890136719,335.6036682128906,20541500,Yahoo Finance,GOOGL,2026-09-18T13:25:36+08:00,confirmed
2026-04-17,337.6499938964844,342.32000732421875,336.239990234375,341.67999267578125,341.2566833496094,25581900,Yahoo Finance,GOOGL,2026-09-18T13:25:36+08:00,confirmed
2026-04-20,340.760009765625,341.3999938964844,336.6099853515625,337.4200134277344,337.0019836425781,18784200,Yahoo Finance,GOOGL,2026-09-18T13:25:36+08:00,confirmed
2026-04-21,337.69000244140625,339.3399963378906,331.3500061035156,332.2900085449219,331.8783264160156,23123800,Yahoo Finance,GOOGL,2026-09-18T13:25:36+08:00,confirmed
2026-04-22,337.0199890136719,339.82000732421875,335.1700134277344,339.32000732421875,338.8996276855469,20293000,Yahoo Finance,GOOGL,2026-09-18T13:25:36+08:00,confirmed
2026-04-23,341.17999267578125,341.9599914550781,336.17999267578125,338.8900146484375,338.47015380859375,18650300,Yahoo Finance,GOOGL,2026-09-18T13:25:36+08:00,confirmed
2026-04-24,338.7300109863281,345.2699890136719,335.3900146484375,344.3999938964844,343.97332763671875,26426100,Yahoo Finance,GOOGL,2026-09-18T13:25:36+08:00,confirmed
2026-04-27,345.9800109863281,353.17999267578125,342.7300109863281,350.3399963378906,349.9059753417969,28576900,Yahoo Finance,GOOGL,2026-09-18T13:25:36+08:00,confirmed
2026-04-28,348.54998779296875,352.4200134277344,346.1199951171875,349.7799987792969,349.3466796875,27824100,Yahoo Finance,GOOGL,2026-09-18T13:25:36+08:00,confirmed
2026-04-29,347.57000732421875,355.7900085449219,344.2099914550781,349.94000244140625,349.5064392089844,35376300,Yahoo Finance,GOOGL,2026-09-18T13:25:36+08:00,confirmed
2026-04-30,374.07000732421875,385.8399963378906,365.82000732421875,384.79998779296875,384.3232421875,72040000,Yahoo Finance,GOOGL,2026-09-18T13:25:36+08:00,confirmed
2026-05-01,381.6300048828125,386.760009765625,379.04998779296875,385.69000244140625,385.2121887207031,30105200,Yahoo Finance,GOOGL,2026-09-18T13:25:36+08:00,confirmed
2026-05-04,385.6300048828125,387.3800048828125,379.7900085449219,383.25,382.7751770019531,26298600,Yahoo Finance,GOOGL,2026-09-18T13:25:36+08:00,confirmed
2026-05-05,386.2300109863281,392.82000732421875,384.0199890136719,388.42999267578125,387.9487609863281,23878600,Yahoo Finance,GOOGL,2026-09-18T13:25:36+08:00,confirmed
2026-05-06,394.25,399.8500061035156,392.760009765625,398.0400085449219,397.546875,31308500,Yahoo Finance,GOOGL,2026-09-18T13:25:36+08:00,confirmed
2026-05-07,399.9200134277344,400.1000061035156,392.67999267578125,397.989990234375,397.4969177246094,24433500,Yahoo Finance,GOOGL,2026-09-18T13:25:36+08:00,confirmed
2026-05-08,397.0,402.0,396.3599853515625,400.79998779296875,400.3034362792969,21461800,Yahoo Finance,GOOGL,2026-09-18T13:25:36+08:00,confirmed
2026-05-11,393.6499938964844,397.44000244140625,388.4700012207031,388.6400146484375,388.1585388183594,30753700,Yahoo Finance,GOOGL,2026-09-18T13:25:36+08:00,confirmed
2026-05-12,387.3399963378906,388.5199890136719,382.7699890136719,387.3500061035156,386.8701171875,26017500,Yahoo Finance,GOOGL,2026-09-18T13:25:36+08:00,confirmed
2026-05-13,385.6000061035156,403.70001220703125,385.0,402.6199951171875,402.1211853027344,28144600,Yahoo Finance,GOOGL,2026-09-18T13:25:36+08:00,confirmed
2026-05-14,397.2799987792969,402.92999267578125,395.8399963378906,401.07000732421875,400.5731201171875,21136700,Yahoo Finance,GOOGL,2026-09-18T13:25:36+08:00,confirmed
2026-05-15,396.32000732421875,399.5400085449219,393.17999267578125,396.7799987792969,396.2884216308594,20309700,Yahoo Finance,GOOGL,2026-09-18T13:25:36+08:00,confirmed
2026-05-18,395.69000244140625,408.6099853515625,394.5299987792969,396.94000244140625,396.4482421875,26837200,Yahoo Finance,GOOGL,2026-09-18T13:25:36+08:00,confirmed
2026-05-19,396.9599914550781,397.1499938964844,386.1099853515625,387.6600036621094,387.1797180175781,39545700,Yahoo Finance,GOOGL,2026-09-18T13:25:36+08:00,confirmed
2026-05-20,387.70001220703125,393.8599853515625,382.8999938964844,388.9100036621094,388.4281921386719,31744400,Yahoo Finance,GOOGL,2026-09-18T13:25:36+08:00,confirmed
2026-05-21,385.70001220703125,392.5,383.0199890136719,387.6600036621094,387.1797180175781,24852800,Yahoo Finance,GOOGL,2026-09-18T13:25:36+08:00,confirmed
2026-05-22,387.3500061035156,388.739990234375,381.7699890136719,382.9700012207031,382.49554443359375,20442100,Yahoo Finance,GOOGL,2026-09-18T13:25:36+08:00,confirmed
2026-05-26,384.510009765625,389.260009765625,382.6000061035156,388.8800048828125,388.3982238769531,27747400,Yahoo Finance,GOOGL,2026-09-18T13:25:36+08:00,confirmed
2026-05-27,386.6700134277344,393.8800048828125,385.8999938964844,388.8299865722656,388.3482666015625,23087300,Yahoo Finance,GOOGL,2026-09-18T13:25:36+08:00,confirmed
2026-05-28,388.0,391.8699951171875,385.1600036621094,390.1300048828125,389.64666748046875,24357500,Yahoo Finance,GOOGL,2026-09-18T13:25:36+08:00,confirmed
2026-05-29,385.239990234375,385.239990234375,378.4599914550781,380.3399963378906,379.8687744140625,44415800,Yahoo Finance,GOOGL,2026-09-18T13:25:36+08:00,confirmed
2026-06-01,376.5199890136719,378.55999755859375,373.5199890136719,376.3699951171875,375.9037170410156,28672100,Yahoo Finance,GOOGL,2026-09-18T13:25:36+08:00,confirmed
2026-06-02,366.5899963378906,373.5400085449219,358.44000244140625,361.8500061035156,361.4017028808594,50412300,Yahoo Finance,GOOGL,2026-09-18T13:25:36+08:00,confirmed
2026-06-03,362.0299987792969,366.45001220703125,358.0799865722656,358.989990234375,358.54522705078125,55441600,Yahoo Finance,GOOGL,2026-09-18T13:25:36+08:00,confirmed
2026-06-04,358.8999938964844,373.25,358.2099914550781,372.19000244140625,371.7288818359375,44055500,Yahoo Finance,GOOGL,2026-09-18T13:25:36+08:00,confirmed
2026-06-05,366.3399963378906,372.0799865722656,364.1199951171875,368.5299987792969,368.07342529296875,37471200,Yahoo Finance,GOOGL,2026-09-18T13:25:36+08:00,confirmed
2026-06-08,365.17999267578125,366.20001220703125,360.5299987792969,363.30999755859375,363.0766296386719,27942500,Yahoo Finance,GOOGL,2026-09-18T13:25:36+08:00,confirmed
2026-06-09,367.0899963378906,372.0799865722656,357.29998779296875,364.260009765625,364.0260314941406,29535100,Yahoo Finance,GOOGL,2026-09-18T13:25:36+08:00,confirmed
2026-06-10,363.19000244140625,368.55999755859375,355.20001220703125,356.3800048828125,356.1510925292969,32357100,Yahoo Finance,GOOGL,2026-09-18T13:25:36+08:00,confirmed
2026-06-11,355.92999267578125,358.79998779296875,346.3599853515625,357.7699890136719,357.5401611328125,35538200,Yahoo Finance,GOOGL,2026-09-18T13:25:36+08:00,confirmed
2026-06-12,362.6199951171875,366.57000732421875,354.94000244140625,359.67999267578125,359.4489440917969,24704600,Yahoo Finance,GOOGL,2026-09-18T13:25:36+08:00,confirmed
2026-06-15,367.92999267578125,372.989990234375,366.54998779296875,369.3500061035156,369.1127624511719,27727500,Yahoo Finance,GOOGL,2026-09-18T13:25:36+08:00,confirmed
2026-06-16,369.6000061035156,376.0,367.05999755859375,373.25,373.01025390625,24876100,Yahoo Finance,GOOGL,2026-09-18T13:25:36+08:00,confirmed
2026-06-17,369.1300048828125,372.3299865722656,362.0199890136719,363.7900085449219,363.55633544921875,24543600,Yahoo Finance,GOOGL,2026-09-18T13:25:36+08:00,confirmed
2026-06-18,365.75,369.4800109863281,358.6700134277344,368.0299987792969,367.7935791015625,44470100,Yahoo Finance,GOOGL,2026-09-18T13:25:36+08:00,confirmed
2026-06-22,357.95001220703125,358.9200134277344,341.7200012207031,349.67999267578125,349.45538330078125,52814800,Yahoo Finance,GOOGL,2026-09-18T13:25:36+08:00,confirmed
2026-06-23,340.69000244140625,349.2900085449219,340.20001220703125,346.1300048828125,345.90765380859375,34007700,Yahoo Finance,GOOGL,2026-09-18T13:25:36+08:00,confirmed
2026-06-24,349.0400085449219,353.4800109863281,341.92999267578125,345.2900085449219,345.0682067871094,44997300,Yahoo Finance,GOOGL,2026-09-18T13:25:36+08:00,confirmed
2026-06-25,336.7300109863281,345.57000732421875,335.8399963378906,343.7099914550781,343.48919677734375,44491400,Yahoo Finance,GOOGL,2026-09-18T13:25:36+08:00,confirmed
2026-06-26,342.54998779296875,346.3599853515625,330.20001220703125,337.3900146484375,337.17327880859375,114706300,Yahoo Finance,GOOGL,2026-09-18T13:25:36+08:00,confirmed
2026-06-29,341.8299865722656,354.3500061035156,340.6700134277344,353.6499938964844,353.4228210449219,34213900,Yahoo Finance,GOOGL,2026-09-18T13:25:36+08:00,confirmed
2026-06-30,353.8699951171875,358.6199951171875,350.3999938964844,357.3699951171875,357.14044189453125,35237200,Yahoo Finance,GOOGL,2026-09-18T13:25:36+08:00,confirmed
2026-07-01,358.3699951171875,362.9700012207031,356.42999267578125,361.2099914550781,360.97796630859375,26736400,Yahoo Finance,GOOGL,2026-09-18T13:25:36+08:00,confirmed
2026-07-02,359.4800109863281,364.2099914550781,353.4200134277344,359.9100036621094,359.6788024902344,25974800,Yahoo Finance,GOOGL,2026-09-18T13:25:36+08:00,confirmed
2026-07-06,361.54998779296875,367.92999267578125,357.3800048828125,366.4599914550781,366.2245788574219,26915800,Yahoo Finance,GOOGL,2026-09-18T13:25:36+08:00,confirmed
2026-07-07,369.07000732421875,373.1600036621094,365.5,367.0299987792969,366.7942199707031,24045600,Yahoo Finance,GOOGL,2026-09-18T13:25:36+08:00,confirmed
2026-07-08,364.760009765625,367.8399963378906,358.0199890136719,361.9200134277344,361.6875305175781,22094800,Yahoo Finance,GOOGL,2026-09-18T13:25:36+08:00,confirmed
2026-07-09,354.30999755859375,359.6499938964844,351.0799865722656,358.8900146484375,358.65948486328125,24729100,Yahoo Finance,GOOGL,2026-09-18T13:25:36+08:00,confirmed
2026-07-10,357.5299987792969,357.82000732421875,352.75,357.17999267578125,356.9505615234375,18146100,Yahoo Finance,GOOGL,2026-09-18T13:25:36+08:00,confirmed
2026-07-13,356.19000244140625,358.1300048828125,351.75,352.510009765625,352.2835693359375,15901700,Yahoo Finance,GOOGL,2026-09-18T13:25:36+08:00,confirmed
2026-07-14,351.20001220703125,360.1600036621094,351.0899963378906,359.510009765625,359.2790832519531,18259400,Yahoo Finance,GOOGL,2026-09-18T13:25:36+08:00,confirmed
2026-07-15,357.9700012207031,373.6499938964844,357.760009765625,370.9200134277344,370.6817626953125,28284600,Yahoo Finance,GOOGL,2026-09-18T13:25:36+08:00,confirmed
2026-07-16,373.05999755859375,375.2699890136719,352.29998779296875,354.4599914550781,354.2322998046875,41158500,Yahoo Finance,GOOGL,2026-09-18T13:25:36+08:00,confirmed
2026-07-17,346.0,348.5199890136719,341.3599853515625,346.7699890136719,346.5472412109375,29959300,Yahoo Finance,GOOGL,2026-09-18T13:25:36+08:00,confirmed
2026-07-20,350.8800048828125,359.67999267578125,350.5199890136719,351.989990234375,351.7638854980469,24736600,Yahoo Finance,GOOGL,2026-09-18T13:25:36+08:00,confirmed
2026-07-21,351.32000732421875,351.32000732421875,347.0,347.1499938964844,346.927001953125,23369800,Yahoo Finance,GOOGL,2026-09-18T13:25:36+08:00,confirmed
2026-07-22,348.1600036621094,349.94000244140625,341.7300109863281,342.0899963378906,341.8702392578125,39334100,Yahoo Finance,GOOGL,2026-09-18T13:25:36+08:00,confirmed
2026-07-23,321.1300048828125,324.489990234375,314.8999938964844,317.69000244140625,317.4859313964844,69419700,Yahoo Finance,GOOGL,2026-09-18T13:25:36+08:00,confirmed
2026-07-24,318.4200134277344,324.17999267578125,317.32000732421875,319.739990234375,319.53460693359375,31806600,Yahoo Finance,GOOGL,2026-09-18T13:25:36+08:00,confirmed
2026-07-27,325.0400085449219,330.4200134277344,324.45001220703125,326.55999755859375,326.3502197265625,28471600,Yahoo Finance,GOOGL,2026-09-18T13:25:36+08:00,confirmed
2026-07-28,327.8999938964844,335.8800048828125,324.44000244140625,333.7099914550781,333.4956359863281,29511900,Yahoo Finance,GOOGL,2026-09-18T13:25:36+08:00,confirmed
2026-07-29,334.6700134277344,342.5,331.6199951171875,336.7099914550781,336.49371337890625,27501600,Yahoo Finance,GOOGL,2026-09-18T13:25:36+08:00,confirmed
2026-07-30,334.20001220703125,336.510009765625,330.3399963378906,333.6600036621094,333.4456787109375,30168000,Yahoo Finance,GOOGL,2026-09-18T13:25:36+08:00,confirmed
2026-07-31,340.8299865722656,358.5799865722656,340.0,356.1300048828125,355.9012451171875,46498000,Yahoo Finance,GOOGL,2026-09-18T13:25:36+08:00,confirmed
2026-08-03,365.45001220703125,376.69000244140625,363.3500061035156,373.510009765625,373.27008056640625,38669700,Yahoo Finance,GOOGL,2026-09-18T13:25:36+08:00,confirmed
2026-08-04,368.2200012207031,380.5199890136719,367.5,377.6499938964844,377.40740966796875,35705700,Yahoo Finance,GOOGL,2026-09-18T13:25:36+08:00,confirmed
2026-08-05,383.3399963378906,384.4800109863281,356.7699890136719,362.42999267578125,362.1971740722656,46926300,Yahoo Finance,GOOGL,2026-09-18T13:25:36+08:00,confirmed
2026-08-06,360.7699890136719,364.1300048828125,356.8800048828125,357.75,357.52020263671875,25235900,Yahoo Finance,GOOGL,2026-09-18T13:25:36+08:00,confirmed
2026-08-07,356.7200012207031,358.8999938964844,353.7799987792969,354.29998779296875,354.0723876953125,19859900,Yahoo Finance,GOOGL,2026-09-18T13:25:36+08:00,confirmed
2026-08-10,355.17999267578125,357.6099853515625,352.7099914550781,357.5199890136719,357.29034423828125,18991400,Yahoo Finance,GOOGL,2026-09-18T13:25:36+08:00,confirmed
2026-08-11,355.8900146484375,356.80999755859375,343.3900146484375,343.79998779296875,343.5791320800781,29081800,Yahoo Finance,GOOGL,2026-09-18T13:25:36+08:00,confirmed
2026-08-12,346.30999755859375,346.4800109863281,340.8800048828125,343.5400085449219,343.3193359375,25012000,Yahoo Finance,GOOGL,2026-09-18T13:25:36+08:00,confirmed
2026-08-13,345.7699890136719,347.92999267578125,343.760009765625,346.3599853515625,346.13751220703125,17866100,Yahoo Finance,GOOGL,2026-09-18T13:25:36+08:00,confirmed
2026-08-14,346.79998779296875,350.45001220703125,344.5,345.8999938964844,345.67779541015625,17808600,Yahoo Finance,GOOGL,2026-09-18T13:25:36+08:00,confirmed
2026-08-17,346.2699890136719,347.25,341.92999267578125,344.0,343.7790222167969,18291300,Yahoo Finance,GOOGL,2026-09-18T13:25:36+08:00,confirmed
2026-08-18,342.4100036621094,344.8699951171875,340.19000244140625,344.20001220703125,343.9789123535156,19248800,Yahoo Finance,GOOGL,2026-09-18T13:25:36+08:00,confirmed
2026-08-19,342.4599914550781,346.7300109863281,340.6600036621094,344.7200012207031,344.4985656738281,19733800,Yahoo Finance,GOOGL,2026-09-18T13:25:36+08:00,confirmed
2026-08-20,343.05999755859375,343.8999938964844,338.57000732421875,340.6700134277344,340.451171875,18570400,Yahoo Finance,GOOGL,2026-09-18T13:25:36+08:00,confirmed
2026-08-21,342.5799865722656,346.20001220703125,340.3999938964844,344.82000732421875,344.5985107421875,20849800,Yahoo Finance,GOOGL,2026-09-18T13:25:36+08:00,confirmed
2026-08-24,343.6199951171875,351.6000061035156,342.489990234375,348.05999755859375,347.83642578125,26338200,Yahoo Finance,GOOGL,2026-09-18T13:25:36+08:00,confirmed
2026-08-25,349.6400146484375,350.1600036621094,345.6000061035156,346.9599914550781,346.73712158203125,20649700,Yahoo Finance,GOOGL,2026-09-18T13:25:36+08:00,confirmed
2026-08-26,346.6199951171875,346.8800048828125,340.17999267578125,342.0,341.7803039550781,20420300,Yahoo Finance,GOOGL,2026-09-18T13:25:36+08:00,confirmed
2026-08-27,339.6700134277344,341.69000244140625,338.5199890136719,340.6499938964844,340.4311828613281,23391400,Yahoo Finance,GOOGL,2026-09-18T13:25:36+08:00,confirmed
2026-08-28,340.7099914550781,349.1400146484375,340.2699890136719,346.5899963378906,346.36737060546875,25347200,Yahoo Finance,GOOGL,2026-09-18T13:25:36+08:00,confirmed
2026-08-31,343.8299865722656,344.5899963378906,337.1600036621094,339.3500061035156,339.13201904296875,33493600,Yahoo Finance,GOOGL,2026-09-18T13:25:36+08:00,confirmed
2026-09-01,336.0,337.20001220703125,333.04998779296875,335.0199890136719,334.8047790527344,23342700,Yahoo Finance,GOOGL,2026-09-18T13:25:36+08:00,confirmed
2026-09-02,334.05999755859375,340.0,332.82000732421875,337.1199951171875,336.9034423828125,22582300,Yahoo Finance,GOOGL,2026-09-18T13:25:36+08:00,confirmed
2026-09-03,340.55999755859375,344.67999267578125,340.05999755859375,342.4800109863281,342.260009765625,20726900,Yahoo Finance,GOOGL,2026-09-18T13:25:36+08:00,confirmed
2026-09-04,342.4700012207031,343.5299987792969,337.0899963378906,338.4599914550781,338.4599914550781,23189300,Yahoo Finance,GOOGL,2026-09-18T13:25:36+08:00,confirmed
2026-09-08,335.4200134277344,339.67999267578125,333.2200012207031,338.3599853515625,338.3599853515625,22915800,Yahoo Finance,GOOGL,2026-09-18T13:25:36+08:00,confirmed
2026-09-09,331.6499938964844,331.8500061035156,327.8999938964844,330.6499938964844,330.6499938964844,33151600,Yahoo Finance,GOOGL,2026-09-18T13:25:36+08:00,confirmed
2026-09-10,328.2300109863281,333.2300109863281,327.739990234375,332.6000061035156,332.6000061035156,23557600,Yahoo Finance,GOOGL,2026-09-18T13:25:36+08:00,confirmed
2026-09-11,335.0299987792969,342.9800109863281,335.0299987792969,338.5,338.5,24708300,Yahoo Finance,GOOGL,2026-09-18T13:25:36+08:00,confirmed
2026-09-14,343.1199951171875,349.9100036621094,342.1400146484375,349.3900146484375,349.3900146484375,35905400,Yahoo Finance,GOOGL,2026-09-18T13:25:36+08:00,confirmed
2026-09-15,346.79998779296875,348.07000732421875,342.70001220703125,344.9800109863281,344.9800109863281,21928600,Yahoo Finance,GOOGL,2026-09-18T13:25:36+08:00,confirmed
2026-09-16,347.0799865722656,348.3999938964844,340.6400146484375,342.8699951171875,342.8699951171875,18928900,Yahoo Finance,GOOGL,2026-09-18T13:25:36+08:00,confirmed
2026-09-17,348.67999267578125,349.5,343.8900146484375,347.3299865722656,347.3299865722656,19203100,Yahoo Finance,GOOGL,2026-09-18T13:25:36+08:00,confirmed
