date,value,source,source_symbol,endpoint,fetched_at_bjt,status
1990-01-05,0.035,Federal Reserve Bank of Chicago / FRED,NFCI,FRED public CSV · long-history backfill,2026-09-13T12:57:36+08:00,confirmed
1990-01-12,0.047,Federal Reserve Bank of Chicago / FRED,NFCI,FRED public CSV · long-history backfill,2026-09-13T12:57:36+08:00,confirmed
1990-01-19,0.056,Federal Reserve Bank of Chicago / FRED,NFCI,FRED public CSV · long-history backfill,2026-09-13T12:57:36+08:00,confirmed
1990-01-26,0.063,Federal Reserve Bank of Chicago / FRED,NFCI,FRED public CSV · long-history backfill,2026-09-13T12:57:36+08:00,confirmed
1990-02-02,0.065,Federal Reserve Bank of Chicago / FRED,NFCI,FRED public CSV · long-history backfill,2026-09-13T12:57:36+08:00,confirmed
1990-02-09,0.062,Federal Reserve Bank of Chicago / FRED,NFCI,FRED public CSV · long-history backfill,2026-09-13T12:57:36+08:00,confirmed
1990-02-16,0.056,Federal Reserve Bank of Chicago / FRED,NFCI,FRED public CSV · long-history backfill,2026-09-13T12:57:36+08:00,confirmed
1990-02-23,0.05,Federal Reserve Bank of Chicago / FRED,NFCI,FRED public CSV · long-history backfill,2026-09-13T12:56:40+08:00,confirmed
1990-03-02,0.046,Federal Reserve Bank of Chicago / FRED,NFCI,FRED public CSV · long-history backfill,2026-09-13T12:56:40+08:00,confirmed
1990-03-09,0.045,Federal Reserve Bank of Chicago / FRED,NFCI,FRED public CSV · long-history backfill,2026-09-13T12:56:40+08:00,confirmed
1990-03-16,0.051,Federal Reserve Bank of Chicago / FRED,NFCI,FRED public CSV · long-history backfill,2026-09-13T12:56:40+08:00,confirmed
1990-03-23,0.062,Federal Reserve Bank of Chicago / FRED,NFCI,FRED public CSV · long-history backfill,2026-09-13T12:57:36+08:00,confirmed
1990-03-30,0.077,Federal Reserve Bank of Chicago / FRED,NFCI,FRED public CSV · long-history backfill,2026-09-13T12:57:36+08:00,confirmed
1990-04-06,0.094,Federal Reserve Bank of Chicago / FRED,NFCI,FRED public CSV · long-history backfill,2026-09-13T12:57:36+08:00,confirmed
1990-04-13,0.107,Federal Reserve Bank of Chicago / FRED,NFCI,FRED public CSV · long-history backfill,2026-09-13T12:57:36+08:00,confirmed
1990-04-20,0.114,Federal Reserve Bank of Chicago / FRED,NFCI,FRED public CSV · long-history backfill,2026-09-13T12:56:40+08:00,confirmed
1990-04-27,0.111,Federal Reserve Bank of Chicago / FRED,NFCI,FRED public CSV · long-history backfill,2026-09-13T12:57:36+08:00,confirmed
1990-05-04,0.096,Federal Reserve Bank of Chicago / FRED,NFCI,FRED public CSV · long-history backfill,2026-09-13T12:56:40+08:00,confirmed
1990-05-11,0.071,Federal Reserve Bank of Chicago / FRED,NFCI,FRED public CSV · long-history backfill,2026-09-13T12:57:36+08:00,confirmed
1990-05-18,0.036,Federal Reserve Bank of Chicago / FRED,NFCI,FRED public CSV · long-history backfill,2026-09-13T12:56:40+08:00,confirmed
1990-05-25,-0.005,Federal Reserve Bank of Chicago / FRED,NFCI,FRED public CSV · long-history backfill,2026-09-13T12:57:36+08:00,confirmed
1990-06-01,-0.049,Federal Reserve Bank of Chicago / FRED,NFCI,FRED public CSV · long-history backfill,2026-09-13T12:57:36+08:00,confirmed
1990-06-08,-0.089,Federal Reserve Bank of Chicago / FRED,NFCI,FRED public CSV · long-history backfill,2026-09-13T12:57:36+08:00,confirmed
1990-06-15,-0.122,Federal Reserve Bank of Chicago / FRED,NFCI,FRED public CSV · long-history backfill,2026-09-13T12:56:40+08:00,confirmed
1990-06-22,-0.144,Federal Reserve Bank of Chicago / FRED,NFCI,FRED public CSV · long-history backfill,2026-09-13T12:56:40+08:00,confirmed
1990-06-29,-0.155,Federal Reserve Bank of Chicago / FRED,NFCI,FRED public CSV · long-history backfill,2026-09-13T12:56:40+08:00,confirmed
1990-07-06,-0.151,Federal Reserve Bank of Chicago / FRED,NFCI,FRED public CSV · long-history backfill,2026-09-13T12:57:36+08:00,confirmed
1990-07-13,-0.136,Federal Reserve Bank of Chicago / FRED,NFCI,FRED public CSV · long-history backfill,2026-09-13T12:56:40+08:00,confirmed
1990-07-20,-0.109,Federal Reserve Bank of Chicago / FRED,NFCI,FRED public CSV · long-history backfill,2026-09-13T12:56:40+08:00,confirmed
1990-07-27,-0.072,Federal Reserve Bank of Chicago / FRED,NFCI,FRED public CSV · long-history backfill,2026-09-13T12:56:40+08:00,confirmed
1990-08-03,-0.027,Federal Reserve Bank of Chicago / FRED,NFCI,FRED public CSV · long-history backfill,2026-09-13T12:57:36+08:00,confirmed
1990-08-10,0.024,Federal Reserve Bank of Chicago / FRED,NFCI,FRED public CSV · long-history backfill,2026-09-13T12:57:36+08:00,confirmed
1990-08-17,0.077,Federal Reserve Bank of Chicago / FRED,NFCI,FRED public CSV · long-history backfill,2026-09-13T12:56:40+08:00,confirmed
1990-08-24,0.132,Federal Reserve Bank of Chicago / FRED,NFCI,FRED public CSV · long-history backfill,2026-09-13T12:57:36+08:00,confirmed
1990-08-31,0.187,Federal Reserve Bank of Chicago / FRED,NFCI,FRED public CSV · long-history backfill,2026-09-13T12:57:36+08:00,confirmed
1990-09-07,0.241,Federal Reserve Bank of Chicago / FRED,NFCI,FRED public CSV · long-history backfill,2026-09-13T12:57:36+08:00,confirmed
1990-09-14,0.292,Federal Reserve Bank of Chicago / FRED,NFCI,FRED public CSV · long-history backfill,2026-09-13T12:56:40+08:00,confirmed
1990-09-21,0.34,Federal Reserve Bank of Chicago / FRED,NFCI,FRED public CSV · long-history backfill,2026-09-13T12:57:36+08:00,confirmed
1990-09-28,0.383,Federal Reserve Bank of Chicago / FRED,NFCI,FRED public CSV · long-history backfill,2026-09-13T12:57:36+08:00,confirmed
1990-10-05,0.416,Federal Reserve Bank of Chicago / FRED,NFCI,FRED public CSV · long-history backfill,2026-09-13T12:57:36+08:00,confirmed
1990-10-12,0.439,Federal Reserve Bank of Chicago / FRED,NFCI,FRED public CSV · long-history backfill,2026-09-13T12:57:36+08:00,confirmed
1990-10-19,0.453,Federal Reserve Bank of Chicago / FRED,NFCI,FRED public CSV · long-history backfill,2026-09-13T12:56:40+08:00,confirmed
1990-10-26,0.458,Federal Reserve Bank of Chicago / FRED,NFCI,FRED public CSV · long-history backfill,2026-09-13T12:56:40+08:00,confirmed
1990-11-02,0.459,Federal Reserve Bank of Chicago / FRED,NFCI,FRED public CSV · long-history backfill,2026-09-13T12:57:36+08:00,confirmed
1990-11-09,0.459,Federal Reserve Bank of Chicago / FRED,NFCI,FRED public CSV · long-history backfill,2026-09-13T12:56:40+08:00,confirmed
1990-11-16,0.459,Federal Reserve Bank of Chicago / FRED,NFCI,FRED public CSV · long-history backfill,2026-09-13T12:57:36+08:00,confirmed
1990-11-23,0.464,Federal Reserve Bank of Chicago / FRED,NFCI,FRED public CSV · long-history backfill,2026-09-13T12:57:36+08:00,confirmed
1990-11-30,0.475,Federal Reserve Bank of Chicago / FRED,NFCI,FRED public CSV · long-history backfill,2026-09-13T12:57:36+08:00,confirmed
1990-12-07,0.488,Federal Reserve Bank of Chicago / FRED,NFCI,FRED public CSV · long-history backfill,2026-09-13T12:57:36+08:00,confirmed
1990-12-14,0.502,Federal Reserve Bank of Chicago / FRED,NFCI,FRED public CSV · long-history backfill,2026-09-13T12:56:40+08:00,confirmed
1990-12-21,0.517,Federal Reserve Bank of Chicago / FRED,NFCI,FRED public CSV · long-history backfill,2026-09-13T12:57:36+08:00,confirmed
1990-12-28,0.523,Federal Reserve Bank of Chicago / FRED,NFCI,FRED public CSV · long-history backfill,2026-09-13T12:56:40+08:00,confirmed
1991-01-04,0.515,Federal Reserve Bank of Chicago / FRED,NFCI,FRED public CSV · long-history backfill,2026-09-13T12:56:40+08:00,confirmed
1991-01-11,0.493,Federal Reserve Bank of Chicago / FRED,NFCI,FRED public CSV · long-history backfill,2026-09-13T12:56:40+08:00,confirmed
1991-01-18,0.452,Federal Reserve Bank of Chicago / FRED,NFCI,FRED public CSV · long-history backfill,2026-09-13T12:56:40+08:00,confirmed
1991-01-25,0.393,Federal Reserve Bank of Chicago / FRED,NFCI,FRED public CSV · long-history backfill,2026-09-13T12:56:40+08:00,confirmed
1991-02-01,0.324,Federal Reserve Bank of Chicago / FRED,NFCI,FRED public CSV · long-history backfill,2026-09-13T12:57:36+08:00,confirmed
1991-02-08,0.248,Federal Reserve Bank of Chicago / FRED,NFCI,FRED public CSV · long-history backfill,2026-09-13T12:56:40+08:00,confirmed
1991-02-15,0.172,Federal Reserve Bank of Chicago / FRED,NFCI,FRED public CSV · long-history backfill,2026-09-13T12:57:36+08:00,confirmed
1991-02-22,0.101,Federal Reserve Bank of Chicago / FRED,NFCI,FRED public CSV · long-history backfill,2026-09-13T12:57:36+08:00,confirmed
1991-03-01,0.036,Federal Reserve Bank of Chicago / FRED,NFCI,FRED public CSV · long-history backfill,2026-09-13T12:56:40+08:00,confirmed
1991-03-08,-0.021,Federal Reserve Bank of Chicago / FRED,NFCI,FRED public CSV · long-history backfill,2026-09-13T12:57:36+08:00,confirmed
1991-03-15,-0.071,Federal Reserve Bank of Chicago / FRED,NFCI,FRED public CSV · long-history backfill,2026-09-13T12:57:36+08:00,confirmed
1991-03-22,-0.113,Federal Reserve Bank of Chicago / FRED,NFCI,FRED public CSV · long-history backfill,2026-09-13T12:57:36+08:00,confirmed
1991-03-29,-0.149,Federal Reserve Bank of Chicago / FRED,NFCI,FRED public CSV · long-history backfill,2026-09-13T12:57:36+08:00,confirmed
1991-04-05,-0.178,Federal Reserve Bank of Chicago / FRED,NFCI,FRED public CSV · long-history backfill,2026-09-13T12:56:40+08:00,confirmed
1991-04-12,-0.202,Federal Reserve Bank of Chicago / FRED,NFCI,FRED public CSV · long-history backfill,2026-09-13T12:57:36+08:00,confirmed
1991-04-19,-0.221,Federal Reserve Bank of Chicago / FRED,NFCI,FRED public CSV · long-history backfill,2026-09-13T12:56:40+08:00,confirmed
1991-04-26,-0.235,Federal Reserve Bank of Chicago / FRED,NFCI,FRED public CSV · long-history backfill,2026-09-13T12:57:36+08:00,confirmed
1991-05-03,-0.243,Federal Reserve Bank of Chicago / FRED,NFCI,FRED public CSV · long-history backfill,2026-09-13T12:57:36+08:00,confirmed
1991-05-10,-0.247,Federal Reserve Bank of Chicago / FRED,NFCI,FRED public CSV · long-history backfill,2026-09-13T12:57:36+08:00,confirmed
1991-05-17,-0.246,Federal Reserve Bank of Chicago / FRED,NFCI,FRED public CSV · long-history backfill,2026-09-13T12:57:36+08:00,confirmed
1991-05-24,-0.242,Federal Reserve Bank of Chicago / FRED,NFCI,FRED public CSV · long-history backfill,2026-09-13T12:56:40+08:00,confirmed
1991-05-31,-0.237,Federal Reserve Bank of Chicago / FRED,NFCI,FRED public CSV · long-history backfill,2026-09-13T12:57:36+08:00,confirmed
1991-06-07,-0.235,Federal Reserve Bank of Chicago / FRED,NFCI,FRED public CSV · long-history backfill,2026-09-13T12:57:36+08:00,confirmed
1991-06-14,-0.239,Federal Reserve Bank of Chicago / FRED,NFCI,FRED public CSV · long-history backfill,2026-09-13T12:56:40+08:00,confirmed
1991-06-21,-0.25,Federal Reserve Bank of Chicago / FRED,NFCI,FRED public CSV · long-history backfill,2026-09-13T12:57:36+08:00,confirmed
1991-06-28,-0.27,Federal Reserve Bank of Chicago / FRED,NFCI,FRED public CSV · long-history backfill,2026-09-13T12:56:40+08:00,confirmed
1991-07-05,-0.299,Federal Reserve Bank of Chicago / FRED,NFCI,FRED public CSV · long-history backfill,2026-09-13T12:56:40+08:00,confirmed
1991-07-12,-0.334,Federal Reserve Bank of Chicago / FRED,NFCI,FRED public CSV · long-history backfill,2026-09-13T12:57:36+08:00,confirmed
1991-07-19,-0.373,Federal Reserve Bank of Chicago / FRED,NFCI,FRED public CSV · long-history backfill,2026-09-13T12:56:40+08:00,confirmed
1991-07-26,-0.413,Federal Reserve Bank of Chicago / FRED,NFCI,FRED public CSV · long-history backfill,2026-09-13T12:56:40+08:00,confirmed
1991-08-02,-0.45,Federal Reserve Bank of Chicago / FRED,NFCI,FRED public CSV · long-history backfill,2026-09-13T12:57:36+08:00,confirmed
1991-08-09,-0.482,Federal Reserve Bank of Chicago / FRED,NFCI,FRED public CSV · long-history backfill,2026-09-13T12:56:40+08:00,confirmed
1991-08-16,-0.507,Federal Reserve Bank of Chicago / FRED,NFCI,FRED public CSV · long-history backfill,2026-09-13T12:57:36+08:00,confirmed
1991-08-23,-0.525,Federal Reserve Bank of Chicago / FRED,NFCI,FRED public CSV · long-history backfill,2026-09-13T12:57:36+08:00,confirmed
1991-08-30,-0.538,Federal Reserve Bank of Chicago / FRED,NFCI,FRED public CSV · long-history backfill,2026-09-13T12:56:40+08:00,confirmed
1991-09-06,-0.546,Federal Reserve Bank of Chicago / FRED,NFCI,FRED public CSV · long-history backfill,2026-09-13T12:56:40+08:00,confirmed
1991-09-13,-0.552,Federal Reserve Bank of Chicago / FRED,NFCI,FRED public CSV · long-history backfill,2026-09-13T12:56:40+08:00,confirmed
1991-09-20,-0.555,Federal Reserve Bank of Chicago / FRED,NFCI,FRED public CSV · long-history backfill,2026-09-13T12:56:40+08:00,confirmed
1991-09-27,-0.558,Federal Reserve Bank of Chicago / FRED,NFCI,FRED public CSV · long-history backfill,2026-09-13T12:57:36+08:00,confirmed
1991-10-04,-0.562,Federal Reserve Bank of Chicago / FRED,NFCI,FRED public CSV · long-history backfill,2026-09-13T12:56:40+08:00,confirmed
1991-10-11,-0.566,Federal Reserve Bank of Chicago / FRED,NFCI,FRED public CSV · long-history backfill,2026-09-13T12:56:40+08:00,confirmed
1991-10-18,-0.572,Federal Reserve Bank of Chicago / FRED,NFCI,FRED public CSV · long-history backfill,2026-09-13T12:56:40+08:00,confirmed
1991-10-25,-0.579,Federal Reserve Bank of Chicago / FRED,NFCI,FRED public CSV · long-history backfill,2026-09-13T12:56:40+08:00,confirmed
1991-11-01,-0.588,Federal Reserve Bank of Chicago / FRED,NFCI,FRED public CSV · long-history backfill,2026-09-13T12:56:40+08:00,confirmed
1991-11-08,-0.597,Federal Reserve Bank of Chicago / FRED,NFCI,FRED public CSV · long-history backfill,2026-09-13T12:56:40+08:00,confirmed
1991-11-15,-0.606,Federal Reserve Bank of Chicago / FRED,NFCI,FRED public CSV · long-history backfill,2026-09-13T12:57:36+08:00,confirmed
1991-11-22,-0.616,Federal Reserve Bank of Chicago / FRED,NFCI,FRED public CSV · long-history backfill,2026-09-13T12:56:40+08:00,confirmed
1991-11-29,-0.626,Federal Reserve Bank of Chicago / FRED,NFCI,FRED public CSV · long-history backfill,2026-09-13T12:56:40+08:00,confirmed
1991-12-06,-0.636,Federal Reserve Bank of Chicago / FRED,NFCI,FRED public CSV · long-history backfill,2026-09-13T12:57:36+08:00,confirmed
1991-12-13,-0.646,Federal Reserve Bank of Chicago / FRED,NFCI,FRED public CSV · long-history backfill,2026-09-13T12:57:36+08:00,confirmed
1991-12-20,-0.654,Federal Reserve Bank of Chicago / FRED,NFCI,FRED public CSV · long-history backfill,2026-09-13T12:57:36+08:00,confirmed
1991-12-27,-0.661,Federal Reserve Bank of Chicago / FRED,NFCI,FRED public CSV · long-history backfill,2026-09-13T12:57:36+08:00,confirmed
1992-01-03,-0.663,Federal Reserve Bank of Chicago / FRED,NFCI,FRED public CSV · long-history backfill,2026-09-13T12:57:36+08:00,confirmed
1992-01-10,-0.664,Federal Reserve Bank of Chicago / FRED,NFCI,FRED public CSV · long-history backfill,2026-09-13T12:57:36+08:00,confirmed
1992-01-17,-0.662,Federal Reserve Bank of Chicago / FRED,NFCI,FRED public CSV · long-history backfill,2026-09-13T12:57:36+08:00,confirmed
1992-01-24,-0.659,Federal Reserve Bank of Chicago / FRED,NFCI,FRED public CSV · long-history backfill,2026-09-13T12:57:36+08:00,confirmed
1992-01-31,-0.656,Federal Reserve Bank of Chicago / FRED,NFCI,FRED public CSV · long-history backfill,2026-09-13T12:57:36+08:00,confirmed
1992-02-07,-0.654,Federal Reserve Bank of Chicago / FRED,NFCI,FRED public CSV · long-history backfill,2026-09-13T12:57:36+08:00,confirmed
1992-02-14,-0.653,Federal Reserve Bank of Chicago / FRED,NFCI,FRED public CSV · long-history backfill,2026-09-13T12:57:36+08:00,confirmed
1992-02-21,-0.653,Federal Reserve Bank of Chicago / FRED,NFCI,FRED public CSV · long-history backfill,2026-09-13T12:57:36+08:00,confirmed
1992-02-28,-0.654,Federal Reserve Bank of Chicago / FRED,NFCI,FRED public CSV · long-history backfill,2026-09-13T12:57:36+08:00,confirmed
1992-03-06,-0.657,Federal Reserve Bank of Chicago / FRED,NFCI,FRED public CSV · long-history backfill,2026-09-13T12:57:36+08:00,confirmed
1992-03-13,-0.662,Federal Reserve Bank of Chicago / FRED,NFCI,FRED public CSV · long-history backfill,2026-09-13T12:57:36+08:00,confirmed
1992-03-20,-0.67,Federal Reserve Bank of Chicago / FRED,NFCI,FRED public CSV · long-history backfill,2026-09-13T12:57:36+08:00,confirmed
1992-03-27,-0.682,Federal Reserve Bank of Chicago / FRED,NFCI,FRED public CSV · long-history backfill,2026-09-13T12:57:36+08:00,confirmed
1992-04-03,-0.698,Federal Reserve Bank of Chicago / FRED,NFCI,FRED public CSV · long-history backfill,2026-09-13T12:57:36+08:00,confirmed
1992-04-10,-0.717,Federal Reserve Bank of Chicago / FRED,NFCI,FRED public CSV · long-history backfill,2026-09-13T12:57:36+08:00,confirmed
1992-04-17,-0.738,Federal Reserve Bank of Chicago / FRED,NFCI,FRED public CSV · long-history backfill,2026-09-13T12:57:36+08:00,confirmed
1992-04-24,-0.76,Federal Reserve Bank of Chicago / FRED,NFCI,FRED public CSV · long-history backfill,2026-09-13T12:57:36+08:00,confirmed
1992-05-01,-0.783,Federal Reserve Bank of Chicago / FRED,NFCI,FRED public CSV · long-history backfill,2026-09-13T12:57:36+08:00,confirmed
1992-05-08,-0.804,Federal Reserve Bank of Chicago / FRED,NFCI,FRED public CSV · long-history backfill,2026-09-13T12:56:40+08:00,confirmed
1992-05-15,-0.825,Federal Reserve Bank of Chicago / FRED,NFCI,FRED public CSV · long-history backfill,2026-09-13T12:56:40+08:00,confirmed
1992-05-22,-0.843,Federal Reserve Bank of Chicago / FRED,NFCI,FRED public CSV · long-history backfill,2026-09-13T12:56:40+08:00,confirmed
1992-05-29,-0.86,Federal Reserve Bank of Chicago / FRED,NFCI,FRED public CSV · long-history backfill,2026-09-13T12:56:40+08:00,confirmed
1992-06-05,-0.875,Federal Reserve Bank of Chicago / FRED,NFCI,FRED public CSV · long-history backfill,2026-09-13T12:56:40+08:00,confirmed
1992-06-12,-0.89,Federal Reserve Bank of Chicago / FRED,NFCI,FRED public CSV · long-history backfill,2026-09-13T12:56:40+08:00,confirmed
1992-06-19,-0.903,Federal Reserve Bank of Chicago / FRED,NFCI,FRED public CSV · long-history backfill,2026-09-13T12:56:40+08:00,confirmed
1992-06-26,-0.916,Federal Reserve Bank of Chicago / FRED,NFCI,FRED public CSV · long-history backfill,2026-09-13T12:57:36+08:00,confirmed
1992-07-03,-0.926,Federal Reserve Bank of Chicago / FRED,NFCI,FRED public CSV · long-history backfill,2026-09-13T12:56:40+08:00,confirmed
1992-07-10,-0.934,Federal Reserve Bank of Chicago / FRED,NFCI,FRED public CSV · long-history backfill,2026-09-13T12:57:36+08:00,confirmed
1992-07-17,-0.939,Federal Reserve Bank of Chicago / FRED,NFCI,FRED public CSV · long-history backfill,2026-09-13T12:56:40+08:00,confirmed
1992-07-24,-0.94,Federal Reserve Bank of Chicago / FRED,NFCI,FRED public CSV · long-history backfill,2026-09-13T12:57:36+08:00,confirmed
1992-07-31,-0.938,Federal Reserve Bank of Chicago / FRED,NFCI,FRED public CSV · long-history backfill,2026-09-13T12:57:36+08:00,confirmed
1992-08-07,-0.933,Federal Reserve Bank of Chicago / FRED,NFCI,FRED public CSV · long-history backfill,2026-09-13T12:57:36+08:00,confirmed
1992-08-14,-0.925,Federal Reserve Bank of Chicago / FRED,NFCI,FRED public CSV · long-history backfill,2026-09-13T12:57:36+08:00,confirmed
1992-08-21,-0.914,Federal Reserve Bank of Chicago / FRED,NFCI,FRED public CSV · long-history backfill,2026-09-13T12:56:40+08:00,confirmed
1992-08-28,-0.899,Federal Reserve Bank of Chicago / FRED,NFCI,FRED public CSV · long-history backfill,2026-09-13T12:56:40+08:00,confirmed
1992-09-04,-0.88,Federal Reserve Bank of Chicago / FRED,NFCI,FRED public CSV · long-history backfill,2026-09-13T12:57:36+08:00,confirmed
1992-09-11,-0.858,Federal Reserve Bank of Chicago / FRED,NFCI,FRED public CSV · long-history backfill,2026-09-13T12:57:36+08:00,confirmed
1992-09-18,-0.833,Federal Reserve Bank of Chicago / FRED,NFCI,FRED public CSV · long-history backfill,2026-09-13T12:57:36+08:00,confirmed
1992-09-25,-0.803,Federal Reserve Bank of Chicago / FRED,NFCI,FRED public CSV · long-history backfill,2026-09-13T12:57:36+08:00,confirmed
1992-10-02,-0.772,Federal Reserve Bank of Chicago / FRED,NFCI,FRED public CSV · long-history backfill,2026-09-13T12:57:36+08:00,confirmed
1992-10-09,-0.742,Federal Reserve Bank of Chicago / FRED,NFCI,FRED public CSV · long-history backfill,2026-09-13T12:56:40+08:00,confirmed
1992-10-16,-0.715,Federal Reserve Bank of Chicago / FRED,NFCI,FRED public CSV · long-history backfill,2026-09-13T12:57:36+08:00,confirmed
1992-10-23,-0.693,Federal Reserve Bank of Chicago / FRED,NFCI,FRED public CSV · long-history backfill,2026-09-13T12:57:36+08:00,confirmed
1992-10-30,-0.681,Federal Reserve Bank of Chicago / FRED,NFCI,FRED public CSV · long-history backfill,2026-09-13T12:56:40+08:00,confirmed
1992-11-06,-0.68,Federal Reserve Bank of Chicago / FRED,NFCI,FRED public CSV · long-history backfill,2026-09-13T12:56:40+08:00,confirmed
1992-11-13,-0.688,Federal Reserve Bank of Chicago / FRED,NFCI,FRED public CSV · long-history backfill,2026-09-13T12:56:40+08:00,confirmed
1992-11-20,-0.706,Federal Reserve Bank of Chicago / FRED,NFCI,FRED public CSV · long-history backfill,2026-09-13T12:56:40+08:00,confirmed
1992-11-27,-0.734,Federal Reserve Bank of Chicago / FRED,NFCI,FRED public CSV · long-history backfill,2026-09-13T12:56:40+08:00,confirmed
1992-12-04,-0.769,Federal Reserve Bank of Chicago / FRED,NFCI,FRED public CSV · long-history backfill,2026-09-13T12:56:40+08:00,confirmed
1992-12-11,-0.808,Federal Reserve Bank of Chicago / FRED,NFCI,FRED public CSV · long-history backfill,2026-09-13T12:56:40+08:00,confirmed
1992-12-18,-0.846,Federal Reserve Bank of Chicago / FRED,NFCI,FRED public CSV · long-history backfill,2026-09-13T12:57:36+08:00,confirmed
1992-12-25,-0.881,Federal Reserve Bank of Chicago / FRED,NFCI,FRED public CSV · long-history backfill,2026-09-13T12:57:36+08:00,confirmed
1993-01-01,-0.909,Federal Reserve Bank of Chicago / FRED,NFCI,FRED public CSV · long-history backfill,2026-09-13T12:57:36+08:00,confirmed
1993-01-08,-0.93,Federal Reserve Bank of Chicago / FRED,NFCI,FRED public CSV · long-history backfill,2026-09-13T12:56:40+08:00,confirmed
1993-01-15,-0.945,Federal Reserve Bank of Chicago / FRED,NFCI,FRED public CSV · long-history backfill,2026-09-13T12:56:40+08:00,confirmed
1993-01-22,-0.953,Federal Reserve Bank of Chicago / FRED,NFCI,FRED public CSV · long-history backfill,2026-09-13T12:56:40+08:00,confirmed
1993-01-29,-0.957,Federal Reserve Bank of Chicago / FRED,NFCI,FRED public CSV · long-history backfill,2026-09-13T12:56:40+08:00,confirmed
1993-02-05,-0.957,Federal Reserve Bank of Chicago / FRED,NFCI,FRED public CSV · long-history backfill,2026-09-13T12:57:36+08:00,confirmed
1993-02-12,-0.956,Federal Reserve Bank of Chicago / FRED,NFCI,FRED public CSV · long-history backfill,2026-09-13T12:57:36+08:00,confirmed
1993-02-19,-0.955,Federal Reserve Bank of Chicago / FRED,NFCI,FRED public CSV · long-history backfill,2026-09-13T12:56:40+08:00,confirmed
1993-02-26,-0.955,Federal Reserve Bank of Chicago / FRED,NFCI,FRED public CSV · long-history backfill,2026-09-13T12:57:36+08:00,confirmed
1993-03-05,-0.957,Federal Reserve Bank of Chicago / FRED,NFCI,FRED public CSV · long-history backfill,2026-09-13T12:57:36+08:00,confirmed
1993-03-12,-0.961,Federal Reserve Bank of Chicago / FRED,NFCI,FRED public CSV · long-history backfill,2026-09-13T12:57:36+08:00,confirmed
1993-03-19,-0.967,Federal Reserve Bank of Chicago / FRED,NFCI,FRED public CSV · long-history backfill,2026-09-13T12:56:40+08:00,confirmed
1993-03-26,-0.974,Federal Reserve Bank of Chicago / FRED,NFCI,FRED public CSV · long-history backfill,2026-09-13T12:57:36+08:00,confirmed
1993-04-02,-0.981,Federal Reserve Bank of Chicago / FRED,NFCI,FRED public CSV · long-history backfill,2026-09-13T12:57:36+08:00,confirmed
1993-04-09,-0.987,Federal Reserve Bank of Chicago / FRED,NFCI,FRED public CSV · long-history backfill,2026-09-13T12:57:36+08:00,confirmed
1993-04-16,-0.992,Federal Reserve Bank of Chicago / FRED,NFCI,FRED public CSV · long-history backfill,2026-09-13T12:56:40+08:00,confirmed
1993-04-23,-0.994,Federal Reserve Bank of Chicago / FRED,NFCI,FRED public CSV · long-history backfill,2026-09-13T12:57:36+08:00,confirmed
1993-04-30,-0.993,Federal Reserve Bank of Chicago / FRED,NFCI,FRED public CSV · long-history backfill,2026-09-13T12:57:36+08:00,confirmed
1993-05-07,-0.991,Federal Reserve Bank of Chicago / FRED,NFCI,FRED public CSV · long-history backfill,2026-09-13T12:57:36+08:00,confirmed
1993-05-14,-0.986,Federal Reserve Bank of Chicago / FRED,NFCI,FRED public CSV · long-history backfill,2026-09-13T12:57:36+08:00,confirmed
1993-05-21,-0.983,Federal Reserve Bank of Chicago / FRED,NFCI,FRED public CSV · long-history backfill,2026-09-13T12:57:36+08:00,confirmed
1993-05-28,-0.982,Federal Reserve Bank of Chicago / FRED,NFCI,FRED public CSV · long-history backfill,2026-09-13T12:57:36+08:00,confirmed
1993-06-04,-0.985,Federal Reserve Bank of Chicago / FRED,NFCI,FRED public CSV · long-history backfill,2026-09-13T12:57:36+08:00,confirmed
1993-06-11,-0.992,Federal Reserve Bank of Chicago / FRED,NFCI,FRED public CSV · long-history backfill,2026-09-13T12:57:36+08:00,confirmed
1993-06-18,-1.005,Federal Reserve Bank of Chicago / FRED,NFCI,FRED public CSV · long-history backfill,2026-09-13T12:57:36+08:00,confirmed
1993-06-25,-1.02,Federal Reserve Bank of Chicago / FRED,NFCI,FRED public CSV · long-history backfill,2026-09-13T12:57:36+08:00,confirmed
1993-07-02,-1.038,Federal Reserve Bank of Chicago / FRED,NFCI,FRED public CSV · long-history backfill,2026-09-13T12:57:36+08:00,confirmed
1993-07-09,-1.055,Federal Reserve Bank of Chicago / FRED,NFCI,FRED public CSV · long-history backfill,2026-09-13T12:56:40+08:00,confirmed
1993-07-16,-1.07,Federal Reserve Bank of Chicago / FRED,NFCI,FRED public CSV · long-history backfill,2026-09-13T12:56:40+08:00,confirmed
1993-07-23,-1.083,Federal Reserve Bank of Chicago / FRED,NFCI,FRED public CSV · long-history backfill,2026-09-13T12:56:40+08:00,confirmed
1993-07-30,-1.091,Federal Reserve Bank of Chicago / FRED,NFCI,FRED public CSV · long-history backfill,2026-09-13T12:56:40+08:00,confirmed
1993-08-06,-1.096,Federal Reserve Bank of Chicago / FRED,NFCI,FRED public CSV · long-history backfill,2026-09-13T12:56:40+08:00,confirmed
1993-08-13,-1.097,Federal Reserve Bank of Chicago / FRED,NFCI,FRED public CSV · long-history backfill,2026-09-13T12:56:40+08:00,confirmed
1993-08-20,-1.095,Federal Reserve Bank of Chicago / FRED,NFCI,FRED public CSV · long-history backfill,2026-09-13T12:56:40+08:00,confirmed
1993-08-27,-1.09,Federal Reserve Bank of Chicago / FRED,NFCI,FRED public CSV · long-history backfill,2026-09-13T12:57:36+08:00,confirmed
1993-09-03,-1.083,Federal Reserve Bank of Chicago / FRED,NFCI,FRED public CSV · long-history backfill,2026-09-13T12:57:36+08:00,confirmed
1993-09-10,-1.074,Federal Reserve Bank of Chicago / FRED,NFCI,FRED public CSV · long-history backfill,2026-09-13T12:57:36+08:00,confirmed
1993-09-17,-1.063,Federal Reserve Bank of Chicago / FRED,NFCI,FRED public CSV · long-history backfill,2026-09-13T12:57:36+08:00,confirmed
1993-09-24,-1.05,Federal Reserve Bank of Chicago / FRED,NFCI,FRED public CSV · long-history backfill,2026-09-13T12:57:36+08:00,confirmed
1993-10-01,-1.035,Federal Reserve Bank of Chicago / FRED,NFCI,FRED public CSV · long-history backfill,2026-09-13T12:57:36+08:00,confirmed
1993-10-08,-1.019,Federal Reserve Bank of Chicago / FRED,NFCI,FRED public CSV · long-history backfill,2026-09-13T12:57:36+08:00,confirmed
1993-10-15,-1.002,Federal Reserve Bank of Chicago / FRED,NFCI,FRED public CSV · long-history backfill,2026-09-13T12:57:36+08:00,confirmed
1993-10-22,-0.984,Federal Reserve Bank of Chicago / FRED,NFCI,FRED public CSV · long-history backfill,2026-09-13T12:57:36+08:00,confirmed
1993-10-29,-0.966,Federal Reserve Bank of Chicago / FRED,NFCI,FRED public CSV · long-history backfill,2026-09-13T12:56:40+08:00,confirmed
1993-11-05,-0.951,Federal Reserve Bank of Chicago / FRED,NFCI,FRED public CSV · long-history backfill,2026-09-13T12:56:40+08:00,confirmed
1993-11-12,-0.94,Federal Reserve Bank of Chicago / FRED,NFCI,FRED public CSV · long-history backfill,2026-09-13T12:56:40+08:00,confirmed
1993-11-19,-0.936,Federal Reserve Bank of Chicago / FRED,NFCI,FRED public CSV · long-history backfill,2026-09-13T12:56:40+08:00,confirmed
1993-11-26,-0.938,Federal Reserve Bank of Chicago / FRED,NFCI,FRED public CSV · long-history backfill,2026-09-13T12:56:40+08:00,confirmed
1993-12-03,-0.946,Federal Reserve Bank of Chicago / FRED,NFCI,FRED public CSV · long-history backfill,2026-09-13T12:57:36+08:00,confirmed
1993-12-10,-0.959,Federal Reserve Bank of Chicago / FRED,NFCI,FRED public CSV · long-history backfill,2026-09-13T12:57:36+08:00,confirmed
1993-12-17,-0.975,Federal Reserve Bank of Chicago / FRED,NFCI,FRED public CSV · long-history backfill,2026-09-13T12:57:36+08:00,confirmed
1993-12-24,-0.991,Federal Reserve Bank of Chicago / FRED,NFCI,FRED public CSV · long-history backfill,2026-09-13T12:56:40+08:00,confirmed
1993-12-31,-1.004,Federal Reserve Bank of Chicago / FRED,NFCI,FRED public CSV · long-history backfill,2026-09-13T12:56:40+08:00,confirmed
1994-01-07,-1.015,Federal Reserve Bank of Chicago / FRED,NFCI,FRED public CSV · long-history backfill,2026-09-13T12:56:40+08:00,confirmed
1994-01-14,-1.021,Federal Reserve Bank of Chicago / FRED,NFCI,FRED public CSV · long-history backfill,2026-09-13T12:57:36+08:00,confirmed
1994-01-21,-1.02,Federal Reserve Bank of Chicago / FRED,NFCI,FRED public CSV · long-history backfill,2026-09-13T12:56:40+08:00,confirmed
1994-01-28,-1.013,Federal Reserve Bank of Chicago / FRED,NFCI,FRED public CSV · long-history backfill,2026-09-13T12:57:36+08:00,confirmed
1994-02-04,-0.998,Federal Reserve Bank of Chicago / FRED,NFCI,FRED public CSV · long-history backfill,2026-09-13T12:56:40+08:00,confirmed
1994-02-11,-0.977,Federal Reserve Bank of Chicago / FRED,NFCI,FRED public CSV · long-history backfill,2026-09-13T12:57:36+08:00,confirmed
1994-02-18,-0.95,Federal Reserve Bank of Chicago / FRED,NFCI,FRED public CSV · long-history backfill,2026-09-13T12:57:36+08:00,confirmed
1994-02-25,-0.92,Federal Reserve Bank of Chicago / FRED,NFCI,FRED public CSV · long-history backfill,2026-09-13T12:57:36+08:00,confirmed
1994-03-04,-0.886,Federal Reserve Bank of Chicago / FRED,NFCI,FRED public CSV · long-history backfill,2026-09-13T12:57:36+08:00,confirmed
1994-03-11,-0.852,Federal Reserve Bank of Chicago / FRED,NFCI,FRED public CSV · long-history backfill,2026-09-13T12:57:36+08:00,confirmed
1994-03-18,-0.82,Federal Reserve Bank of Chicago / FRED,NFCI,FRED public CSV · long-history backfill,2026-09-13T12:56:40+08:00,confirmed
1994-03-25,-0.79,Federal Reserve Bank of Chicago / FRED,NFCI,FRED public CSV · long-history backfill,2026-09-13T12:57:36+08:00,confirmed
1994-04-01,-0.765,Federal Reserve Bank of Chicago / FRED,NFCI,FRED public CSV · long-history backfill,2026-09-13T12:57:36+08:00,confirmed
1994-04-08,-0.745,Federal Reserve Bank of Chicago / FRED,NFCI,FRED public CSV · long-history backfill,2026-09-13T12:57:36+08:00,confirmed
1994-04-15,-0.732,Federal Reserve Bank of Chicago / FRED,NFCI,FRED public CSV · long-history backfill,2026-09-13T12:57:36+08:00,confirmed
1994-04-22,-0.723,Federal Reserve Bank of Chicago / FRED,NFCI,FRED public CSV · long-history backfill,2026-09-13T12:57:36+08:00,confirmed
1994-04-29,-0.72,Federal Reserve Bank of Chicago / FRED,NFCI,FRED public CSV · long-history backfill,2026-09-13T12:57:36+08:00,confirmed
1994-05-06,-0.718,Federal Reserve Bank of Chicago / FRED,NFCI,FRED public CSV · long-history backfill,2026-09-13T12:57:36+08:00,confirmed
1994-05-13,-0.717,Federal Reserve Bank of Chicago / FRED,NFCI,FRED public CSV · long-history backfill,2026-09-13T12:56:40+08:00,confirmed
1994-05-20,-0.718,Federal Reserve Bank of Chicago / FRED,NFCI,FRED public CSV · long-history backfill,2026-09-13T12:56:40+08:00,confirmed
1994-05-27,-0.719,Federal Reserve Bank of Chicago / FRED,NFCI,FRED public CSV · long-history backfill,2026-09-13T12:56:40+08:00,confirmed
1994-06-03,-0.718,Federal Reserve Bank of Chicago / FRED,NFCI,FRED public CSV · long-history backfill,2026-09-13T12:57:36+08:00,confirmed
1994-06-10,-0.717,Federal Reserve Bank of Chicago / FRED,NFCI,FRED public CSV · long-history backfill,2026-09-13T12:56:40+08:00,confirmed
1994-06-17,-0.715,Federal Reserve Bank of Chicago / FRED,NFCI,FRED public CSV · long-history backfill,2026-09-13T12:57:36+08:00,confirmed
1994-06-24,-0.714,Federal Reserve Bank of Chicago / FRED,NFCI,FRED public CSV · long-history backfill,2026-09-13T12:56:40+08:00,confirmed
1994-07-01,-0.716,Federal Reserve Bank of Chicago / FRED,NFCI,FRED public CSV · long-history backfill,2026-09-13T12:57:36+08:00,confirmed
1994-07-08,-0.723,Federal Reserve Bank of Chicago / FRED,NFCI,FRED public CSV · long-history backfill,2026-09-13T12:57:36+08:00,confirmed
1994-07-15,-0.735,Federal Reserve Bank of Chicago / FRED,NFCI,FRED public CSV · long-history backfill,2026-09-13T12:56:40+08:00,confirmed
1994-07-22,-0.752,Federal Reserve Bank of Chicago / FRED,NFCI,FRED public CSV · long-history backfill,2026-09-13T12:56:40+08:00,confirmed
1994-07-29,-0.77,Federal Reserve Bank of Chicago / FRED,NFCI,FRED public CSV · long-history backfill,2026-09-13T12:56:40+08:00,confirmed
1994-08-05,-0.786,Federal Reserve Bank of Chicago / FRED,NFCI,FRED public CSV · long-history backfill,2026-09-13T12:56:40+08:00,confirmed
1994-08-12,-0.8,Federal Reserve Bank of Chicago / FRED,NFCI,FRED public CSV · long-history backfill,2026-09-13T12:56:40+08:00,confirmed
1994-08-19,-0.807,Federal Reserve Bank of Chicago / FRED,NFCI,FRED public CSV · long-history backfill,2026-09-13T12:56:40+08:00,confirmed
1994-08-26,-0.806,Federal Reserve Bank of Chicago / FRED,NFCI,FRED public CSV · long-history backfill,2026-09-13T12:57:36+08:00,confirmed
1994-09-02,-0.796,Federal Reserve Bank of Chicago / FRED,NFCI,FRED public CSV · long-history backfill,2026-09-13T12:56:40+08:00,confirmed
1994-09-09,-0.778,Federal Reserve Bank of Chicago / FRED,NFCI,FRED public CSV · long-history backfill,2026-09-13T12:57:36+08:00,confirmed
1994-09-16,-0.753,Federal Reserve Bank of Chicago / FRED,NFCI,FRED public CSV · long-history backfill,2026-09-13T12:56:40+08:00,confirmed
1994-09-23,-0.724,Federal Reserve Bank of Chicago / FRED,NFCI,FRED public CSV · long-history backfill,2026-09-13T12:56:40+08:00,confirmed
1994-09-30,-0.693,Federal Reserve Bank of Chicago / FRED,NFCI,FRED public CSV · long-history backfill,2026-09-13T12:57:36+08:00,confirmed
1994-10-07,-0.665,Federal Reserve Bank of Chicago / FRED,NFCI,FRED public CSV · long-history backfill,2026-09-13T12:56:40+08:00,confirmed
1994-10-14,-0.641,Federal Reserve Bank of Chicago / FRED,NFCI,FRED public CSV · long-history backfill,2026-09-13T12:57:36+08:00,confirmed
1994-10-21,-0.62,Federal Reserve Bank of Chicago / FRED,NFCI,FRED public CSV · long-history backfill,2026-09-13T12:57:36+08:00,confirmed
1994-10-28,-0.6,Federal Reserve Bank of Chicago / FRED,NFCI,FRED public CSV · long-history backfill,2026-09-13T12:56:40+08:00,confirmed
1994-11-04,-0.579,Federal Reserve Bank of Chicago / FRED,NFCI,FRED public CSV · long-history backfill,2026-09-13T12:56:40+08:00,confirmed
1994-11-11,-0.557,Federal Reserve Bank of Chicago / FRED,NFCI,FRED public CSV · long-history backfill,2026-09-13T12:57:36+08:00,confirmed
1994-11-18,-0.531,Federal Reserve Bank of Chicago / FRED,NFCI,FRED public CSV · long-history backfill,2026-09-13T12:57:36+08:00,confirmed
1994-11-25,-0.502,Federal Reserve Bank of Chicago / FRED,NFCI,FRED public CSV · long-history backfill,2026-09-13T12:57:36+08:00,confirmed
1994-12-02,-0.471,Federal Reserve Bank of Chicago / FRED,NFCI,FRED public CSV · long-history backfill,2026-09-13T12:56:40+08:00,confirmed
1994-12-09,-0.442,Federal Reserve Bank of Chicago / FRED,NFCI,FRED public CSV · long-history backfill,2026-09-13T12:56:40+08:00,confirmed
1994-12-16,-0.419,Federal Reserve Bank of Chicago / FRED,NFCI,FRED public CSV · long-history backfill,2026-09-13T12:56:40+08:00,confirmed
1994-12-23,-0.405,Federal Reserve Bank of Chicago / FRED,NFCI,FRED public CSV · long-history backfill,2026-09-13T12:57:36+08:00,confirmed
1994-12-30,-0.403,Federal Reserve Bank of Chicago / FRED,NFCI,FRED public CSV · long-history backfill,2026-09-13T12:57:36+08:00,confirmed
1995-01-06,-0.414,Federal Reserve Bank of Chicago / FRED,NFCI,FRED public CSV · long-history backfill,2026-09-13T12:56:40+08:00,confirmed
1995-01-13,-0.437,Federal Reserve Bank of Chicago / FRED,NFCI,FRED public CSV · long-history backfill,2026-09-13T12:56:40+08:00,confirmed
1995-01-20,-0.468,Federal Reserve Bank of Chicago / FRED,NFCI,FRED public CSV · long-history backfill,2026-09-13T12:57:36+08:00,confirmed
1995-01-27,-0.504,Federal Reserve Bank of Chicago / FRED,NFCI,FRED public CSV · long-history backfill,2026-09-13T12:56:40+08:00,confirmed
1995-02-03,-0.54,Federal Reserve Bank of Chicago / FRED,NFCI,FRED public CSV · long-history backfill,2026-09-13T12:56:40+08:00,confirmed
1995-02-10,-0.573,Federal Reserve Bank of Chicago / FRED,NFCI,FRED public CSV · long-history backfill,2026-09-13T12:56:40+08:00,confirmed
1995-02-17,-0.601,Federal Reserve Bank of Chicago / FRED,NFCI,FRED public CSV · long-history backfill,2026-09-13T12:57:36+08:00,confirmed
1995-02-24,-0.621,Federal Reserve Bank of Chicago / FRED,NFCI,FRED public CSV · long-history backfill,2026-09-13T12:56:40+08:00,confirmed
1995-03-03,-0.632,Federal Reserve Bank of Chicago / FRED,NFCI,FRED public CSV · long-history backfill,2026-09-13T12:57:36+08:00,confirmed
1995-03-10,-0.637,Federal Reserve Bank of Chicago / FRED,NFCI,FRED public CSV · long-history backfill,2026-09-13T12:56:40+08:00,confirmed
1995-03-17,-0.638,Federal Reserve Bank of Chicago / FRED,NFCI,FRED public CSV · long-history backfill,2026-09-13T12:57:36+08:00,confirmed
1995-03-24,-0.637,Federal Reserve Bank of Chicago / FRED,NFCI,FRED public CSV · long-history backfill,2026-09-13T12:57:36+08:00,confirmed
1995-03-31,-0.637,Federal Reserve Bank of Chicago / FRED,NFCI,FRED public CSV · long-history backfill,2026-09-13T12:56:40+08:00,confirmed
1995-04-07,-0.639,Federal Reserve Bank of Chicago / FRED,NFCI,FRED public CSV · long-history backfill,2026-09-13T12:57:36+08:00,confirmed
1995-04-14,-0.646,Federal Reserve Bank of Chicago / FRED,NFCI,FRED public CSV · long-history backfill,2026-09-13T12:57:36+08:00,confirmed
1995-04-21,-0.656,Federal Reserve Bank of Chicago / FRED,NFCI,FRED public CSV · long-history backfill,2026-09-13T12:56:40+08:00,confirmed
1995-04-28,-0.669,Federal Reserve Bank of Chicago / FRED,NFCI,FRED public CSV · long-history backfill,2026-09-13T12:56:40+08:00,confirmed
1995-05-05,-0.683,Federal Reserve Bank of Chicago / FRED,NFCI,FRED public CSV · long-history backfill,2026-09-13T12:57:36+08:00,confirmed
1995-05-12,-0.696,Federal Reserve Bank of Chicago / FRED,NFCI,FRED public CSV · long-history backfill,2026-09-13T12:57:36+08:00,confirmed
1995-05-19,-0.705,Federal Reserve Bank of Chicago / FRED,NFCI,FRED public CSV · long-history backfill,2026-09-13T12:56:40+08:00,confirmed
1995-05-26,-0.708,Federal Reserve Bank of Chicago / FRED,NFCI,FRED public CSV · long-history backfill,2026-09-13T12:56:40+08:00,confirmed
1995-06-02,-0.705,Federal Reserve Bank of Chicago / FRED,NFCI,FRED public CSV · long-history backfill,2026-09-13T12:56:40+08:00,confirmed
1995-06-09,-0.697,Federal Reserve Bank of Chicago / FRED,NFCI,FRED public CSV · long-history backfill,2026-09-13T12:56:40+08:00,confirmed
1995-06-16,-0.687,Federal Reserve Bank of Chicago / FRED,NFCI,FRED public CSV · long-history backfill,2026-09-13T12:57:36+08:00,confirmed
1995-06-23,-0.676,Federal Reserve Bank of Chicago / FRED,NFCI,FRED public CSV · long-history backfill,2026-09-13T12:56:40+08:00,confirmed
1995-06-30,-0.668,Federal Reserve Bank of Chicago / FRED,NFCI,FRED public CSV · long-history backfill,2026-09-13T12:56:40+08:00,confirmed
1995-07-07,-0.663,Federal Reserve Bank of Chicago / FRED,NFCI,FRED public CSV · long-history backfill,2026-09-13T12:56:40+08:00,confirmed
1995-07-14,-0.664,Federal Reserve Bank of Chicago / FRED,NFCI,FRED public CSV · long-history backfill,2026-09-13T12:57:36+08:00,confirmed
1995-07-21,-0.669,Federal Reserve Bank of Chicago / FRED,NFCI,FRED public CSV · long-history backfill,2026-09-13T12:56:40+08:00,confirmed
1995-07-28,-0.676,Federal Reserve Bank of Chicago / FRED,NFCI,FRED public CSV · long-history backfill,2026-09-13T12:56:40+08:00,confirmed
1995-08-04,-0.686,Federal Reserve Bank of Chicago / FRED,NFCI,FRED public CSV · long-history backfill,2026-09-13T12:56:40+08:00,confirmed
1995-08-11,-0.695,Federal Reserve Bank of Chicago / FRED,NFCI,FRED public CSV · long-history backfill,2026-09-13T12:56:40+08:00,confirmed
1995-08-18,-0.703,Federal Reserve Bank of Chicago / FRED,NFCI,FRED public CSV · long-history backfill,2026-09-13T12:56:40+08:00,confirmed
1995-08-25,-0.708,Federal Reserve Bank of Chicago / FRED,NFCI,FRED public CSV · long-history backfill,2026-09-13T12:56:40+08:00,confirmed
1995-09-01,-0.709,Federal Reserve Bank of Chicago / FRED,NFCI,FRED public CSV · long-history backfill,2026-09-13T12:56:40+08:00,confirmed
1995-09-08,-0.707,Federal Reserve Bank of Chicago / FRED,NFCI,FRED public CSV · long-history backfill,2026-09-13T12:56:40+08:00,confirmed
1995-09-15,-0.703,Federal Reserve Bank of Chicago / FRED,NFCI,FRED public CSV · long-history backfill,2026-09-13T12:56:40+08:00,confirmed
1995-09-22,-0.698,Federal Reserve Bank of Chicago / FRED,NFCI,FRED public CSV · long-history backfill,2026-09-13T12:56:40+08:00,confirmed
1995-09-29,-0.693,Federal Reserve Bank of Chicago / FRED,NFCI,FRED public CSV · long-history backfill,2026-09-13T12:57:36+08:00,confirmed
1995-10-06,-0.692,Federal Reserve Bank of Chicago / FRED,NFCI,FRED public CSV · long-history backfill,2026-09-13T12:56:40+08:00,confirmed
1995-10-13,-0.694,Federal Reserve Bank of Chicago / FRED,NFCI,FRED public CSV · long-history backfill,2026-09-13T12:56:40+08:00,confirmed
1995-10-20,-0.7,Federal Reserve Bank of Chicago / FRED,NFCI,FRED public CSV · long-history backfill,2026-09-13T12:57:36+08:00,confirmed
1995-10-27,-0.709,Federal Reserve Bank of Chicago / FRED,NFCI,FRED public CSV · long-history backfill,2026-09-13T12:56:40+08:00,confirmed
1995-11-03,-0.721,Federal Reserve Bank of Chicago / FRED,NFCI,FRED public CSV · long-history backfill,2026-09-13T12:56:40+08:00,confirmed
1995-11-10,-0.733,Federal Reserve Bank of Chicago / FRED,NFCI,FRED public CSV · long-history backfill,2026-09-13T12:56:40+08:00,confirmed
1995-11-17,-0.742,Federal Reserve Bank of Chicago / FRED,NFCI,FRED public CSV · long-history backfill,2026-09-13T12:57:36+08:00,confirmed
1995-11-24,-0.748,Federal Reserve Bank of Chicago / FRED,NFCI,FRED public CSV · long-history backfill,2026-09-13T12:56:40+08:00,confirmed
1995-12-01,-0.749,Federal Reserve Bank of Chicago / FRED,NFCI,FRED public CSV · long-history backfill,2026-09-13T12:56:40+08:00,confirmed
1995-12-08,-0.747,Federal Reserve Bank of Chicago / FRED,NFCI,FRED public CSV · long-history backfill,2026-09-13T12:56:40+08:00,confirmed
1995-12-15,-0.743,Federal Reserve Bank of Chicago / FRED,NFCI,FRED public CSV · long-history backfill,2026-09-13T12:57:36+08:00,confirmed
1995-12-22,-0.739,Federal Reserve Bank of Chicago / FRED,NFCI,FRED public CSV · long-history backfill,2026-09-13T12:56:40+08:00,confirmed
1995-12-29,-0.739,Federal Reserve Bank of Chicago / FRED,NFCI,FRED public CSV · long-history backfill,2026-09-13T12:56:40+08:00,confirmed
1996-01-05,-0.745,Federal Reserve Bank of Chicago / FRED,NFCI,FRED public CSV · long-history backfill,2026-09-13T12:56:40+08:00,confirmed
1996-01-12,-0.756,Federal Reserve Bank of Chicago / FRED,NFCI,FRED public CSV · long-history backfill,2026-09-13T12:56:40+08:00,confirmed
1996-01-19,-0.771,Federal Reserve Bank of Chicago / FRED,NFCI,FRED public CSV · long-history backfill,2026-09-13T12:56:40+08:00,confirmed
1996-01-26,-0.789,Federal Reserve Bank of Chicago / FRED,NFCI,FRED public CSV · long-history backfill,2026-09-13T12:57:36+08:00,confirmed
1996-02-02,-0.805,Federal Reserve Bank of Chicago / FRED,NFCI,FRED public CSV · long-history backfill,2026-09-13T12:56:40+08:00,confirmed
1996-02-09,-0.817,Federal Reserve Bank of Chicago / FRED,NFCI,FRED public CSV · long-history backfill,2026-09-13T12:57:36+08:00,confirmed
1996-02-16,-0.821,Federal Reserve Bank of Chicago / FRED,NFCI,FRED public CSV · long-history backfill,2026-09-13T12:56:40+08:00,confirmed
1996-02-23,-0.817,Federal Reserve Bank of Chicago / FRED,NFCI,FRED public CSV · long-history backfill,2026-09-13T12:56:40+08:00,confirmed
1996-03-01,-0.804,Federal Reserve Bank of Chicago / FRED,NFCI,FRED public CSV · long-history backfill,2026-09-13T12:56:40+08:00,confirmed
1996-03-08,-0.784,Federal Reserve Bank of Chicago / FRED,NFCI,FRED public CSV · long-history backfill,2026-09-13T12:57:36+08:00,confirmed
1996-03-15,-0.761,Federal Reserve Bank of Chicago / FRED,NFCI,FRED public CSV · long-history backfill,2026-09-13T12:56:40+08:00,confirmed
1996-03-22,-0.737,Federal Reserve Bank of Chicago / FRED,NFCI,FRED public CSV · long-history backfill,2026-09-13T12:56:40+08:00,confirmed
1996-03-29,-0.716,Federal Reserve Bank of Chicago / FRED,NFCI,FRED public CSV · long-history backfill,2026-09-13T12:56:40+08:00,confirmed
1996-04-05,-0.699,Federal Reserve Bank of Chicago / FRED,NFCI,FRED public CSV · long-history backfill,2026-09-13T12:57:36+08:00,confirmed
1996-04-12,-0.686,Federal Reserve Bank of Chicago / FRED,NFCI,FRED public CSV · long-history backfill,2026-09-13T12:56:40+08:00,confirmed
1996-04-19,-0.681,Federal Reserve Bank of Chicago / FRED,NFCI,FRED public CSV · long-history backfill,2026-09-13T12:56:40+08:00,confirmed
1996-04-26,-0.682,Federal Reserve Bank of Chicago / FRED,NFCI,FRED public CSV · long-history backfill,2026-09-13T12:56:40+08:00,confirmed
1996-05-03,-0.688,Federal Reserve Bank of Chicago / FRED,NFCI,FRED public CSV · long-history backfill,2026-09-13T12:57:36+08:00,confirmed
1996-05-10,-0.696,Federal Reserve Bank of Chicago / FRED,NFCI,FRED public CSV · long-history backfill,2026-09-13T12:56:40+08:00,confirmed
1996-05-17,-0.705,Federal Reserve Bank of Chicago / FRED,NFCI,FRED public CSV · long-history backfill,2026-09-13T12:56:40+08:00,confirmed
1996-05-24,-0.711,Federal Reserve Bank of Chicago / FRED,NFCI,FRED public CSV · long-history backfill,2026-09-13T12:56:40+08:00,confirmed
1996-05-31,-0.714,Federal Reserve Bank of Chicago / FRED,NFCI,FRED public CSV · long-history backfill,2026-09-13T12:56:40+08:00,confirmed
1996-06-07,-0.712,Federal Reserve Bank of Chicago / FRED,NFCI,FRED public CSV · long-history backfill,2026-09-13T12:56:40+08:00,confirmed
1996-06-14,-0.708,Federal Reserve Bank of Chicago / FRED,NFCI,FRED public CSV · long-history backfill,2026-09-13T12:56:40+08:00,confirmed
1996-06-21,-0.702,Federal Reserve Bank of Chicago / FRED,NFCI,FRED public CSV · long-history backfill,2026-09-13T12:56:40+08:00,confirmed
1996-06-28,-0.698,Federal Reserve Bank of Chicago / FRED,NFCI,FRED public CSV · long-history backfill,2026-09-13T12:57:36+08:00,confirmed
1996-07-05,-0.695,Federal Reserve Bank of Chicago / FRED,NFCI,FRED public CSV · long-history backfill,2026-09-13T12:57:36+08:00,confirmed
1996-07-12,-0.696,Federal Reserve Bank of Chicago / FRED,NFCI,FRED public CSV · long-history backfill,2026-09-13T12:57:36+08:00,confirmed
1996-07-19,-0.7,Federal Reserve Bank of Chicago / FRED,NFCI,FRED public CSV · long-history backfill,2026-09-13T12:57:36+08:00,confirmed
1996-07-26,-0.708,Federal Reserve Bank of Chicago / FRED,NFCI,FRED public CSV · long-history backfill,2026-09-13T12:56:40+08:00,confirmed
1996-08-02,-0.718,Federal Reserve Bank of Chicago / FRED,NFCI,FRED public CSV · long-history backfill,2026-09-13T12:56:40+08:00,confirmed
1996-08-09,-0.729,Federal Reserve Bank of Chicago / FRED,NFCI,FRED public CSV · long-history backfill,2026-09-13T12:56:40+08:00,confirmed
1996-08-16,-0.737,Federal Reserve Bank of Chicago / FRED,NFCI,FRED public CSV · long-history backfill,2026-09-13T12:56:40+08:00,confirmed
1996-08-23,-0.741,Federal Reserve Bank of Chicago / FRED,NFCI,FRED public CSV · long-history backfill,2026-09-13T12:56:40+08:00,confirmed
1996-08-30,-0.741,Federal Reserve Bank of Chicago / FRED,NFCI,FRED public CSV · long-history backfill,2026-09-13T12:56:40+08:00,confirmed
1996-09-06,-0.738,Federal Reserve Bank of Chicago / FRED,NFCI,FRED public CSV · long-history backfill,2026-09-13T12:56:40+08:00,confirmed
1996-09-13,-0.733,Federal Reserve Bank of Chicago / FRED,NFCI,FRED public CSV · long-history backfill,2026-09-13T12:56:40+08:00,confirmed
1996-09-20,-0.729,Federal Reserve Bank of Chicago / FRED,NFCI,FRED public CSV · long-history backfill,2026-09-13T12:56:40+08:00,confirmed
1996-09-27,-0.728,Federal Reserve Bank of Chicago / FRED,NFCI,FRED public CSV · long-history backfill,2026-09-13T12:56:40+08:00,confirmed
1996-10-04,-0.731,Federal Reserve Bank of Chicago / FRED,NFCI,FRED public CSV · long-history backfill,2026-09-13T12:56:40+08:00,confirmed
1996-10-11,-0.739,Federal Reserve Bank of Chicago / FRED,NFCI,FRED public CSV · long-history backfill,2026-09-13T12:56:40+08:00,confirmed
1996-10-18,-0.75,Federal Reserve Bank of Chicago / FRED,NFCI,FRED public CSV · long-history backfill,2026-09-13T12:56:40+08:00,confirmed
1996-10-25,-0.761,Federal Reserve Bank of Chicago / FRED,NFCI,FRED public CSV · long-history backfill,2026-09-13T12:57:36+08:00,confirmed
1996-11-01,-0.772,Federal Reserve Bank of Chicago / FRED,NFCI,FRED public CSV · long-history backfill,2026-09-13T12:56:40+08:00,confirmed
1996-11-08,-0.78,Federal Reserve Bank of Chicago / FRED,NFCI,FRED public CSV · long-history backfill,2026-09-13T12:56:40+08:00,confirmed
1996-11-15,-0.782,Federal Reserve Bank of Chicago / FRED,NFCI,FRED public CSV · long-history backfill,2026-09-13T12:57:36+08:00,confirmed
1996-11-22,-0.777,Federal Reserve Bank of Chicago / FRED,NFCI,FRED public CSV · long-history backfill,2026-09-13T12:56:40+08:00,confirmed
1996-11-29,-0.767,Federal Reserve Bank of Chicago / FRED,NFCI,FRED public CSV · long-history backfill,2026-09-13T12:56:40+08:00,confirmed
1996-12-06,-0.751,Federal Reserve Bank of Chicago / FRED,NFCI,FRED public CSV · long-history backfill,2026-09-13T12:57:36+08:00,confirmed
1996-12-13,-0.733,Federal Reserve Bank of Chicago / FRED,NFCI,FRED public CSV · long-history backfill,2026-09-13T12:56:40+08:00,confirmed
1996-12-20,-0.716,Federal Reserve Bank of Chicago / FRED,NFCI,FRED public CSV · long-history backfill,2026-09-13T12:57:36+08:00,confirmed
1996-12-27,-0.702,Federal Reserve Bank of Chicago / FRED,NFCI,FRED public CSV · long-history backfill,2026-09-13T12:56:40+08:00,confirmed
1997-01-03,-0.692,Federal Reserve Bank of Chicago / FRED,NFCI,FRED public CSV · long-history backfill,2026-09-13T12:56:40+08:00,confirmed
1997-01-10,-0.688,Federal Reserve Bank of Chicago / FRED,NFCI,FRED public CSV · long-history backfill,2026-09-13T12:57:36+08:00,confirmed
1997-01-17,-0.689,Federal Reserve Bank of Chicago / FRED,NFCI,FRED public CSV · long-history backfill,2026-09-13T12:56:40+08:00,confirmed
1997-01-24,-0.696,Federal Reserve Bank of Chicago / FRED,NFCI,FRED public CSV · long-history backfill,2026-09-13T12:56:40+08:00,confirmed
1997-01-31,-0.706,Federal Reserve Bank of Chicago / FRED,NFCI,FRED public CSV · long-history backfill,2026-09-13T12:57:36+08:00,confirmed
1997-02-07,-0.716,Federal Reserve Bank of Chicago / FRED,NFCI,FRED public CSV · long-history backfill,2026-09-13T12:56:40+08:00,confirmed
1997-02-14,-0.726,Federal Reserve Bank of Chicago / FRED,NFCI,FRED public CSV · long-history backfill,2026-09-13T12:57:36+08:00,confirmed
1997-02-21,-0.732,Federal Reserve Bank of Chicago / FRED,NFCI,FRED public CSV · long-history backfill,2026-09-13T12:56:40+08:00,confirmed
1997-02-28,-0.732,Federal Reserve Bank of Chicago / FRED,NFCI,FRED public CSV · long-history backfill,2026-09-13T12:57:36+08:00,confirmed
1997-03-07,-0.727,Federal Reserve Bank of Chicago / FRED,NFCI,FRED public CSV · long-history backfill,2026-09-13T12:57:36+08:00,confirmed
1997-03-14,-0.717,Federal Reserve Bank of Chicago / FRED,NFCI,FRED public CSV · long-history backfill,2026-09-13T12:57:36+08:00,confirmed
1997-03-21,-0.703,Federal Reserve Bank of Chicago / FRED,NFCI,FRED public CSV · long-history backfill,2026-09-13T12:57:36+08:00,confirmed
1997-03-28,-0.687,Federal Reserve Bank of Chicago / FRED,NFCI,FRED public CSV · long-history backfill,2026-09-13T12:57:36+08:00,confirmed
1997-04-04,-0.671,Federal Reserve Bank of Chicago / FRED,NFCI,FRED public CSV · long-history backfill,2026-09-13T12:56:40+08:00,confirmed
1997-04-11,-0.657,Federal Reserve Bank of Chicago / FRED,NFCI,FRED public CSV · long-history backfill,2026-09-13T12:56:40+08:00,confirmed
1997-04-18,-0.645,Federal Reserve Bank of Chicago / FRED,NFCI,FRED public CSV · long-history backfill,2026-09-13T12:56:40+08:00,confirmed
1997-04-25,-0.635,Federal Reserve Bank of Chicago / FRED,NFCI,FRED public CSV · long-history backfill,2026-09-13T12:56:40+08:00,confirmed
1997-05-02,-0.629,Federal Reserve Bank of Chicago / FRED,NFCI,FRED public CSV · long-history backfill,2026-09-13T12:56:40+08:00,confirmed
1997-05-09,-0.625,Federal Reserve Bank of Chicago / FRED,NFCI,FRED public CSV · long-history backfill,2026-09-13T12:56:40+08:00,confirmed
1997-05-16,-0.624,Federal Reserve Bank of Chicago / FRED,NFCI,FRED public CSV · long-history backfill,2026-09-13T12:57:36+08:00,confirmed
1997-05-23,-0.624,Federal Reserve Bank of Chicago / FRED,NFCI,FRED public CSV · long-history backfill,2026-09-13T12:56:40+08:00,confirmed
1997-05-30,-0.624,Federal Reserve Bank of Chicago / FRED,NFCI,FRED public CSV · long-history backfill,2026-09-13T12:56:40+08:00,confirmed
1997-06-06,-0.626,Federal Reserve Bank of Chicago / FRED,NFCI,FRED public CSV · long-history backfill,2026-09-13T12:56:40+08:00,confirmed
1997-06-13,-0.629,Federal Reserve Bank of Chicago / FRED,NFCI,FRED public CSV · long-history backfill,2026-09-13T12:56:40+08:00,confirmed
1997-06-20,-0.633,Federal Reserve Bank of Chicago / FRED,NFCI,FRED public CSV · long-history backfill,2026-09-13T12:56:40+08:00,confirmed
1997-06-27,-0.637,Federal Reserve Bank of Chicago / FRED,NFCI,FRED public CSV · long-history backfill,2026-09-13T12:57:36+08:00,confirmed
1997-07-04,-0.643,Federal Reserve Bank of Chicago / FRED,NFCI,FRED public CSV · long-history backfill,2026-09-13T12:56:40+08:00,confirmed
1997-07-11,-0.648,Federal Reserve Bank of Chicago / FRED,NFCI,FRED public CSV · long-history backfill,2026-09-13T12:57:36+08:00,confirmed
1997-07-18,-0.652,Federal Reserve Bank of Chicago / FRED,NFCI,FRED public CSV · long-history backfill,2026-09-13T12:56:40+08:00,confirmed
1997-07-25,-0.655,Federal Reserve Bank of Chicago / FRED,NFCI,FRED public CSV · long-history backfill,2026-09-13T12:56:40+08:00,confirmed
1997-08-01,-0.656,Federal Reserve Bank of Chicago / FRED,NFCI,FRED public CSV · long-history backfill,2026-09-13T12:56:40+08:00,confirmed
1997-08-08,-0.656,Federal Reserve Bank of Chicago / FRED,NFCI,FRED public CSV · long-history backfill,2026-09-13T12:56:40+08:00,confirmed
1997-08-15,-0.654,Federal Reserve Bank of Chicago / FRED,NFCI,FRED public CSV · long-history backfill,2026-09-13T12:57:36+08:00,confirmed
1997-08-22,-0.65,Federal Reserve Bank of Chicago / FRED,NFCI,FRED public CSV · long-history backfill,2026-09-13T12:56:40+08:00,confirmed
1997-08-29,-0.645,Federal Reserve Bank of Chicago / FRED,NFCI,FRED public CSV · long-history backfill,2026-09-13T12:56:40+08:00,confirmed
1997-09-05,-0.639,Federal Reserve Bank of Chicago / FRED,NFCI,FRED public CSV · long-history backfill,2026-09-13T12:57:36+08:00,confirmed
1997-09-12,-0.632,Federal Reserve Bank of Chicago / FRED,NFCI,FRED public CSV · long-history backfill,2026-09-13T12:56:40+08:00,confirmed
1997-09-19,-0.623,Federal Reserve Bank of Chicago / FRED,NFCI,FRED public CSV · long-history backfill,2026-09-13T12:57:36+08:00,confirmed
1997-09-26,-0.61,Federal Reserve Bank of Chicago / FRED,NFCI,FRED public CSV · long-history backfill,2026-09-13T12:56:40+08:00,confirmed
1997-10-03,-0.595,Federal Reserve Bank of Chicago / FRED,NFCI,FRED public CSV · long-history backfill,2026-09-13T12:57:36+08:00,confirmed
1997-10-10,-0.576,Federal Reserve Bank of Chicago / FRED,NFCI,FRED public CSV · long-history backfill,2026-09-13T12:57:36+08:00,confirmed
1997-10-17,-0.554,Federal Reserve Bank of Chicago / FRED,NFCI,FRED public CSV · long-history backfill,2026-09-13T12:57:36+08:00,confirmed
1997-10-24,-0.531,Federal Reserve Bank of Chicago / FRED,NFCI,FRED public CSV · long-history backfill,2026-09-13T12:56:40+08:00,confirmed
1997-10-31,-0.508,Federal Reserve Bank of Chicago / FRED,NFCI,FRED public CSV · long-history backfill,2026-09-13T12:57:36+08:00,confirmed
1997-11-07,-0.491,Federal Reserve Bank of Chicago / FRED,NFCI,FRED public CSV · long-history backfill,2026-09-13T12:56:40+08:00,confirmed
1997-11-14,-0.477,Federal Reserve Bank of Chicago / FRED,NFCI,FRED public CSV · long-history backfill,2026-09-13T12:57:36+08:00,confirmed
1997-11-21,-0.47,Federal Reserve Bank of Chicago / FRED,NFCI,FRED public CSV · long-history backfill,2026-09-13T12:56:40+08:00,confirmed
1997-11-28,-0.47,Federal Reserve Bank of Chicago / FRED,NFCI,FRED public CSV · long-history backfill,2026-09-13T12:56:40+08:00,confirmed
1997-12-05,-0.475,Federal Reserve Bank of Chicago / FRED,NFCI,FRED public CSV · long-history backfill,2026-09-13T12:57:36+08:00,confirmed
1997-12-12,-0.483,Federal Reserve Bank of Chicago / FRED,NFCI,FRED public CSV · long-history backfill,2026-09-13T12:57:36+08:00,confirmed
1997-12-19,-0.495,Federal Reserve Bank of Chicago / FRED,NFCI,FRED public CSV · long-history backfill,2026-09-13T12:56:40+08:00,confirmed
1997-12-26,-0.51,Federal Reserve Bank of Chicago / FRED,NFCI,FRED public CSV · long-history backfill,2026-09-13T12:57:36+08:00,confirmed
1998-01-02,-0.527,Federal Reserve Bank of Chicago / FRED,NFCI,FRED public CSV · long-history backfill,2026-09-13T12:56:40+08:00,confirmed
1998-01-09,-0.544,Federal Reserve Bank of Chicago / FRED,NFCI,FRED public CSV · long-history backfill,2026-09-13T12:57:36+08:00,confirmed
1998-01-16,-0.563,Federal Reserve Bank of Chicago / FRED,NFCI,FRED public CSV · long-history backfill,2026-09-13T12:56:40+08:00,confirmed
1998-01-23,-0.581,Federal Reserve Bank of Chicago / FRED,NFCI,FRED public CSV · long-history backfill,2026-09-13T12:56:40+08:00,confirmed
1998-01-30,-0.598,Federal Reserve Bank of Chicago / FRED,NFCI,FRED public CSV · long-history backfill,2026-09-13T12:57:36+08:00,confirmed
1998-02-06,-0.613,Federal Reserve Bank of Chicago / FRED,NFCI,FRED public CSV · long-history backfill,2026-09-13T12:57:36+08:00,confirmed
1998-02-13,-0.625,Federal Reserve Bank of Chicago / FRED,NFCI,FRED public CSV · long-history backfill,2026-09-13T12:56:40+08:00,confirmed
1998-02-20,-0.634,Federal Reserve Bank of Chicago / FRED,NFCI,FRED public CSV · long-history backfill,2026-09-13T12:57:36+08:00,confirmed
1998-02-27,-0.638,Federal Reserve Bank of Chicago / FRED,NFCI,FRED public CSV · long-history backfill,2026-09-13T12:56:40+08:00,confirmed
1998-03-06,-0.638,Federal Reserve Bank of Chicago / FRED,NFCI,FRED public CSV · long-history backfill,2026-09-13T12:56:40+08:00,confirmed
1998-03-13,-0.635,Federal Reserve Bank of Chicago / FRED,NFCI,FRED public CSV · long-history backfill,2026-09-13T12:56:40+08:00,confirmed
1998-03-20,-0.631,Federal Reserve Bank of Chicago / FRED,NFCI,FRED public CSV · long-history backfill,2026-09-13T12:57:36+08:00,confirmed
1998-03-27,-0.625,Federal Reserve Bank of Chicago / FRED,NFCI,FRED public CSV · long-history backfill,2026-09-13T12:57:36+08:00,confirmed
1998-04-03,-0.62,Federal Reserve Bank of Chicago / FRED,NFCI,FRED public CSV · long-history backfill,2026-09-13T12:57:36+08:00,confirmed
1998-04-10,-0.615,Federal Reserve Bank of Chicago / FRED,NFCI,FRED public CSV · long-history backfill,2026-09-13T12:56:40+08:00,confirmed
1998-04-17,-0.609,Federal Reserve Bank of Chicago / FRED,NFCI,FRED public CSV · long-history backfill,2026-09-13T12:57:36+08:00,confirmed
1998-04-24,-0.603,Federal Reserve Bank of Chicago / FRED,NFCI,FRED public CSV · long-history backfill,2026-09-13T12:56:40+08:00,confirmed
1998-05-01,-0.597,Federal Reserve Bank of Chicago / FRED,NFCI,FRED public CSV · long-history backfill,2026-09-13T12:56:40+08:00,confirmed
1998-05-08,-0.59,Federal Reserve Bank of Chicago / FRED,NFCI,FRED public CSV · long-history backfill,2026-09-13T12:56:40+08:00,confirmed
1998-05-15,-0.583,Federal Reserve Bank of Chicago / FRED,NFCI,FRED public CSV · long-history backfill,2026-09-13T12:56:40+08:00,confirmed
1998-05-22,-0.577,Federal Reserve Bank of Chicago / FRED,NFCI,FRED public CSV · long-history backfill,2026-09-13T12:56:40+08:00,confirmed
1998-05-29,-0.569,Federal Reserve Bank of Chicago / FRED,NFCI,FRED public CSV · long-history backfill,2026-09-13T12:56:40+08:00,confirmed
1998-06-05,-0.563,Federal Reserve Bank of Chicago / FRED,NFCI,FRED public CSV · long-history backfill,2026-09-13T12:57:36+08:00,confirmed
1998-06-12,-0.558,Federal Reserve Bank of Chicago / FRED,NFCI,FRED public CSV · long-history backfill,2026-09-13T12:57:36+08:00,confirmed
1998-06-19,-0.555,Federal Reserve Bank of Chicago / FRED,NFCI,FRED public CSV · long-history backfill,2026-09-13T12:56:40+08:00,confirmed
1998-06-26,-0.554,Federal Reserve Bank of Chicago / FRED,NFCI,FRED public CSV · long-history backfill,2026-09-13T12:57:36+08:00,confirmed
1998-07-03,-0.554,Federal Reserve Bank of Chicago / FRED,NFCI,FRED public CSV · long-history backfill,2026-09-13T12:56:40+08:00,confirmed
1998-07-10,-0.551,Federal Reserve Bank of Chicago / FRED,NFCI,FRED public CSV · long-history backfill,2026-09-13T12:56:40+08:00,confirmed
1998-07-17,-0.545,Federal Reserve Bank of Chicago / FRED,NFCI,FRED public CSV · long-history backfill,2026-09-13T12:56:40+08:00,confirmed
1998-07-24,-0.531,Federal Reserve Bank of Chicago / FRED,NFCI,FRED public CSV · long-history backfill,2026-09-13T12:57:36+08:00,confirmed
1998-07-31,-0.508,Federal Reserve Bank of Chicago / FRED,NFCI,FRED public CSV · long-history backfill,2026-09-13T12:56:40+08:00,confirmed
1998-08-07,-0.474,Federal Reserve Bank of Chicago / FRED,NFCI,FRED public CSV · long-history backfill,2026-09-13T12:56:40+08:00,confirmed
1998-08-14,-0.428,Federal Reserve Bank of Chicago / FRED,NFCI,FRED public CSV · long-history backfill,2026-09-13T12:56:40+08:00,confirmed
1998-08-21,-0.372,Federal Reserve Bank of Chicago / FRED,NFCI,FRED public CSV · long-history backfill,2026-09-13T12:57:36+08:00,confirmed
1998-08-28,-0.309,Federal Reserve Bank of Chicago / FRED,NFCI,FRED public CSV · long-history backfill,2026-09-13T12:56:40+08:00,confirmed
1998-09-04,-0.242,Federal Reserve Bank of Chicago / FRED,NFCI,FRED public CSV · long-history backfill,2026-09-13T12:57:36+08:00,confirmed
1998-09-11,-0.176,Federal Reserve Bank of Chicago / FRED,NFCI,FRED public CSV · long-history backfill,2026-09-13T12:57:36+08:00,confirmed
1998-09-18,-0.113,Federal Reserve Bank of Chicago / FRED,NFCI,FRED public CSV · long-history backfill,2026-09-13T12:57:36+08:00,confirmed
1998-09-25,-0.058,Federal Reserve Bank of Chicago / FRED,NFCI,FRED public CSV · long-history backfill,2026-09-13T12:57:36+08:00,confirmed
1998-10-02,-0.014,Federal Reserve Bank of Chicago / FRED,NFCI,FRED public CSV · long-history backfill,2026-09-13T12:57:36+08:00,confirmed
1998-10-09,0.016,Federal Reserve Bank of Chicago / FRED,NFCI,FRED public CSV · long-history backfill,2026-09-13T12:56:40+08:00,confirmed
1998-10-16,0.029,Federal Reserve Bank of Chicago / FRED,NFCI,FRED public CSV · long-history backfill,2026-09-13T12:57:36+08:00,confirmed
1998-10-23,0.024,Federal Reserve Bank of Chicago / FRED,NFCI,FRED public CSV · long-history backfill,2026-09-13T12:56:40+08:00,confirmed
1998-10-30,0.005,Federal Reserve Bank of Chicago / FRED,NFCI,FRED public CSV · long-history backfill,2026-09-13T12:56:40+08:00,confirmed
1998-11-06,-0.021,Federal Reserve Bank of Chicago / FRED,NFCI,FRED public CSV · long-history backfill,2026-09-13T12:56:40+08:00,confirmed
1998-11-13,-0.05,Federal Reserve Bank of Chicago / FRED,NFCI,FRED public CSV · long-history backfill,2026-09-13T12:56:40+08:00,confirmed
1998-11-20,-0.08,Federal Reserve Bank of Chicago / FRED,NFCI,FRED public CSV · long-history backfill,2026-09-13T12:56:40+08:00,confirmed
1998-11-27,-0.106,Federal Reserve Bank of Chicago / FRED,NFCI,FRED public CSV · long-history backfill,2026-09-13T12:56:40+08:00,confirmed
1998-12-04,-0.128,Federal Reserve Bank of Chicago / FRED,NFCI,FRED public CSV · long-history backfill,2026-09-13T12:56:40+08:00,confirmed
1998-12-11,-0.148,Federal Reserve Bank of Chicago / FRED,NFCI,FRED public CSV · long-history backfill,2026-09-13T12:56:40+08:00,confirmed
1998-12-18,-0.167,Federal Reserve Bank of Chicago / FRED,NFCI,FRED public CSV · long-history backfill,2026-09-13T12:56:40+08:00,confirmed
1998-12-25,-0.185,Federal Reserve Bank of Chicago / FRED,NFCI,FRED public CSV · long-history backfill,2026-09-13T12:57:36+08:00,confirmed
1999-01-01,-0.202,Federal Reserve Bank of Chicago / FRED,NFCI,FRED public CSV · long-history backfill,2026-09-13T12:56:40+08:00,confirmed
1999-01-08,-0.217,Federal Reserve Bank of Chicago / FRED,NFCI,FRED public CSV · long-history backfill,2026-09-13T12:56:40+08:00,confirmed
1999-01-15,-0.233,Federal Reserve Bank of Chicago / FRED,NFCI,FRED public CSV · long-history backfill,2026-09-13T12:56:40+08:00,confirmed
1999-01-22,-0.25,Federal Reserve Bank of Chicago / FRED,NFCI,FRED public CSV · long-history backfill,2026-09-13T12:57:36+08:00,confirmed
1999-01-29,-0.269,Federal Reserve Bank of Chicago / FRED,NFCI,FRED public CSV · long-history backfill,2026-09-13T12:56:40+08:00,confirmed
1999-02-05,-0.289,Federal Reserve Bank of Chicago / FRED,NFCI,FRED public CSV · long-history backfill,2026-09-13T12:56:40+08:00,confirmed
1999-02-12,-0.31,Federal Reserve Bank of Chicago / FRED,NFCI,FRED public CSV · long-history backfill,2026-09-13T12:56:40+08:00,confirmed
1999-02-19,-0.331,Federal Reserve Bank of Chicago / FRED,NFCI,FRED public CSV · long-history backfill,2026-09-13T12:57:36+08:00,confirmed
1999-02-26,-0.351,Federal Reserve Bank of Chicago / FRED,NFCI,FRED public CSV · long-history backfill,2026-09-13T12:56:40+08:00,confirmed
1999-03-05,-0.368,Federal Reserve Bank of Chicago / FRED,NFCI,FRED public CSV · long-history backfill,2026-09-13T12:57:36+08:00,confirmed
1999-03-12,-0.382,Federal Reserve Bank of Chicago / FRED,NFCI,FRED public CSV · long-history backfill,2026-09-13T12:56:40+08:00,confirmed
1999-03-19,-0.393,Federal Reserve Bank of Chicago / FRED,NFCI,FRED public CSV · long-history backfill,2026-09-13T12:57:36+08:00,confirmed
1999-03-26,-0.402,Federal Reserve Bank of Chicago / FRED,NFCI,FRED public CSV · long-history backfill,2026-09-13T12:57:36+08:00,confirmed
1999-04-02,-0.409,Federal Reserve Bank of Chicago / FRED,NFCI,FRED public CSV · long-history backfill,2026-09-13T12:57:36+08:00,confirmed
1999-04-09,-0.414,Federal Reserve Bank of Chicago / FRED,NFCI,FRED public CSV · long-history backfill,2026-09-13T12:57:36+08:00,confirmed
1999-04-16,-0.418,Federal Reserve Bank of Chicago / FRED,NFCI,FRED public CSV · long-history backfill,2026-09-13T12:57:36+08:00,confirmed
1999-04-23,-0.421,Federal Reserve Bank of Chicago / FRED,NFCI,FRED public CSV · long-history backfill,2026-09-13T12:57:36+08:00,confirmed
1999-04-30,-0.423,Federal Reserve Bank of Chicago / FRED,NFCI,FRED public CSV · long-history backfill,2026-09-13T12:57:36+08:00,confirmed
1999-05-07,-0.423,Federal Reserve Bank of Chicago / FRED,NFCI,FRED public CSV · long-history backfill,2026-09-13T12:57:36+08:00,confirmed
1999-05-14,-0.419,Federal Reserve Bank of Chicago / FRED,NFCI,FRED public CSV · long-history backfill,2026-09-13T12:57:36+08:00,confirmed
1999-05-21,-0.41,Federal Reserve Bank of Chicago / FRED,NFCI,FRED public CSV · long-history backfill,2026-09-13T12:56:40+08:00,confirmed
1999-05-28,-0.398,Federal Reserve Bank of Chicago / FRED,NFCI,FRED public CSV · long-history backfill,2026-09-13T12:56:40+08:00,confirmed
1999-06-04,-0.382,Federal Reserve Bank of Chicago / FRED,NFCI,FRED public CSV · long-history backfill,2026-09-13T12:56:40+08:00,confirmed
1999-06-11,-0.365,Federal Reserve Bank of Chicago / FRED,NFCI,FRED public CSV · long-history backfill,2026-09-13T12:56:40+08:00,confirmed
1999-06-18,-0.347,Federal Reserve Bank of Chicago / FRED,NFCI,FRED public CSV · long-history backfill,2026-09-13T12:56:40+08:00,confirmed
1999-06-25,-0.326,Federal Reserve Bank of Chicago / FRED,NFCI,FRED public CSV · long-history backfill,2026-09-13T12:56:40+08:00,confirmed
1999-07-02,-0.305,Federal Reserve Bank of Chicago / FRED,NFCI,FRED public CSV · long-history backfill,2026-09-13T12:56:40+08:00,confirmed
1999-07-09,-0.281,Federal Reserve Bank of Chicago / FRED,NFCI,FRED public CSV · long-history backfill,2026-09-13T12:56:40+08:00,confirmed
1999-07-16,-0.256,Federal Reserve Bank of Chicago / FRED,NFCI,FRED public CSV · long-history backfill,2026-09-13T12:56:40+08:00,confirmed
1999-07-23,-0.23,Federal Reserve Bank of Chicago / FRED,NFCI,FRED public CSV · long-history backfill,2026-09-13T12:56:40+08:00,confirmed
1999-07-30,-0.206,Federal Reserve Bank of Chicago / FRED,NFCI,FRED public CSV · long-history backfill,2026-09-13T12:56:40+08:00,confirmed
1999-08-06,-0.185,Federal Reserve Bank of Chicago / FRED,NFCI,FRED public CSV · long-history backfill,2026-09-13T12:56:40+08:00,confirmed
1999-08-13,-0.168,Federal Reserve Bank of Chicago / FRED,NFCI,FRED public CSV · long-history backfill,2026-09-13T12:56:40+08:00,confirmed
1999-08-20,-0.155,Federal Reserve Bank of Chicago / FRED,NFCI,FRED public CSV · long-history backfill,2026-09-13T12:56:40+08:00,confirmed
1999-08-27,-0.144,Federal Reserve Bank of Chicago / FRED,NFCI,FRED public CSV · long-history backfill,2026-09-13T12:56:40+08:00,confirmed
1999-09-03,-0.132,Federal Reserve Bank of Chicago / FRED,NFCI,FRED public CSV · long-history backfill,2026-09-13T12:56:40+08:00,confirmed
1999-09-10,-0.119,Federal Reserve Bank of Chicago / FRED,NFCI,FRED public CSV · long-history backfill,2026-09-13T12:56:40+08:00,confirmed
1999-09-17,-0.106,Federal Reserve Bank of Chicago / FRED,NFCI,FRED public CSV · long-history backfill,2026-09-13T12:56:40+08:00,confirmed
1999-09-24,-0.093,Federal Reserve Bank of Chicago / FRED,NFCI,FRED public CSV · long-history backfill,2026-09-13T12:56:40+08:00,confirmed
1999-10-01,-0.082,Federal Reserve Bank of Chicago / FRED,NFCI,FRED public CSV · long-history backfill,2026-09-13T12:56:40+08:00,confirmed
1999-10-08,-0.076,Federal Reserve Bank of Chicago / FRED,NFCI,FRED public CSV · long-history backfill,2026-09-13T12:56:40+08:00,confirmed
1999-10-15,-0.078,Federal Reserve Bank of Chicago / FRED,NFCI,FRED public CSV · long-history backfill,2026-09-13T12:56:40+08:00,confirmed
1999-10-22,-0.087,Federal Reserve Bank of Chicago / FRED,NFCI,FRED public CSV · long-history backfill,2026-09-13T12:56:40+08:00,confirmed
1999-10-29,-0.102,Federal Reserve Bank of Chicago / FRED,NFCI,FRED public CSV · long-history backfill,2026-09-13T12:56:40+08:00,confirmed
1999-11-05,-0.12,Federal Reserve Bank of Chicago / FRED,NFCI,FRED public CSV · long-history backfill,2026-09-13T12:56:40+08:00,confirmed
1999-11-12,-0.137,Federal Reserve Bank of Chicago / FRED,NFCI,FRED public CSV · long-history backfill,2026-09-13T12:56:40+08:00,confirmed
1999-11-19,-0.152,Federal Reserve Bank of Chicago / FRED,NFCI,FRED public CSV · long-history backfill,2026-09-13T12:56:40+08:00,confirmed
1999-11-26,-0.16,Federal Reserve Bank of Chicago / FRED,NFCI,FRED public CSV · long-history backfill,2026-09-13T12:56:40+08:00,confirmed
1999-12-03,-0.162,Federal Reserve Bank of Chicago / FRED,NFCI,FRED public CSV · long-history backfill,2026-09-13T12:56:40+08:00,confirmed
1999-12-10,-0.161,Federal Reserve Bank of Chicago / FRED,NFCI,FRED public CSV · long-history backfill,2026-09-13T12:56:40+08:00,confirmed
1999-12-17,-0.16,Federal Reserve Bank of Chicago / FRED,NFCI,FRED public CSV · long-history backfill,2026-09-13T12:56:40+08:00,confirmed
1999-12-24,-0.161,Federal Reserve Bank of Chicago / FRED,NFCI,FRED public CSV · long-history backfill,2026-09-13T12:57:36+08:00,confirmed
1999-12-31,-0.165,Federal Reserve Bank of Chicago / FRED,NFCI,FRED public CSV · long-history backfill,2026-09-13T12:56:40+08:00,confirmed
2000-01-07,-0.175,Federal Reserve Bank of Chicago / FRED,NFCI,FRED public CSV · long-history backfill,2026-09-13T12:56:40+08:00,confirmed
2000-01-14,-0.186,Federal Reserve Bank of Chicago / FRED,NFCI,FRED public CSV · long-history backfill,2026-09-13T12:56:40+08:00,confirmed
2000-01-21,-0.197,Federal Reserve Bank of Chicago / FRED,NFCI,FRED public CSV · long-history backfill,2026-09-13T12:57:36+08:00,confirmed
2000-01-28,-0.205,Federal Reserve Bank of Chicago / FRED,NFCI,FRED public CSV · long-history backfill,2026-09-13T12:56:40+08:00,confirmed
2000-02-04,-0.207,Federal Reserve Bank of Chicago / FRED,NFCI,FRED public CSV · long-history backfill,2026-09-13T12:57:36+08:00,confirmed
2000-02-11,-0.205,Federal Reserve Bank of Chicago / FRED,NFCI,FRED public CSV · long-history backfill,2026-09-13T12:56:40+08:00,confirmed
2000-02-18,-0.198,Federal Reserve Bank of Chicago / FRED,NFCI,FRED public CSV · long-history backfill,2026-09-13T12:57:36+08:00,confirmed
2000-02-25,-0.186,Federal Reserve Bank of Chicago / FRED,NFCI,FRED public CSV · long-history backfill,2026-09-13T12:57:36+08:00,confirmed
2000-03-03,-0.171,Federal Reserve Bank of Chicago / FRED,NFCI,FRED public CSV · long-history backfill,2026-09-13T12:57:36+08:00,confirmed
2000-03-10,-0.151,Federal Reserve Bank of Chicago / FRED,NFCI,FRED public CSV · long-history backfill,2026-09-13T12:57:36+08:00,confirmed
2000-03-17,-0.13,Federal Reserve Bank of Chicago / FRED,NFCI,FRED public CSV · long-history backfill,2026-09-13T12:57:36+08:00,confirmed
2000-03-24,-0.108,Federal Reserve Bank of Chicago / FRED,NFCI,FRED public CSV · long-history backfill,2026-09-13T12:57:36+08:00,confirmed
2000-03-31,-0.087,Federal Reserve Bank of Chicago / FRED,NFCI,FRED public CSV · long-history backfill,2026-09-13T12:57:36+08:00,confirmed
2000-04-07,-0.07,Federal Reserve Bank of Chicago / FRED,NFCI,FRED public CSV · long-history backfill,2026-09-13T12:57:36+08:00,confirmed
2000-04-14,-0.055,Federal Reserve Bank of Chicago / FRED,NFCI,FRED public CSV · long-history backfill,2026-09-13T12:57:36+08:00,confirmed
2000-04-21,-0.041,Federal Reserve Bank of Chicago / FRED,NFCI,FRED public CSV · long-history backfill,2026-09-13T12:57:36+08:00,confirmed
2000-04-28,-0.026,Federal Reserve Bank of Chicago / FRED,NFCI,FRED public CSV · long-history backfill,2026-09-13T12:57:36+08:00,confirmed
2000-05-05,-0.01,Federal Reserve Bank of Chicago / FRED,NFCI,FRED public CSV · long-history backfill,2026-09-13T12:57:36+08:00,confirmed
2000-05-12,0.006,Federal Reserve Bank of Chicago / FRED,NFCI,FRED public CSV · long-history backfill,2026-09-13T12:57:36+08:00,confirmed
2000-05-19,0.021,Federal Reserve Bank of Chicago / FRED,NFCI,FRED public CSV · long-history backfill,2026-09-13T12:57:36+08:00,confirmed
2000-05-26,0.033,Federal Reserve Bank of Chicago / FRED,NFCI,FRED public CSV · long-history backfill,2026-09-13T12:57:36+08:00,confirmed
2000-06-02,0.04,Federal Reserve Bank of Chicago / FRED,NFCI,FRED public CSV · long-history backfill,2026-09-13T12:57:36+08:00,confirmed
2000-06-09,0.042,Federal Reserve Bank of Chicago / FRED,NFCI,FRED public CSV · long-history backfill,2026-09-13T12:57:36+08:00,confirmed
2000-06-16,0.037,Federal Reserve Bank of Chicago / FRED,NFCI,FRED public CSV · long-history backfill,2026-09-13T12:57:36+08:00,confirmed
2000-06-23,0.025,Federal Reserve Bank of Chicago / FRED,NFCI,FRED public CSV · long-history backfill,2026-09-13T12:57:36+08:00,confirmed
2000-06-30,0.006,Federal Reserve Bank of Chicago / FRED,NFCI,FRED public CSV · long-history backfill,2026-09-13T12:57:36+08:00,confirmed
2000-07-07,-0.019,Federal Reserve Bank of Chicago / FRED,NFCI,FRED public CSV · long-history backfill,2026-09-13T12:57:36+08:00,confirmed
2000-07-14,-0.049,Federal Reserve Bank of Chicago / FRED,NFCI,FRED public CSV · long-history backfill,2026-09-13T12:57:36+08:00,confirmed
2000-07-21,-0.08,Federal Reserve Bank of Chicago / FRED,NFCI,FRED public CSV · long-history backfill,2026-09-13T12:57:36+08:00,confirmed
2000-07-28,-0.111,Federal Reserve Bank of Chicago / FRED,NFCI,FRED public CSV · long-history backfill,2026-09-13T12:57:36+08:00,confirmed
2000-08-04,-0.14,Federal Reserve Bank of Chicago / FRED,NFCI,FRED public CSV · long-history backfill,2026-09-13T12:57:36+08:00,confirmed
2000-08-11,-0.164,Federal Reserve Bank of Chicago / FRED,NFCI,FRED public CSV · long-history backfill,2026-09-13T12:56:40+08:00,confirmed
2000-08-18,-0.183,Federal Reserve Bank of Chicago / FRED,NFCI,FRED public CSV · long-history backfill,2026-09-13T12:56:40+08:00,confirmed
2000-08-25,-0.196,Federal Reserve Bank of Chicago / FRED,NFCI,FRED public CSV · long-history backfill,2026-09-13T12:56:40+08:00,confirmed
2000-09-01,-0.203,Federal Reserve Bank of Chicago / FRED,NFCI,FRED public CSV · long-history backfill,2026-09-13T12:56:40+08:00,confirmed
2000-09-08,-0.205,Federal Reserve Bank of Chicago / FRED,NFCI,FRED public CSV · long-history backfill,2026-09-13T12:56:40+08:00,confirmed
2000-09-15,-0.203,Federal Reserve Bank of Chicago / FRED,NFCI,FRED public CSV · long-history backfill,2026-09-13T12:56:40+08:00,confirmed
2000-09-22,-0.199,Federal Reserve Bank of Chicago / FRED,NFCI,FRED public CSV · long-history backfill,2026-09-13T12:56:40+08:00,confirmed
2000-09-29,-0.193,Federal Reserve Bank of Chicago / FRED,NFCI,FRED public CSV · long-history backfill,2026-09-13T12:56:40+08:00,confirmed
2000-10-06,-0.186,Federal Reserve Bank of Chicago / FRED,NFCI,FRED public CSV · long-history backfill,2026-09-13T12:56:40+08:00,confirmed
2000-10-13,-0.178,Federal Reserve Bank of Chicago / FRED,NFCI,FRED public CSV · long-history backfill,2026-09-13T12:56:40+08:00,confirmed
2000-10-20,-0.171,Federal Reserve Bank of Chicago / FRED,NFCI,FRED public CSV · long-history backfill,2026-09-13T12:56:40+08:00,confirmed
2000-10-27,-0.164,Federal Reserve Bank of Chicago / FRED,NFCI,FRED public CSV · long-history backfill,2026-09-13T12:56:40+08:00,confirmed
2000-11-03,-0.153,Federal Reserve Bank of Chicago / FRED,NFCI,FRED public CSV · long-history backfill,2026-09-13T12:56:40+08:00,confirmed
2000-11-10,-0.139,Federal Reserve Bank of Chicago / FRED,NFCI,FRED public CSV · long-history backfill,2026-09-13T12:56:40+08:00,confirmed
2000-11-17,-0.121,Federal Reserve Bank of Chicago / FRED,NFCI,FRED public CSV · long-history backfill,2026-09-13T12:56:40+08:00,confirmed
2000-11-24,-0.099,Federal Reserve Bank of Chicago / FRED,NFCI,FRED public CSV · long-history backfill,2026-09-13T12:56:40+08:00,confirmed
2000-12-01,-0.078,Federal Reserve Bank of Chicago / FRED,NFCI,FRED public CSV · long-history backfill,2026-09-13T12:56:40+08:00,confirmed
2000-12-08,-0.062,Federal Reserve Bank of Chicago / FRED,NFCI,FRED public CSV · long-history backfill,2026-09-13T12:56:40+08:00,confirmed
2000-12-15,-0.056,Federal Reserve Bank of Chicago / FRED,NFCI,FRED public CSV · long-history backfill,2026-09-13T12:56:40+08:00,confirmed
2000-12-22,-0.061,Federal Reserve Bank of Chicago / FRED,NFCI,FRED public CSV · long-history backfill,2026-09-13T12:56:40+08:00,confirmed
2000-12-29,-0.081,Federal Reserve Bank of Chicago / FRED,NFCI,FRED public CSV · long-history backfill,2026-09-13T12:56:40+08:00,confirmed
2001-01-05,-0.111,Federal Reserve Bank of Chicago / FRED,NFCI,FRED public CSV · long-history backfill,2026-09-13T12:56:40+08:00,confirmed
2001-01-12,-0.146,Federal Reserve Bank of Chicago / FRED,NFCI,FRED public CSV · long-history backfill,2026-09-13T12:56:40+08:00,confirmed
2001-01-19,-0.183,Federal Reserve Bank of Chicago / FRED,NFCI,FRED public CSV · long-history backfill,2026-09-13T12:56:40+08:00,confirmed
2001-01-26,-0.217,Federal Reserve Bank of Chicago / FRED,NFCI,FRED public CSV · long-history backfill,2026-09-13T12:56:40+08:00,confirmed
2001-02-02,-0.244,Federal Reserve Bank of Chicago / FRED,NFCI,FRED public CSV · long-history backfill,2026-09-13T12:56:40+08:00,confirmed
2001-02-09,-0.263,Federal Reserve Bank of Chicago / FRED,NFCI,FRED public CSV · long-history backfill,2026-09-13T12:56:40+08:00,confirmed
2001-02-16,-0.272,Federal Reserve Bank of Chicago / FRED,NFCI,FRED public CSV · long-history backfill,2026-09-13T12:56:40+08:00,confirmed
2001-02-23,-0.272,Federal Reserve Bank of Chicago / FRED,NFCI,FRED public CSV · long-history backfill,2026-09-13T12:56:40+08:00,confirmed
2001-03-02,-0.266,Federal Reserve Bank of Chicago / FRED,NFCI,FRED public CSV · long-history backfill,2026-09-13T12:56:40+08:00,confirmed
2001-03-09,-0.257,Federal Reserve Bank of Chicago / FRED,NFCI,FRED public CSV · long-history backfill,2026-09-13T12:56:40+08:00,confirmed
2001-03-16,-0.248,Federal Reserve Bank of Chicago / FRED,NFCI,FRED public CSV · long-history backfill,2026-09-13T12:56:40+08:00,confirmed
2001-03-23,-0.243,Federal Reserve Bank of Chicago / FRED,NFCI,FRED public CSV · long-history backfill,2026-09-13T12:56:40+08:00,confirmed
2001-03-30,-0.247,Federal Reserve Bank of Chicago / FRED,NFCI,FRED public CSV · long-history backfill,2026-09-13T12:56:40+08:00,confirmed
2001-04-06,-0.256,Federal Reserve Bank of Chicago / FRED,NFCI,FRED public CSV · long-history backfill,2026-09-13T12:56:40+08:00,confirmed
2001-04-13,-0.276,Federal Reserve Bank of Chicago / FRED,NFCI,FRED public CSV · long-history backfill,2026-09-13T12:56:40+08:00,confirmed
2001-04-20,-0.3,Federal Reserve Bank of Chicago / FRED,NFCI,FRED public CSV · long-history backfill,2026-09-13T12:56:40+08:00,confirmed
2001-04-27,-0.328,Federal Reserve Bank of Chicago / FRED,NFCI,FRED public CSV · long-history backfill,2026-09-13T12:56:40+08:00,confirmed
2001-05-04,-0.356,Federal Reserve Bank of Chicago / FRED,NFCI,FRED public CSV · long-history backfill,2026-09-13T12:56:40+08:00,confirmed
2001-05-11,-0.382,Federal Reserve Bank of Chicago / FRED,NFCI,FRED public CSV · long-history backfill,2026-09-13T12:56:40+08:00,confirmed
2001-05-18,-0.403,Federal Reserve Bank of Chicago / FRED,NFCI,FRED public CSV · long-history backfill,2026-09-13T12:56:40+08:00,confirmed
2001-05-25,-0.419,Federal Reserve Bank of Chicago / FRED,NFCI,FRED public CSV · long-history backfill,2026-09-13T12:56:40+08:00,confirmed
2001-06-01,-0.431,Federal Reserve Bank of Chicago / FRED,NFCI,FRED public CSV · long-history backfill,2026-09-13T12:56:40+08:00,confirmed
2001-06-08,-0.439,Federal Reserve Bank of Chicago / FRED,NFCI,FRED public CSV · long-history backfill,2026-09-13T12:56:40+08:00,confirmed
2001-06-15,-0.445,Federal Reserve Bank of Chicago / FRED,NFCI,FRED public CSV · long-history backfill,2026-09-13T12:56:40+08:00,confirmed
2001-06-22,-0.451,Federal Reserve Bank of Chicago / FRED,NFCI,FRED public CSV · long-history backfill,2026-09-13T12:56:40+08:00,confirmed
2001-06-29,-0.459,Federal Reserve Bank of Chicago / FRED,NFCI,FRED public CSV · long-history backfill,2026-09-13T12:56:40+08:00,confirmed
2001-07-06,-0.468,Federal Reserve Bank of Chicago / FRED,NFCI,FRED public CSV · long-history backfill,2026-09-13T12:56:40+08:00,confirmed
2001-07-13,-0.479,Federal Reserve Bank of Chicago / FRED,NFCI,FRED public CSV · long-history backfill,2026-09-13T12:56:40+08:00,confirmed
2001-07-20,-0.489,Federal Reserve Bank of Chicago / FRED,NFCI,FRED public CSV · long-history backfill,2026-09-13T12:56:40+08:00,confirmed
2001-07-27,-0.499,Federal Reserve Bank of Chicago / FRED,NFCI,FRED public CSV · long-history backfill,2026-09-13T12:56:40+08:00,confirmed
2001-08-03,-0.503,Federal Reserve Bank of Chicago / FRED,NFCI,FRED public CSV · long-history backfill,2026-09-13T12:56:40+08:00,confirmed
2001-08-10,-0.498,Federal Reserve Bank of Chicago / FRED,NFCI,FRED public CSV · long-history backfill,2026-09-13T12:56:40+08:00,confirmed
2001-08-17,-0.484,Federal Reserve Bank of Chicago / FRED,NFCI,FRED public CSV · long-history backfill,2026-09-13T12:56:40+08:00,confirmed
2001-08-24,-0.46,Federal Reserve Bank of Chicago / FRED,NFCI,FRED public CSV · long-history backfill,2026-09-13T12:56:40+08:00,confirmed
2001-08-31,-0.429,Federal Reserve Bank of Chicago / FRED,NFCI,FRED public CSV · long-history backfill,2026-09-13T12:56:40+08:00,confirmed
2001-09-07,-0.395,Federal Reserve Bank of Chicago / FRED,NFCI,FRED public CSV · long-history backfill,2026-09-13T12:56:40+08:00,confirmed
2001-09-14,-0.363,Federal Reserve Bank of Chicago / FRED,NFCI,FRED public CSV · long-history backfill,2026-09-13T12:56:40+08:00,confirmed
2001-09-21,-0.341,Federal Reserve Bank of Chicago / FRED,NFCI,FRED public CSV · long-history backfill,2026-09-13T12:56:40+08:00,confirmed
2001-09-28,-0.334,Federal Reserve Bank of Chicago / FRED,NFCI,FRED public CSV · long-history backfill,2026-09-13T12:57:36+08:00,confirmed
2001-10-05,-0.336,Federal Reserve Bank of Chicago / FRED,NFCI,FRED public CSV · long-history backfill,2026-09-13T12:57:36+08:00,confirmed
2001-10-12,-0.347,Federal Reserve Bank of Chicago / FRED,NFCI,FRED public CSV · long-history backfill,2026-09-13T12:57:36+08:00,confirmed
2001-10-19,-0.363,Federal Reserve Bank of Chicago / FRED,NFCI,FRED public CSV · long-history backfill,2026-09-13T12:57:36+08:00,confirmed
2001-10-26,-0.379,Federal Reserve Bank of Chicago / FRED,NFCI,FRED public CSV · long-history backfill,2026-09-13T12:57:36+08:00,confirmed
2001-11-02,-0.39,Federal Reserve Bank of Chicago / FRED,NFCI,FRED public CSV · long-history backfill,2026-09-13T12:57:36+08:00,confirmed
2001-11-09,-0.395,Federal Reserve Bank of Chicago / FRED,NFCI,FRED public CSV · long-history backfill,2026-09-13T12:57:36+08:00,confirmed
2001-11-16,-0.393,Federal Reserve Bank of Chicago / FRED,NFCI,FRED public CSV · long-history backfill,2026-09-13T12:57:36+08:00,confirmed
2001-11-23,-0.383,Federal Reserve Bank of Chicago / FRED,NFCI,FRED public CSV · long-history backfill,2026-09-13T12:57:36+08:00,confirmed
2001-11-30,-0.369,Federal Reserve Bank of Chicago / FRED,NFCI,FRED public CSV · long-history backfill,2026-09-13T12:57:36+08:00,confirmed
2001-12-07,-0.356,Federal Reserve Bank of Chicago / FRED,NFCI,FRED public CSV · long-history backfill,2026-09-13T12:57:36+08:00,confirmed
2001-12-14,-0.35,Federal Reserve Bank of Chicago / FRED,NFCI,FRED public CSV · long-history backfill,2026-09-13T12:57:36+08:00,confirmed
2001-12-21,-0.352,Federal Reserve Bank of Chicago / FRED,NFCI,FRED public CSV · long-history backfill,2026-09-13T12:57:36+08:00,confirmed
2001-12-28,-0.365,Federal Reserve Bank of Chicago / FRED,NFCI,FRED public CSV · long-history backfill,2026-09-13T12:57:36+08:00,confirmed
2002-01-04,-0.386,Federal Reserve Bank of Chicago / FRED,NFCI,FRED public CSV · long-history backfill,2026-09-13T12:57:36+08:00,confirmed
2002-01-11,-0.412,Federal Reserve Bank of Chicago / FRED,NFCI,FRED public CSV · long-history backfill,2026-09-13T12:57:36+08:00,confirmed
2002-01-18,-0.438,Federal Reserve Bank of Chicago / FRED,NFCI,FRED public CSV · long-history backfill,2026-09-13T12:57:36+08:00,confirmed
2002-01-25,-0.46,Federal Reserve Bank of Chicago / FRED,NFCI,FRED public CSV · long-history backfill,2026-09-13T12:57:36+08:00,confirmed
2002-02-01,-0.476,Federal Reserve Bank of Chicago / FRED,NFCI,FRED public CSV · long-history backfill,2026-09-13T12:57:36+08:00,confirmed
2002-02-08,-0.485,Federal Reserve Bank of Chicago / FRED,NFCI,FRED public CSV · long-history backfill,2026-09-13T12:57:36+08:00,confirmed
2002-02-15,-0.49,Federal Reserve Bank of Chicago / FRED,NFCI,FRED public CSV · long-history backfill,2026-09-13T12:57:36+08:00,confirmed
2002-02-22,-0.49,Federal Reserve Bank of Chicago / FRED,NFCI,FRED public CSV · long-history backfill,2026-09-13T12:57:36+08:00,confirmed
2002-03-01,-0.489,Federal Reserve Bank of Chicago / FRED,NFCI,FRED public CSV · long-history backfill,2026-09-13T12:57:36+08:00,confirmed
2002-03-08,-0.488,Federal Reserve Bank of Chicago / FRED,NFCI,FRED public CSV · long-history backfill,2026-09-13T12:57:36+08:00,confirmed
2002-03-15,-0.488,Federal Reserve Bank of Chicago / FRED,NFCI,FRED public CSV · long-history backfill,2026-09-13T12:57:36+08:00,confirmed
2002-03-22,-0.492,Federal Reserve Bank of Chicago / FRED,NFCI,FRED public CSV · long-history backfill,2026-09-13T12:57:36+08:00,confirmed
2002-03-29,-0.5,Federal Reserve Bank of Chicago / FRED,NFCI,FRED public CSV · long-history backfill,2026-09-13T12:57:36+08:00,confirmed
2002-04-05,-0.514,Federal Reserve Bank of Chicago / FRED,NFCI,FRED public CSV · long-history backfill,2026-09-13T12:57:36+08:00,confirmed
2002-04-12,-0.533,Federal Reserve Bank of Chicago / FRED,NFCI,FRED public CSV · long-history backfill,2026-09-13T12:57:36+08:00,confirmed
2002-04-19,-0.555,Federal Reserve Bank of Chicago / FRED,NFCI,FRED public CSV · long-history backfill,2026-09-13T12:57:36+08:00,confirmed
2002-04-26,-0.579,Federal Reserve Bank of Chicago / FRED,NFCI,FRED public CSV · long-history backfill,2026-09-13T12:57:36+08:00,confirmed
2002-05-03,-0.601,Federal Reserve Bank of Chicago / FRED,NFCI,FRED public CSV · long-history backfill,2026-09-13T12:57:36+08:00,confirmed
2002-05-10,-0.618,Federal Reserve Bank of Chicago / FRED,NFCI,FRED public CSV · long-history backfill,2026-09-13T12:57:36+08:00,confirmed
2002-05-17,-0.629,Federal Reserve Bank of Chicago / FRED,NFCI,FRED public CSV · long-history backfill,2026-09-13T12:57:36+08:00,confirmed
2002-05-24,-0.631,Federal Reserve Bank of Chicago / FRED,NFCI,FRED public CSV · long-history backfill,2026-09-13T12:57:36+08:00,confirmed
2002-05-31,-0.624,Federal Reserve Bank of Chicago / FRED,NFCI,FRED public CSV · long-history backfill,2026-09-13T12:57:36+08:00,confirmed
2002-06-07,-0.61,Federal Reserve Bank of Chicago / FRED,NFCI,FRED public CSV · long-history backfill,2026-09-13T12:57:36+08:00,confirmed
2002-06-14,-0.589,Federal Reserve Bank of Chicago / FRED,NFCI,FRED public CSV · long-history backfill,2026-09-13T12:57:36+08:00,confirmed
2002-06-21,-0.564,Federal Reserve Bank of Chicago / FRED,NFCI,FRED public CSV · long-history backfill,2026-09-13T12:57:36+08:00,confirmed
2002-06-28,-0.536,Federal Reserve Bank of Chicago / FRED,NFCI,FRED public CSV · long-history backfill,2026-09-13T12:57:36+08:00,confirmed
2002-07-05,-0.508,Federal Reserve Bank of Chicago / FRED,NFCI,FRED public CSV · long-history backfill,2026-09-13T12:57:36+08:00,confirmed
2002-07-12,-0.481,Federal Reserve Bank of Chicago / FRED,NFCI,FRED public CSV · long-history backfill,2026-09-13T12:57:36+08:00,confirmed
2002-07-19,-0.458,Federal Reserve Bank of Chicago / FRED,NFCI,FRED public CSV · long-history backfill,2026-09-13T12:57:36+08:00,confirmed
2002-07-26,-0.437,Federal Reserve Bank of Chicago / FRED,NFCI,FRED public CSV · long-history backfill,2026-09-13T12:57:36+08:00,confirmed
2002-08-02,-0.422,Federal Reserve Bank of Chicago / FRED,NFCI,FRED public CSV · long-history backfill,2026-09-13T12:57:36+08:00,confirmed
2002-08-09,-0.41,Federal Reserve Bank of Chicago / FRED,NFCI,FRED public CSV · long-history backfill,2026-09-13T12:57:36+08:00,confirmed
2002-08-16,-0.4,Federal Reserve Bank of Chicago / FRED,NFCI,FRED public CSV · long-history backfill,2026-09-13T12:57:36+08:00,confirmed
2002-08-23,-0.389,Federal Reserve Bank of Chicago / FRED,NFCI,FRED public CSV · long-history backfill,2026-09-13T12:57:36+08:00,confirmed
2002-08-30,-0.377,Federal Reserve Bank of Chicago / FRED,NFCI,FRED public CSV · long-history backfill,2026-09-13T12:57:36+08:00,confirmed
2002-09-06,-0.362,Federal Reserve Bank of Chicago / FRED,NFCI,FRED public CSV · long-history backfill,2026-09-13T12:57:36+08:00,confirmed
2002-09-13,-0.347,Federal Reserve Bank of Chicago / FRED,NFCI,FRED public CSV · long-history backfill,2026-09-13T12:57:36+08:00,confirmed
2002-09-20,-0.334,Federal Reserve Bank of Chicago / FRED,NFCI,FRED public CSV · long-history backfill,2026-09-13T12:57:36+08:00,confirmed
2002-09-27,-0.325,Federal Reserve Bank of Chicago / FRED,NFCI,FRED public CSV · long-history backfill,2026-09-13T12:57:36+08:00,confirmed
2002-10-04,-0.322,Federal Reserve Bank of Chicago / FRED,NFCI,FRED public CSV · long-history backfill,2026-09-13T12:57:36+08:00,confirmed
2002-10-11,-0.326,Federal Reserve Bank of Chicago / FRED,NFCI,FRED public CSV · long-history backfill,2026-09-13T12:57:36+08:00,confirmed
2002-10-18,-0.338,Federal Reserve Bank of Chicago / FRED,NFCI,FRED public CSV · long-history backfill,2026-09-13T12:57:36+08:00,confirmed
2002-10-25,-0.354,Federal Reserve Bank of Chicago / FRED,NFCI,FRED public CSV · long-history backfill,2026-09-13T12:57:36+08:00,confirmed
2002-11-01,-0.373,Federal Reserve Bank of Chicago / FRED,NFCI,FRED public CSV · long-history backfill,2026-09-13T12:57:36+08:00,confirmed
2002-11-08,-0.391,Federal Reserve Bank of Chicago / FRED,NFCI,FRED public CSV · long-history backfill,2026-09-13T12:57:36+08:00,confirmed
2002-11-15,-0.406,Federal Reserve Bank of Chicago / FRED,NFCI,FRED public CSV · long-history backfill,2026-09-13T12:57:36+08:00,confirmed
2002-11-22,-0.418,Federal Reserve Bank of Chicago / FRED,NFCI,FRED public CSV · long-history backfill,2026-09-13T12:57:36+08:00,confirmed
2002-11-29,-0.424,Federal Reserve Bank of Chicago / FRED,NFCI,FRED public CSV · long-history backfill,2026-09-13T12:57:36+08:00,confirmed
2002-12-06,-0.427,Federal Reserve Bank of Chicago / FRED,NFCI,FRED public CSV · long-history backfill,2026-09-13T12:57:36+08:00,confirmed
2002-12-13,-0.431,Federal Reserve Bank of Chicago / FRED,NFCI,FRED public CSV · long-history backfill,2026-09-13T12:57:36+08:00,confirmed
2002-12-20,-0.435,Federal Reserve Bank of Chicago / FRED,NFCI,FRED public CSV · long-history backfill,2026-09-13T12:57:36+08:00,confirmed
2002-12-27,-0.442,Federal Reserve Bank of Chicago / FRED,NFCI,FRED public CSV · long-history backfill,2026-09-13T12:57:36+08:00,confirmed
2003-01-03,-0.453,Federal Reserve Bank of Chicago / FRED,NFCI,FRED public CSV · long-history backfill,2026-09-13T12:57:36+08:00,confirmed
2003-01-10,-0.466,Federal Reserve Bank of Chicago / FRED,NFCI,FRED public CSV · long-history backfill,2026-09-13T12:57:36+08:00,confirmed
2003-01-17,-0.479,Federal Reserve Bank of Chicago / FRED,NFCI,FRED public CSV · long-history backfill,2026-09-13T12:57:36+08:00,confirmed
2003-01-24,-0.489,Federal Reserve Bank of Chicago / FRED,NFCI,FRED public CSV · long-history backfill,2026-09-13T12:56:40+08:00,confirmed
2003-01-31,-0.496,Federal Reserve Bank of Chicago / FRED,NFCI,FRED public CSV · long-history backfill,2026-09-13T12:56:40+08:00,confirmed
2003-02-07,-0.501,Federal Reserve Bank of Chicago / FRED,NFCI,FRED public CSV · long-history backfill,2026-09-13T12:56:40+08:00,confirmed
2003-02-14,-0.504,Federal Reserve Bank of Chicago / FRED,NFCI,FRED public CSV · long-history backfill,2026-09-13T12:56:40+08:00,confirmed
2003-02-21,-0.507,Federal Reserve Bank of Chicago / FRED,NFCI,FRED public CSV · long-history backfill,2026-09-13T12:56:40+08:00,confirmed
2003-02-28,-0.511,Federal Reserve Bank of Chicago / FRED,NFCI,FRED public CSV · long-history backfill,2026-09-13T12:56:40+08:00,confirmed
2003-03-07,-0.517,Federal Reserve Bank of Chicago / FRED,NFCI,FRED public CSV · long-history backfill,2026-09-13T12:56:40+08:00,confirmed
2003-03-14,-0.527,Federal Reserve Bank of Chicago / FRED,NFCI,FRED public CSV · long-history backfill,2026-09-13T12:56:40+08:00,confirmed
2003-03-21,-0.542,Federal Reserve Bank of Chicago / FRED,NFCI,FRED public CSV · long-history backfill,2026-09-13T12:56:40+08:00,confirmed
2003-03-28,-0.562,Federal Reserve Bank of Chicago / FRED,NFCI,FRED public CSV · long-history backfill,2026-09-13T12:56:40+08:00,confirmed
2003-04-04,-0.585,Federal Reserve Bank of Chicago / FRED,NFCI,FRED public CSV · long-history backfill,2026-09-13T12:56:40+08:00,confirmed
2003-04-11,-0.611,Federal Reserve Bank of Chicago / FRED,NFCI,FRED public CSV · long-history backfill,2026-09-13T12:56:40+08:00,confirmed
2003-04-18,-0.636,Federal Reserve Bank of Chicago / FRED,NFCI,FRED public CSV · long-history backfill,2026-09-13T12:56:40+08:00,confirmed
2003-04-25,-0.657,Federal Reserve Bank of Chicago / FRED,NFCI,FRED public CSV · long-history backfill,2026-09-13T12:56:40+08:00,confirmed
2003-05-02,-0.674,Federal Reserve Bank of Chicago / FRED,NFCI,FRED public CSV · long-history backfill,2026-09-13T12:56:40+08:00,confirmed
2003-05-09,-0.683,Federal Reserve Bank of Chicago / FRED,NFCI,FRED public CSV · long-history backfill,2026-09-13T12:56:40+08:00,confirmed
2003-05-16,-0.688,Federal Reserve Bank of Chicago / FRED,NFCI,FRED public CSV · long-history backfill,2026-09-13T12:56:40+08:00,confirmed
2003-05-23,-0.689,Federal Reserve Bank of Chicago / FRED,NFCI,FRED public CSV · long-history backfill,2026-09-13T12:56:40+08:00,confirmed
2003-05-30,-0.687,Federal Reserve Bank of Chicago / FRED,NFCI,FRED public CSV · long-history backfill,2026-09-13T12:56:40+08:00,confirmed
2003-06-06,-0.685,Federal Reserve Bank of Chicago / FRED,NFCI,FRED public CSV · long-history backfill,2026-09-13T12:56:40+08:00,confirmed
2003-06-13,-0.684,Federal Reserve Bank of Chicago / FRED,NFCI,FRED public CSV · long-history backfill,2026-09-13T12:56:40+08:00,confirmed
2003-06-20,-0.685,Federal Reserve Bank of Chicago / FRED,NFCI,FRED public CSV · long-history backfill,2026-09-13T12:56:40+08:00,confirmed
2003-06-27,-0.688,Federal Reserve Bank of Chicago / FRED,NFCI,FRED public CSV · long-history backfill,2026-09-13T12:56:40+08:00,confirmed
2003-07-04,-0.69,Federal Reserve Bank of Chicago / FRED,NFCI,FRED public CSV · long-history backfill,2026-09-13T12:56:40+08:00,confirmed
2003-07-11,-0.692,Federal Reserve Bank of Chicago / FRED,NFCI,FRED public CSV · long-history backfill,2026-09-13T12:56:40+08:00,confirmed
2003-07-18,-0.69,Federal Reserve Bank of Chicago / FRED,NFCI,FRED public CSV · long-history backfill,2026-09-13T12:56:40+08:00,confirmed
2003-07-25,-0.685,Federal Reserve Bank of Chicago / FRED,NFCI,FRED public CSV · long-history backfill,2026-09-13T12:56:40+08:00,confirmed
2003-08-01,-0.675,Federal Reserve Bank of Chicago / FRED,NFCI,FRED public CSV · long-history backfill,2026-09-13T12:56:40+08:00,confirmed
2003-08-08,-0.665,Federal Reserve Bank of Chicago / FRED,NFCI,FRED public CSV · long-history backfill,2026-09-13T12:56:40+08:00,confirmed
2003-08-15,-0.655,Federal Reserve Bank of Chicago / FRED,NFCI,FRED public CSV · long-history backfill,2026-09-13T12:56:40+08:00,confirmed
2003-08-22,-0.647,Federal Reserve Bank of Chicago / FRED,NFCI,FRED public CSV · long-history backfill,2026-09-13T12:56:40+08:00,confirmed
2003-08-29,-0.642,Federal Reserve Bank of Chicago / FRED,NFCI,FRED public CSV · long-history backfill,2026-09-13T12:56:40+08:00,confirmed
2003-09-05,-0.64,Federal Reserve Bank of Chicago / FRED,NFCI,FRED public CSV · long-history backfill,2026-09-13T12:56:40+08:00,confirmed
2003-09-12,-0.642,Federal Reserve Bank of Chicago / FRED,NFCI,FRED public CSV · long-history backfill,2026-09-13T12:56:40+08:00,confirmed
2003-09-19,-0.647,Federal Reserve Bank of Chicago / FRED,NFCI,FRED public CSV · long-history backfill,2026-09-13T12:56:40+08:00,confirmed
2003-09-26,-0.653,Federal Reserve Bank of Chicago / FRED,NFCI,FRED public CSV · long-history backfill,2026-09-13T12:56:40+08:00,confirmed
2003-10-03,-0.661,Federal Reserve Bank of Chicago / FRED,NFCI,FRED public CSV · long-history backfill,2026-09-13T12:56:40+08:00,confirmed
2003-10-10,-0.669,Federal Reserve Bank of Chicago / FRED,NFCI,FRED public CSV · long-history backfill,2026-09-13T12:56:40+08:00,confirmed
2003-10-17,-0.677,Federal Reserve Bank of Chicago / FRED,NFCI,FRED public CSV · long-history backfill,2026-09-13T12:56:40+08:00,confirmed
2003-10-24,-0.683,Federal Reserve Bank of Chicago / FRED,NFCI,FRED public CSV · long-history backfill,2026-09-13T12:56:40+08:00,confirmed
2003-10-31,-0.687,Federal Reserve Bank of Chicago / FRED,NFCI,FRED public CSV · long-history backfill,2026-09-13T12:56:40+08:00,confirmed
2003-11-07,-0.689,Federal Reserve Bank of Chicago / FRED,NFCI,FRED public CSV · long-history backfill,2026-09-13T12:56:40+08:00,confirmed
2003-11-14,-0.689,Federal Reserve Bank of Chicago / FRED,NFCI,FRED public CSV · long-history backfill,2026-09-13T12:56:40+08:00,confirmed
2003-11-21,-0.688,Federal Reserve Bank of Chicago / FRED,NFCI,FRED public CSV · long-history backfill,2026-09-13T12:56:40+08:00,confirmed
2003-11-28,-0.686,Federal Reserve Bank of Chicago / FRED,NFCI,FRED public CSV · long-history backfill,2026-09-13T12:56:40+08:00,confirmed
2003-12-05,-0.684,Federal Reserve Bank of Chicago / FRED,NFCI,FRED public CSV · long-history backfill,2026-09-13T12:56:40+08:00,confirmed
2003-12-12,-0.685,Federal Reserve Bank of Chicago / FRED,NFCI,FRED public CSV · long-history backfill,2026-09-13T12:56:40+08:00,confirmed
2003-12-19,-0.688,Federal Reserve Bank of Chicago / FRED,NFCI,FRED public CSV · long-history backfill,2026-09-13T12:56:40+08:00,confirmed
2003-12-26,-0.694,Federal Reserve Bank of Chicago / FRED,NFCI,FRED public CSV · long-history backfill,2026-09-13T12:56:40+08:00,confirmed
2004-01-02,-0.704,Federal Reserve Bank of Chicago / FRED,NFCI,FRED public CSV · long-history backfill,2026-09-13T12:56:40+08:00,confirmed
2004-01-09,-0.718,Federal Reserve Bank of Chicago / FRED,NFCI,FRED public CSV · long-history backfill,2026-09-13T12:56:40+08:00,confirmed
2004-01-16,-0.732,Federal Reserve Bank of Chicago / FRED,NFCI,FRED public CSV · long-history backfill,2026-09-13T12:56:40+08:00,confirmed
2004-01-23,-0.747,Federal Reserve Bank of Chicago / FRED,NFCI,FRED public CSV · long-history backfill,2026-09-13T12:56:40+08:00,confirmed
2004-01-30,-0.76,Federal Reserve Bank of Chicago / FRED,NFCI,FRED public CSV · long-history backfill,2026-09-13T12:56:40+08:00,confirmed
2004-02-06,-0.771,Federal Reserve Bank of Chicago / FRED,NFCI,FRED public CSV · long-history backfill,2026-09-13T12:56:40+08:00,confirmed
2004-02-13,-0.78,Federal Reserve Bank of Chicago / FRED,NFCI,FRED public CSV · long-history backfill,2026-09-13T12:57:36+08:00,confirmed
2004-02-20,-0.787,Federal Reserve Bank of Chicago / FRED,NFCI,FRED public CSV · long-history backfill,2026-09-13T12:57:36+08:00,confirmed
2004-02-27,-0.79,Federal Reserve Bank of Chicago / FRED,NFCI,FRED public CSV · long-history backfill,2026-09-13T12:57:36+08:00,confirmed
2004-03-05,-0.791,Federal Reserve Bank of Chicago / FRED,NFCI,FRED public CSV · long-history backfill,2026-09-13T12:57:36+08:00,confirmed
2004-03-12,-0.789,Federal Reserve Bank of Chicago / FRED,NFCI,FRED public CSV · long-history backfill,2026-09-13T12:57:36+08:00,confirmed
2004-03-19,-0.785,Federal Reserve Bank of Chicago / FRED,NFCI,FRED public CSV · long-history backfill,2026-09-13T12:57:36+08:00,confirmed
2004-03-26,-0.778,Federal Reserve Bank of Chicago / FRED,NFCI,FRED public CSV · long-history backfill,2026-09-13T12:57:36+08:00,confirmed
2004-04-02,-0.769,Federal Reserve Bank of Chicago / FRED,NFCI,FRED public CSV · long-history backfill,2026-09-13T12:57:36+08:00,confirmed
2004-04-09,-0.758,Federal Reserve Bank of Chicago / FRED,NFCI,FRED public CSV · long-history backfill,2026-09-13T12:57:36+08:00,confirmed
2004-04-16,-0.744,Federal Reserve Bank of Chicago / FRED,NFCI,FRED public CSV · long-history backfill,2026-09-13T12:57:36+08:00,confirmed
2004-04-23,-0.729,Federal Reserve Bank of Chicago / FRED,NFCI,FRED public CSV · long-history backfill,2026-09-13T12:57:36+08:00,confirmed
2004-04-30,-0.714,Federal Reserve Bank of Chicago / FRED,NFCI,FRED public CSV · long-history backfill,2026-09-13T12:57:36+08:00,confirmed
2004-05-07,-0.699,Federal Reserve Bank of Chicago / FRED,NFCI,FRED public CSV · long-history backfill,2026-09-13T12:57:36+08:00,confirmed
2004-05-14,-0.686,Federal Reserve Bank of Chicago / FRED,NFCI,FRED public CSV · long-history backfill,2026-09-13T12:57:36+08:00,confirmed
2004-05-21,-0.676,Federal Reserve Bank of Chicago / FRED,NFCI,FRED public CSV · long-history backfill,2026-09-13T12:57:36+08:00,confirmed
2004-05-28,-0.668,Federal Reserve Bank of Chicago / FRED,NFCI,FRED public CSV · long-history backfill,2026-09-13T12:57:36+08:00,confirmed
2004-06-04,-0.663,Federal Reserve Bank of Chicago / FRED,NFCI,FRED public CSV · long-history backfill,2026-09-13T12:57:36+08:00,confirmed
2004-06-11,-0.66,Federal Reserve Bank of Chicago / FRED,NFCI,FRED public CSV · long-history backfill,2026-09-13T12:57:36+08:00,confirmed
2004-06-18,-0.659,Federal Reserve Bank of Chicago / FRED,NFCI,FRED public CSV · long-history backfill,2026-09-13T12:57:36+08:00,confirmed
2004-06-25,-0.659,Federal Reserve Bank of Chicago / FRED,NFCI,FRED public CSV · long-history backfill,2026-09-13T12:57:36+08:00,confirmed
2004-07-02,-0.66,Federal Reserve Bank of Chicago / FRED,NFCI,FRED public CSV · long-history backfill,2026-09-13T12:57:36+08:00,confirmed
2004-07-09,-0.663,Federal Reserve Bank of Chicago / FRED,NFCI,FRED public CSV · long-history backfill,2026-09-13T12:57:36+08:00,confirmed
2004-07-16,-0.665,Federal Reserve Bank of Chicago / FRED,NFCI,FRED public CSV · long-history backfill,2026-09-13T12:57:36+08:00,confirmed
2004-07-23,-0.667,Federal Reserve Bank of Chicago / FRED,NFCI,FRED public CSV · long-history backfill,2026-09-13T12:57:36+08:00,confirmed
2004-07-30,-0.669,Federal Reserve Bank of Chicago / FRED,NFCI,FRED public CSV · long-history backfill,2026-09-13T12:57:36+08:00,confirmed
2004-08-06,-0.67,Federal Reserve Bank of Chicago / FRED,NFCI,FRED public CSV · long-history backfill,2026-09-13T12:57:36+08:00,confirmed
2004-08-13,-0.672,Federal Reserve Bank of Chicago / FRED,NFCI,FRED public CSV · long-history backfill,2026-09-13T12:57:36+08:00,confirmed
2004-08-20,-0.673,Federal Reserve Bank of Chicago / FRED,NFCI,FRED public CSV · long-history backfill,2026-09-13T12:57:36+08:00,confirmed
2004-08-27,-0.673,Federal Reserve Bank of Chicago / FRED,NFCI,FRED public CSV · long-history backfill,2026-09-13T12:57:36+08:00,confirmed
2004-09-03,-0.672,Federal Reserve Bank of Chicago / FRED,NFCI,FRED public CSV · long-history backfill,2026-09-13T12:57:36+08:00,confirmed
2004-09-10,-0.672,Federal Reserve Bank of Chicago / FRED,NFCI,FRED public CSV · long-history backfill,2026-09-13T12:57:36+08:00,confirmed
2004-09-17,-0.671,Federal Reserve Bank of Chicago / FRED,NFCI,FRED public CSV · long-history backfill,2026-09-13T12:57:36+08:00,confirmed
2004-09-24,-0.67,Federal Reserve Bank of Chicago / FRED,NFCI,FRED public CSV · long-history backfill,2026-09-13T12:57:36+08:00,confirmed
2004-10-01,-0.67,Federal Reserve Bank of Chicago / FRED,NFCI,FRED public CSV · long-history backfill,2026-09-13T12:57:36+08:00,confirmed
2004-10-08,-0.67,Federal Reserve Bank of Chicago / FRED,NFCI,FRED public CSV · long-history backfill,2026-09-13T12:57:36+08:00,confirmed
2004-10-15,-0.671,Federal Reserve Bank of Chicago / FRED,NFCI,FRED public CSV · long-history backfill,2026-09-13T12:57:36+08:00,confirmed
2004-10-22,-0.674,Federal Reserve Bank of Chicago / FRED,NFCI,FRED public CSV · long-history backfill,2026-09-13T12:57:36+08:00,confirmed
2004-10-29,-0.677,Federal Reserve Bank of Chicago / FRED,NFCI,FRED public CSV · long-history backfill,2026-09-13T12:57:36+08:00,confirmed
2004-11-05,-0.681,Federal Reserve Bank of Chicago / FRED,NFCI,FRED public CSV · long-history backfill,2026-09-13T12:57:36+08:00,confirmed
2004-11-12,-0.685,Federal Reserve Bank of Chicago / FRED,NFCI,FRED public CSV · long-history backfill,2026-09-13T12:57:36+08:00,confirmed
2004-11-19,-0.686,Federal Reserve Bank of Chicago / FRED,NFCI,FRED public CSV · long-history backfill,2026-09-13T12:57:36+08:00,confirmed
2004-11-26,-0.686,Federal Reserve Bank of Chicago / FRED,NFCI,FRED public CSV · long-history backfill,2026-09-13T12:57:36+08:00,confirmed
2004-12-03,-0.684,Federal Reserve Bank of Chicago / FRED,NFCI,FRED public CSV · long-history backfill,2026-09-13T12:57:36+08:00,confirmed
2004-12-10,-0.681,Federal Reserve Bank of Chicago / FRED,NFCI,FRED public CSV · long-history backfill,2026-09-13T12:57:36+08:00,confirmed
2004-12-17,-0.676,Federal Reserve Bank of Chicago / FRED,NFCI,FRED public CSV · long-history backfill,2026-09-13T12:57:36+08:00,confirmed
2004-12-24,-0.67,Federal Reserve Bank of Chicago / FRED,NFCI,FRED public CSV · long-history backfill,2026-09-13T12:57:36+08:00,confirmed
2004-12-31,-0.666,Federal Reserve Bank of Chicago / FRED,NFCI,FRED public CSV · long-history backfill,2026-09-13T12:57:36+08:00,confirmed
2005-01-07,-0.664,Federal Reserve Bank of Chicago / FRED,NFCI,FRED public CSV · long-history backfill,2026-09-13T12:57:36+08:00,confirmed
2005-01-14,-0.665,Federal Reserve Bank of Chicago / FRED,NFCI,FRED public CSV · long-history backfill,2026-09-13T12:57:36+08:00,confirmed
2005-01-21,-0.668,Federal Reserve Bank of Chicago / FRED,NFCI,FRED public CSV · long-history backfill,2026-09-13T12:56:40+08:00,confirmed
2005-01-28,-0.673,Federal Reserve Bank of Chicago / FRED,NFCI,FRED public CSV · long-history backfill,2026-09-13T12:57:36+08:00,confirmed
2005-02-04,-0.679,Federal Reserve Bank of Chicago / FRED,NFCI,FRED public CSV · long-history backfill,2026-09-13T12:57:36+08:00,confirmed
2005-02-11,-0.682,Federal Reserve Bank of Chicago / FRED,NFCI,FRED public CSV · long-history backfill,2026-09-13T12:56:40+08:00,confirmed
2005-02-18,-0.683,Federal Reserve Bank of Chicago / FRED,NFCI,FRED public CSV · long-history backfill,2026-09-13T12:56:40+08:00,confirmed
2005-02-25,-0.68,Federal Reserve Bank of Chicago / FRED,NFCI,FRED public CSV · long-history backfill,2026-09-13T12:56:40+08:00,confirmed
2005-03-04,-0.673,Federal Reserve Bank of Chicago / FRED,NFCI,FRED public CSV · long-history backfill,2026-09-13T12:56:40+08:00,confirmed
2005-03-11,-0.662,Federal Reserve Bank of Chicago / FRED,NFCI,FRED public CSV · long-history backfill,2026-09-13T12:56:40+08:00,confirmed
2005-03-18,-0.648,Federal Reserve Bank of Chicago / FRED,NFCI,FRED public CSV · long-history backfill,2026-09-13T12:56:40+08:00,confirmed
2005-03-25,-0.634,Federal Reserve Bank of Chicago / FRED,NFCI,FRED public CSV · long-history backfill,2026-09-13T12:56:40+08:00,confirmed
2005-04-01,-0.619,Federal Reserve Bank of Chicago / FRED,NFCI,FRED public CSV · long-history backfill,2026-09-13T12:57:36+08:00,confirmed
2005-04-08,-0.606,Federal Reserve Bank of Chicago / FRED,NFCI,FRED public CSV · long-history backfill,2026-09-13T12:57:36+08:00,confirmed
2005-04-15,-0.594,Federal Reserve Bank of Chicago / FRED,NFCI,FRED public CSV · long-history backfill,2026-09-13T12:56:40+08:00,confirmed
2005-04-22,-0.585,Federal Reserve Bank of Chicago / FRED,NFCI,FRED public CSV · long-history backfill,2026-09-13T12:56:40+08:00,confirmed
2005-04-29,-0.578,Federal Reserve Bank of Chicago / FRED,NFCI,FRED public CSV · long-history backfill,2026-09-13T12:57:36+08:00,confirmed
2005-05-06,-0.573,Federal Reserve Bank of Chicago / FRED,NFCI,FRED public CSV · long-history backfill,2026-09-13T12:57:36+08:00,confirmed
2005-05-13,-0.569,Federal Reserve Bank of Chicago / FRED,NFCI,FRED public CSV · long-history backfill,2026-09-13T12:56:40+08:00,confirmed
2005-05-20,-0.567,Federal Reserve Bank of Chicago / FRED,NFCI,FRED public CSV · long-history backfill,2026-09-13T12:57:36+08:00,confirmed
2005-05-27,-0.567,Federal Reserve Bank of Chicago / FRED,NFCI,FRED public CSV · long-history backfill,2026-09-13T12:57:36+08:00,confirmed
2005-06-03,-0.568,Federal Reserve Bank of Chicago / FRED,NFCI,FRED public CSV · long-history backfill,2026-09-13T12:57:36+08:00,confirmed
2005-06-10,-0.569,Federal Reserve Bank of Chicago / FRED,NFCI,FRED public CSV · long-history backfill,2026-09-13T12:57:36+08:00,confirmed
2005-06-17,-0.57,Federal Reserve Bank of Chicago / FRED,NFCI,FRED public CSV · long-history backfill,2026-09-13T12:57:36+08:00,confirmed
2005-06-24,-0.572,Federal Reserve Bank of Chicago / FRED,NFCI,FRED public CSV · long-history backfill,2026-09-13T12:57:36+08:00,confirmed
2005-07-01,-0.574,Federal Reserve Bank of Chicago / FRED,NFCI,FRED public CSV · long-history backfill,2026-09-13T12:57:36+08:00,confirmed
2005-07-08,-0.575,Federal Reserve Bank of Chicago / FRED,NFCI,FRED public CSV · long-history backfill,2026-09-13T12:57:36+08:00,confirmed
2005-07-15,-0.579,Federal Reserve Bank of Chicago / FRED,NFCI,FRED public CSV · long-history backfill,2026-09-13T12:57:36+08:00,confirmed
2005-07-22,-0.581,Federal Reserve Bank of Chicago / FRED,NFCI,FRED public CSV · long-history backfill,2026-09-13T12:57:36+08:00,confirmed
2005-07-29,-0.582,Federal Reserve Bank of Chicago / FRED,NFCI,FRED public CSV · long-history backfill,2026-09-13T12:56:40+08:00,confirmed
2005-08-05,-0.581,Federal Reserve Bank of Chicago / FRED,NFCI,FRED public CSV · long-history backfill,2026-09-13T12:57:36+08:00,confirmed
2005-08-12,-0.578,Federal Reserve Bank of Chicago / FRED,NFCI,FRED public CSV · long-history backfill,2026-09-13T12:56:40+08:00,confirmed
2005-08-19,-0.573,Federal Reserve Bank of Chicago / FRED,NFCI,FRED public CSV · long-history backfill,2026-09-13T12:56:40+08:00,confirmed
2005-08-26,-0.566,Federal Reserve Bank of Chicago / FRED,NFCI,FRED public CSV · long-history backfill,2026-09-13T12:56:40+08:00,confirmed
2005-09-02,-0.557,Federal Reserve Bank of Chicago / FRED,NFCI,FRED public CSV · long-history backfill,2026-09-13T12:56:40+08:00,confirmed
2005-09-09,-0.549,Federal Reserve Bank of Chicago / FRED,NFCI,FRED public CSV · long-history backfill,2026-09-13T12:57:36+08:00,confirmed
2005-09-16,-0.541,Federal Reserve Bank of Chicago / FRED,NFCI,FRED public CSV · long-history backfill,2026-09-13T12:57:36+08:00,confirmed
2005-09-23,-0.535,Federal Reserve Bank of Chicago / FRED,NFCI,FRED public CSV · long-history backfill,2026-09-13T12:57:36+08:00,confirmed
2005-09-30,-0.532,Federal Reserve Bank of Chicago / FRED,NFCI,FRED public CSV · long-history backfill,2026-09-13T12:57:36+08:00,confirmed
2005-10-07,-0.533,Federal Reserve Bank of Chicago / FRED,NFCI,FRED public CSV · long-history backfill,2026-09-13T12:57:36+08:00,confirmed
2005-10-14,-0.537,Federal Reserve Bank of Chicago / FRED,NFCI,FRED public CSV · long-history backfill,2026-09-13T12:57:36+08:00,confirmed
2005-10-21,-0.543,Federal Reserve Bank of Chicago / FRED,NFCI,FRED public CSV · long-history backfill,2026-09-13T12:57:36+08:00,confirmed
2005-10-28,-0.549,Federal Reserve Bank of Chicago / FRED,NFCI,FRED public CSV · long-history backfill,2026-09-13T12:57:36+08:00,confirmed
2005-11-04,-0.553,Federal Reserve Bank of Chicago / FRED,NFCI,FRED public CSV · long-history backfill,2026-09-13T12:57:36+08:00,confirmed
2005-11-11,-0.554,Federal Reserve Bank of Chicago / FRED,NFCI,FRED public CSV · long-history backfill,2026-09-13T12:57:36+08:00,confirmed
2005-11-18,-0.551,Federal Reserve Bank of Chicago / FRED,NFCI,FRED public CSV · long-history backfill,2026-09-13T12:57:36+08:00,confirmed
2005-11-25,-0.546,Federal Reserve Bank of Chicago / FRED,NFCI,FRED public CSV · long-history backfill,2026-09-13T12:57:36+08:00,confirmed
2005-12-02,-0.539,Federal Reserve Bank of Chicago / FRED,NFCI,FRED public CSV · long-history backfill,2026-09-13T12:57:36+08:00,confirmed
2005-12-09,-0.531,Federal Reserve Bank of Chicago / FRED,NFCI,FRED public CSV · long-history backfill,2026-09-13T12:57:36+08:00,confirmed
2005-12-16,-0.526,Federal Reserve Bank of Chicago / FRED,NFCI,FRED public CSV · long-history backfill,2026-09-13T12:57:36+08:00,confirmed
2005-12-23,-0.525,Federal Reserve Bank of Chicago / FRED,NFCI,FRED public CSV · long-history backfill,2026-09-13T12:56:40+08:00,confirmed
2005-12-30,-0.527,Federal Reserve Bank of Chicago / FRED,NFCI,FRED public CSV · long-history backfill,2026-09-13T12:56:40+08:00,confirmed
2006-01-06,-0.534,Federal Reserve Bank of Chicago / FRED,NFCI,FRED public CSV · long-history backfill,2026-09-13T12:56:40+08:00,confirmed
2006-01-13,-0.544,Federal Reserve Bank of Chicago / FRED,NFCI,FRED public CSV · long-history backfill,2026-09-13T12:56:40+08:00,confirmed
2006-01-20,-0.556,Federal Reserve Bank of Chicago / FRED,NFCI,FRED public CSV · long-history backfill,2026-09-13T12:56:40+08:00,confirmed
2006-01-27,-0.568,Federal Reserve Bank of Chicago / FRED,NFCI,FRED public CSV · long-history backfill,2026-09-13T12:56:40+08:00,confirmed
2006-02-03,-0.579,Federal Reserve Bank of Chicago / FRED,NFCI,FRED public CSV · long-history backfill,2026-09-13T12:56:40+08:00,confirmed
2006-02-10,-0.588,Federal Reserve Bank of Chicago / FRED,NFCI,FRED public CSV · long-history backfill,2026-09-13T12:56:40+08:00,confirmed
2006-02-17,-0.594,Federal Reserve Bank of Chicago / FRED,NFCI,FRED public CSV · long-history backfill,2026-09-13T12:56:40+08:00,confirmed
2006-02-24,-0.597,Federal Reserve Bank of Chicago / FRED,NFCI,FRED public CSV · long-history backfill,2026-09-13T12:56:40+08:00,confirmed
2006-03-03,-0.597,Federal Reserve Bank of Chicago / FRED,NFCI,FRED public CSV · long-history backfill,2026-09-13T12:56:40+08:00,confirmed
2006-03-10,-0.596,Federal Reserve Bank of Chicago / FRED,NFCI,FRED public CSV · long-history backfill,2026-09-13T12:56:40+08:00,confirmed
2006-03-17,-0.594,Federal Reserve Bank of Chicago / FRED,NFCI,FRED public CSV · long-history backfill,2026-09-13T12:56:40+08:00,confirmed
2006-03-24,-0.591,Federal Reserve Bank of Chicago / FRED,NFCI,FRED public CSV · long-history backfill,2026-09-13T12:56:40+08:00,confirmed
2006-03-31,-0.588,Federal Reserve Bank of Chicago / FRED,NFCI,FRED public CSV · long-history backfill,2026-09-13T12:56:40+08:00,confirmed
2006-04-07,-0.586,Federal Reserve Bank of Chicago / FRED,NFCI,FRED public CSV · long-history backfill,2026-09-13T12:56:40+08:00,confirmed
2006-04-14,-0.583,Federal Reserve Bank of Chicago / FRED,NFCI,FRED public CSV · long-history backfill,2026-09-13T12:56:40+08:00,confirmed
2006-04-21,-0.581,Federal Reserve Bank of Chicago / FRED,NFCI,FRED public CSV · long-history backfill,2026-09-13T12:57:36+08:00,confirmed
2006-04-28,-0.578,Federal Reserve Bank of Chicago / FRED,NFCI,FRED public CSV · long-history backfill,2026-09-13T12:57:36+08:00,confirmed
2006-05-05,-0.573,Federal Reserve Bank of Chicago / FRED,NFCI,FRED public CSV · long-history backfill,2026-09-13T12:57:36+08:00,confirmed
2006-05-12,-0.566,Federal Reserve Bank of Chicago / FRED,NFCI,FRED public CSV · long-history backfill,2026-09-13T12:57:36+08:00,confirmed
2006-05-19,-0.554,Federal Reserve Bank of Chicago / FRED,NFCI,FRED public CSV · long-history backfill,2026-09-13T12:57:36+08:00,confirmed
2006-05-26,-0.54,Federal Reserve Bank of Chicago / FRED,NFCI,FRED public CSV · long-history backfill,2026-09-13T12:57:36+08:00,confirmed
2006-06-02,-0.526,Federal Reserve Bank of Chicago / FRED,NFCI,FRED public CSV · long-history backfill,2026-09-13T12:57:36+08:00,confirmed
2006-06-09,-0.512,Federal Reserve Bank of Chicago / FRED,NFCI,FRED public CSV · long-history backfill,2026-09-13T12:56:40+08:00,confirmed
2006-06-16,-0.5,Federal Reserve Bank of Chicago / FRED,NFCI,FRED public CSV · long-history backfill,2026-09-13T12:57:36+08:00,confirmed
2006-06-23,-0.491,Federal Reserve Bank of Chicago / FRED,NFCI,FRED public CSV · long-history backfill,2026-09-13T12:57:36+08:00,confirmed
2006-06-30,-0.487,Federal Reserve Bank of Chicago / FRED,NFCI,FRED public CSV · long-history backfill,2026-09-13T12:57:36+08:00,confirmed
2006-07-07,-0.487,Federal Reserve Bank of Chicago / FRED,NFCI,FRED public CSV · long-history backfill,2026-09-13T12:56:40+08:00,confirmed
2006-07-14,-0.493,Federal Reserve Bank of Chicago / FRED,NFCI,FRED public CSV · long-history backfill,2026-09-13T12:56:40+08:00,confirmed
2006-07-21,-0.504,Federal Reserve Bank of Chicago / FRED,NFCI,FRED public CSV · long-history backfill,2026-09-13T12:57:36+08:00,confirmed
2006-07-28,-0.517,Federal Reserve Bank of Chicago / FRED,NFCI,FRED public CSV · long-history backfill,2026-09-13T12:56:40+08:00,confirmed
2006-08-04,-0.532,Federal Reserve Bank of Chicago / FRED,NFCI,FRED public CSV · long-history backfill,2026-09-13T12:57:36+08:00,confirmed
2006-08-11,-0.545,Federal Reserve Bank of Chicago / FRED,NFCI,FRED public CSV · long-history backfill,2026-09-13T12:57:36+08:00,confirmed
2006-08-18,-0.555,Federal Reserve Bank of Chicago / FRED,NFCI,FRED public CSV · long-history backfill,2026-09-13T12:57:36+08:00,confirmed
2006-08-25,-0.562,Federal Reserve Bank of Chicago / FRED,NFCI,FRED public CSV · long-history backfill,2026-09-13T12:57:36+08:00,confirmed
2006-09-01,-0.565,Federal Reserve Bank of Chicago / FRED,NFCI,FRED public CSV · long-history backfill,2026-09-13T12:57:36+08:00,confirmed
2006-09-08,-0.565,Federal Reserve Bank of Chicago / FRED,NFCI,FRED public CSV · long-history backfill,2026-09-13T12:56:40+08:00,confirmed
2006-09-15,-0.564,Federal Reserve Bank of Chicago / FRED,NFCI,FRED public CSV · long-history backfill,2026-09-13T12:56:40+08:00,confirmed
2006-09-22,-0.563,Federal Reserve Bank of Chicago / FRED,NFCI,FRED public CSV · long-history backfill,2026-09-13T12:57:36+08:00,confirmed
2006-09-29,-0.564,Federal Reserve Bank of Chicago / FRED,NFCI,FRED public CSV · long-history backfill,2026-09-13T12:56:40+08:00,confirmed
2006-10-06,-0.568,Federal Reserve Bank of Chicago / FRED,NFCI,FRED public CSV · long-history backfill,2026-09-13T12:56:40+08:00,confirmed
2006-10-13,-0.574,Federal Reserve Bank of Chicago / FRED,NFCI,FRED public CSV · long-history backfill,2026-09-13T12:56:40+08:00,confirmed
2006-10-20,-0.58,Federal Reserve Bank of Chicago / FRED,NFCI,FRED public CSV · long-history backfill,2026-09-13T12:57:36+08:00,confirmed
2006-10-27,-0.586,Federal Reserve Bank of Chicago / FRED,NFCI,FRED public CSV · long-history backfill,2026-09-13T12:57:36+08:00,confirmed
2006-11-03,-0.59,Federal Reserve Bank of Chicago / FRED,NFCI,FRED public CSV · long-history backfill,2026-09-13T12:57:36+08:00,confirmed
2006-11-10,-0.59,Federal Reserve Bank of Chicago / FRED,NFCI,FRED public CSV · long-history backfill,2026-09-13T12:57:36+08:00,confirmed
2006-11-17,-0.589,Federal Reserve Bank of Chicago / FRED,NFCI,FRED public CSV · long-history backfill,2026-09-13T12:57:36+08:00,confirmed
2006-11-24,-0.585,Federal Reserve Bank of Chicago / FRED,NFCI,FRED public CSV · long-history backfill,2026-09-13T12:56:40+08:00,confirmed
2006-12-01,-0.58,Federal Reserve Bank of Chicago / FRED,NFCI,FRED public CSV · long-history backfill,2026-09-13T12:57:36+08:00,confirmed
2006-12-08,-0.577,Federal Reserve Bank of Chicago / FRED,NFCI,FRED public CSV · long-history backfill,2026-09-13T12:56:40+08:00,confirmed
2006-12-15,-0.578,Federal Reserve Bank of Chicago / FRED,NFCI,FRED public CSV · long-history backfill,2026-09-13T12:56:40+08:00,confirmed
2006-12-22,-0.582,Federal Reserve Bank of Chicago / FRED,NFCI,FRED public CSV · long-history backfill,2026-09-13T12:56:40+08:00,confirmed
2006-12-29,-0.591,Federal Reserve Bank of Chicago / FRED,NFCI,FRED public CSV · long-history backfill,2026-09-13T12:56:40+08:00,confirmed
2007-01-05,-0.603,Federal Reserve Bank of Chicago / FRED,NFCI,FRED public CSV · long-history backfill,2026-09-13T12:57:36+08:00,confirmed
2007-01-12,-0.617,Federal Reserve Bank of Chicago / FRED,NFCI,FRED public CSV · long-history backfill,2026-09-13T12:56:40+08:00,confirmed
2007-01-19,-0.629,Federal Reserve Bank of Chicago / FRED,NFCI,FRED public CSV · long-history backfill,2026-09-13T12:56:40+08:00,confirmed
2007-01-26,-0.639,Federal Reserve Bank of Chicago / FRED,NFCI,FRED public CSV · long-history backfill,2026-09-13T12:56:40+08:00,confirmed
2007-02-02,-0.644,Federal Reserve Bank of Chicago / FRED,NFCI,FRED public CSV · long-history backfill,2026-09-13T12:56:40+08:00,confirmed
2007-02-09,-0.643,Federal Reserve Bank of Chicago / FRED,NFCI,FRED public CSV · long-history backfill,2026-09-13T12:57:36+08:00,confirmed
2007-02-16,-0.636,Federal Reserve Bank of Chicago / FRED,NFCI,FRED public CSV · long-history backfill,2026-09-13T12:57:36+08:00,confirmed
2007-02-23,-0.624,Federal Reserve Bank of Chicago / FRED,NFCI,FRED public CSV · long-history backfill,2026-09-13T12:57:36+08:00,confirmed
2007-03-02,-0.609,Federal Reserve Bank of Chicago / FRED,NFCI,FRED public CSV · long-history backfill,2026-09-13T12:56:40+08:00,confirmed
2007-03-09,-0.595,Federal Reserve Bank of Chicago / FRED,NFCI,FRED public CSV · long-history backfill,2026-09-13T12:57:36+08:00,confirmed
2007-03-16,-0.583,Federal Reserve Bank of Chicago / FRED,NFCI,FRED public CSV · long-history backfill,2026-09-13T12:57:36+08:00,confirmed
2007-03-23,-0.575,Federal Reserve Bank of Chicago / FRED,NFCI,FRED public CSV · long-history backfill,2026-09-13T12:57:36+08:00,confirmed
2007-03-30,-0.569,Federal Reserve Bank of Chicago / FRED,NFCI,FRED public CSV · long-history backfill,2026-09-13T12:57:36+08:00,confirmed
2007-04-06,-0.565,Federal Reserve Bank of Chicago / FRED,NFCI,FRED public CSV · long-history backfill,2026-09-13T12:57:36+08:00,confirmed
2007-04-13,-0.561,Federal Reserve Bank of Chicago / FRED,NFCI,FRED public CSV · long-history backfill,2026-09-13T12:56:40+08:00,confirmed
2007-04-20,-0.556,Federal Reserve Bank of Chicago / FRED,NFCI,FRED public CSV · long-history backfill,2026-09-13T12:56:40+08:00,confirmed
2007-04-27,-0.548,Federal Reserve Bank of Chicago / FRED,NFCI,FRED public CSV · long-history backfill,2026-09-13T12:57:36+08:00,confirmed
2007-05-04,-0.539,Federal Reserve Bank of Chicago / FRED,NFCI,FRED public CSV · long-history backfill,2026-09-13T12:57:36+08:00,confirmed
2007-05-11,-0.529,Federal Reserve Bank of Chicago / FRED,NFCI,FRED public CSV · long-history backfill,2026-09-13T12:57:36+08:00,confirmed
2007-05-18,-0.52,Federal Reserve Bank of Chicago / FRED,NFCI,FRED public CSV · long-history backfill,2026-09-13T12:57:36+08:00,confirmed
2007-05-25,-0.511,Federal Reserve Bank of Chicago / FRED,NFCI,FRED public CSV · long-history backfill,2026-09-13T12:56:40+08:00,confirmed
2007-06-01,-0.504,Federal Reserve Bank of Chicago / FRED,NFCI,FRED public CSV · long-history backfill,2026-09-13T12:57:36+08:00,confirmed
2007-06-08,-0.501,Federal Reserve Bank of Chicago / FRED,NFCI,FRED public CSV · long-history backfill,2026-09-13T12:57:36+08:00,confirmed
2007-06-15,-0.498,Federal Reserve Bank of Chicago / FRED,NFCI,FRED public CSV · long-history backfill,2026-09-13T12:56:40+08:00,confirmed
2007-06-22,-0.493,Federal Reserve Bank of Chicago / FRED,NFCI,FRED public CSV · long-history backfill,2026-09-13T12:57:36+08:00,confirmed
2007-06-29,-0.481,Federal Reserve Bank of Chicago / FRED,NFCI,FRED public CSV · long-history backfill,2026-09-13T12:56:40+08:00,confirmed
2007-07-06,-0.457,Federal Reserve Bank of Chicago / FRED,NFCI,FRED public CSV · long-history backfill,2026-09-13T12:57:36+08:00,confirmed
2007-07-13,-0.413,Federal Reserve Bank of Chicago / FRED,NFCI,FRED public CSV · long-history backfill,2026-09-13T12:57:36+08:00,confirmed
2007-07-20,-0.344,Federal Reserve Bank of Chicago / FRED,NFCI,FRED public CSV · long-history backfill,2026-09-13T12:57:36+08:00,confirmed
2007-07-27,-0.251,Federal Reserve Bank of Chicago / FRED,NFCI,FRED public CSV · long-history backfill,2026-09-13T12:56:40+08:00,confirmed
2007-08-03,-0.139,Federal Reserve Bank of Chicago / FRED,NFCI,FRED public CSV · long-history backfill,2026-09-13T12:57:36+08:00,confirmed
2007-08-10,-0.019,Federal Reserve Bank of Chicago / FRED,NFCI,FRED public CSV · long-history backfill,2026-09-13T12:57:36+08:00,confirmed
2007-08-17,0.099,Federal Reserve Bank of Chicago / FRED,NFCI,FRED public CSV · long-history backfill,2026-09-13T12:57:36+08:00,confirmed
2007-08-24,0.193,Federal Reserve Bank of Chicago / FRED,NFCI,FRED public CSV · long-history backfill,2026-09-13T12:56:40+08:00,confirmed
2007-08-31,0.245,Federal Reserve Bank of Chicago / FRED,NFCI,FRED public CSV · long-history backfill,2026-09-13T12:56:40+08:00,confirmed
2007-09-07,0.26,Federal Reserve Bank of Chicago / FRED,NFCI,FRED public CSV · long-history backfill,2026-09-13T12:56:40+08:00,confirmed
2007-09-14,0.236,Federal Reserve Bank of Chicago / FRED,NFCI,FRED public CSV · long-history backfill,2026-09-13T12:56:40+08:00,confirmed
2007-09-21,0.178,Federal Reserve Bank of Chicago / FRED,NFCI,FRED public CSV · long-history backfill,2026-09-13T12:56:40+08:00,confirmed
2007-09-28,0.111,Federal Reserve Bank of Chicago / FRED,NFCI,FRED public CSV · long-history backfill,2026-09-13T12:56:40+08:00,confirmed
2007-10-05,0.049,Federal Reserve Bank of Chicago / FRED,NFCI,FRED public CSV · long-history backfill,2026-09-13T12:56:40+08:00,confirmed
2007-10-12,0.007,Federal Reserve Bank of Chicago / FRED,NFCI,FRED public CSV · long-history backfill,2026-09-13T12:57:36+08:00,confirmed
2007-10-19,-0.001,Federal Reserve Bank of Chicago / FRED,NFCI,FRED public CSV · long-history backfill,2026-09-13T12:57:36+08:00,confirmed
2007-10-26,0.029,Federal Reserve Bank of Chicago / FRED,NFCI,FRED public CSV · long-history backfill,2026-09-13T12:56:40+08:00,confirmed
2007-11-02,0.095,Federal Reserve Bank of Chicago / FRED,NFCI,FRED public CSV · long-history backfill,2026-09-13T12:56:40+08:00,confirmed
2007-11-09,0.193,Federal Reserve Bank of Chicago / FRED,NFCI,FRED public CSV · long-history backfill,2026-09-13T12:57:36+08:00,confirmed
2007-11-16,0.305,Federal Reserve Bank of Chicago / FRED,NFCI,FRED public CSV · long-history backfill,2026-09-13T12:57:36+08:00,confirmed
2007-11-23,0.419,Federal Reserve Bank of Chicago / FRED,NFCI,FRED public CSV · long-history backfill,2026-09-13T12:57:36+08:00,confirmed
2007-11-30,0.514,Federal Reserve Bank of Chicago / FRED,NFCI,FRED public CSV · long-history backfill,2026-09-13T12:57:36+08:00,confirmed
2007-12-07,0.578,Federal Reserve Bank of Chicago / FRED,NFCI,FRED public CSV · long-history backfill,2026-09-13T12:57:36+08:00,confirmed
2007-12-14,0.606,Federal Reserve Bank of Chicago / FRED,NFCI,FRED public CSV · long-history backfill,2026-09-13T12:57:36+08:00,confirmed
2007-12-21,0.597,Federal Reserve Bank of Chicago / FRED,NFCI,FRED public CSV · long-history backfill,2026-09-13T12:56:40+08:00,confirmed
2007-12-28,0.557,Federal Reserve Bank of Chicago / FRED,NFCI,FRED public CSV · long-history backfill,2026-09-13T12:56:40+08:00,confirmed
2008-01-04,0.509,Federal Reserve Bank of Chicago / FRED,NFCI,FRED public CSV · long-history backfill,2026-09-13T12:57:36+08:00,confirmed
2008-01-11,0.463,Federal Reserve Bank of Chicago / FRED,NFCI,FRED public CSV · long-history backfill,2026-09-13T12:56:40+08:00,confirmed
2008-01-18,0.438,Federal Reserve Bank of Chicago / FRED,NFCI,FRED public CSV · long-history backfill,2026-09-13T12:57:36+08:00,confirmed
2008-01-25,0.444,Federal Reserve Bank of Chicago / FRED,NFCI,FRED public CSV · long-history backfill,2026-09-13T12:56:40+08:00,confirmed
2008-02-01,0.473,Federal Reserve Bank of Chicago / FRED,NFCI,FRED public CSV · long-history backfill,2026-09-13T12:57:36+08:00,confirmed
2008-02-08,0.533,Federal Reserve Bank of Chicago / FRED,NFCI,FRED public CSV · long-history backfill,2026-09-13T12:56:40+08:00,confirmed
2008-02-15,0.617,Federal Reserve Bank of Chicago / FRED,NFCI,FRED public CSV · long-history backfill,2026-09-13T12:57:36+08:00,confirmed
2008-02-22,0.715,Federal Reserve Bank of Chicago / FRED,NFCI,FRED public CSV · long-history backfill,2026-09-13T12:56:40+08:00,confirmed
2008-02-29,0.814,Federal Reserve Bank of Chicago / FRED,NFCI,FRED public CSV · long-history backfill,2026-09-13T12:57:36+08:00,confirmed
2008-03-07,0.905,Federal Reserve Bank of Chicago / FRED,NFCI,FRED public CSV · long-history backfill,2026-09-13T12:56:40+08:00,confirmed
2008-03-14,0.965,Federal Reserve Bank of Chicago / FRED,NFCI,FRED public CSV · long-history backfill,2026-09-13T12:56:40+08:00,confirmed
2008-03-21,0.99,Federal Reserve Bank of Chicago / FRED,NFCI,FRED public CSV · long-history backfill,2026-09-13T12:57:36+08:00,confirmed
2008-03-28,0.97,Federal Reserve Bank of Chicago / FRED,NFCI,FRED public CSV · long-history backfill,2026-09-13T12:56:40+08:00,confirmed
2008-04-04,0.917,Federal Reserve Bank of Chicago / FRED,NFCI,FRED public CSV · long-history backfill,2026-09-13T12:57:36+08:00,confirmed
2008-04-11,0.844,Federal Reserve Bank of Chicago / FRED,NFCI,FRED public CSV · long-history backfill,2026-09-13T12:57:36+08:00,confirmed
2008-04-18,0.761,Federal Reserve Bank of Chicago / FRED,NFCI,FRED public CSV · long-history backfill,2026-09-13T12:57:36+08:00,confirmed
2008-04-25,0.675,Federal Reserve Bank of Chicago / FRED,NFCI,FRED public CSV · long-history backfill,2026-09-13T12:57:36+08:00,confirmed
2008-05-02,0.6,Federal Reserve Bank of Chicago / FRED,NFCI,FRED public CSV · long-history backfill,2026-09-13T12:57:36+08:00,confirmed
2008-05-09,0.545,Federal Reserve Bank of Chicago / FRED,NFCI,FRED public CSV · long-history backfill,2026-09-13T12:57:36+08:00,confirmed
2008-05-16,0.512,Federal Reserve Bank of Chicago / FRED,NFCI,FRED public CSV · long-history backfill,2026-09-13T12:56:40+08:00,confirmed
2008-05-23,0.507,Federal Reserve Bank of Chicago / FRED,NFCI,FRED public CSV · long-history backfill,2026-09-13T12:57:36+08:00,confirmed
2008-05-30,0.528,Federal Reserve Bank of Chicago / FRED,NFCI,FRED public CSV · long-history backfill,2026-09-13T12:57:36+08:00,confirmed
2008-06-06,0.574,Federal Reserve Bank of Chicago / FRED,NFCI,FRED public CSV · long-history backfill,2026-09-13T12:57:36+08:00,confirmed
2008-06-13,0.628,Federal Reserve Bank of Chicago / FRED,NFCI,FRED public CSV · long-history backfill,2026-09-13T12:56:40+08:00,confirmed
2008-06-20,0.684,Federal Reserve Bank of Chicago / FRED,NFCI,FRED public CSV · long-history backfill,2026-09-13T12:56:40+08:00,confirmed
2008-06-27,0.736,Federal Reserve Bank of Chicago / FRED,NFCI,FRED public CSV · long-history backfill,2026-09-13T12:56:40+08:00,confirmed
2008-07-04,0.768,Federal Reserve Bank of Chicago / FRED,NFCI,FRED public CSV · long-history backfill,2026-09-13T12:56:40+08:00,confirmed
2008-07-11,0.776,Federal Reserve Bank of Chicago / FRED,NFCI,FRED public CSV · long-history backfill,2026-09-13T12:56:40+08:00,confirmed
2008-07-18,0.766,Federal Reserve Bank of Chicago / FRED,NFCI,FRED public CSV · long-history backfill,2026-09-13T12:56:40+08:00,confirmed
2008-07-25,0.737,Federal Reserve Bank of Chicago / FRED,NFCI,FRED public CSV · long-history backfill,2026-09-13T12:56:40+08:00,confirmed
2008-08-01,0.705,Federal Reserve Bank of Chicago / FRED,NFCI,FRED public CSV · long-history backfill,2026-09-13T12:56:40+08:00,confirmed
2008-08-08,0.689,Federal Reserve Bank of Chicago / FRED,NFCI,FRED public CSV · long-history backfill,2026-09-13T12:56:40+08:00,confirmed
2008-08-15,0.695,Federal Reserve Bank of Chicago / FRED,NFCI,FRED public CSV · long-history backfill,2026-09-13T12:56:40+08:00,confirmed
2008-08-22,0.75,Federal Reserve Bank of Chicago / FRED,NFCI,FRED public CSV · long-history backfill,2026-09-13T12:56:40+08:00,confirmed
2008-08-29,0.858,Federal Reserve Bank of Chicago / FRED,NFCI,FRED public CSV · long-history backfill,2026-09-13T12:56:40+08:00,confirmed
2008-09-05,1.025,Federal Reserve Bank of Chicago / FRED,NFCI,FRED public CSV · long-history backfill,2026-09-13T12:56:40+08:00,confirmed
2008-09-12,1.245,Federal Reserve Bank of Chicago / FRED,NFCI,FRED public CSV · long-history backfill,2026-09-13T12:56:40+08:00,confirmed
2008-09-19,1.528,Federal Reserve Bank of Chicago / FRED,NFCI,FRED public CSV · long-history backfill,2026-09-13T12:56:40+08:00,confirmed
2008-09-26,1.81,Federal Reserve Bank of Chicago / FRED,NFCI,FRED public CSV · long-history backfill,2026-09-13T12:56:40+08:00,confirmed
2008-10-03,2.093,Federal Reserve Bank of Chicago / FRED,NFCI,FRED public CSV · long-history backfill,2026-09-13T12:56:40+08:00,confirmed
2008-10-10,2.349,Federal Reserve Bank of Chicago / FRED,NFCI,FRED public CSV · long-history backfill,2026-09-13T12:57:36+08:00,confirmed
2008-10-17,2.551,Federal Reserve Bank of Chicago / FRED,NFCI,FRED public CSV · long-history backfill,2026-09-13T12:57:36+08:00,confirmed
2008-10-24,2.701,Federal Reserve Bank of Chicago / FRED,NFCI,FRED public CSV · long-history backfill,2026-09-13T12:57:36+08:00,confirmed
2008-10-31,2.828,Federal Reserve Bank of Chicago / FRED,NFCI,FRED public CSV · long-history backfill,2026-09-13T12:56:40+08:00,confirmed
2008-11-07,2.924,Federal Reserve Bank of Chicago / FRED,NFCI,FRED public CSV · long-history backfill,2026-09-13T12:56:40+08:00,confirmed
2008-11-14,3.006,Federal Reserve Bank of Chicago / FRED,NFCI,FRED public CSV · long-history backfill,2026-09-13T12:56:40+08:00,confirmed
2008-11-21,3.08,Federal Reserve Bank of Chicago / FRED,NFCI,FRED public CSV · long-history backfill,2026-09-13T12:56:40+08:00,confirmed
2008-11-28,3.105,Federal Reserve Bank of Chicago / FRED,NFCI,FRED public CSV · long-history backfill,2026-09-13T12:57:36+08:00,confirmed
2008-12-05,3.095,Federal Reserve Bank of Chicago / FRED,NFCI,FRED public CSV · long-history backfill,2026-09-13T12:57:36+08:00,confirmed
2008-12-12,3.027,Federal Reserve Bank of Chicago / FRED,NFCI,FRED public CSV · long-history backfill,2026-09-13T12:57:36+08:00,confirmed
2008-12-19,2.901,Federal Reserve Bank of Chicago / FRED,NFCI,FRED public CSV · long-history backfill,2026-09-13T12:56:40+08:00,confirmed
2008-12-26,2.74,Federal Reserve Bank of Chicago / FRED,NFCI,FRED public CSV · long-history backfill,2026-09-13T12:56:40+08:00,confirmed
2009-01-02,2.584,Federal Reserve Bank of Chicago / FRED,NFCI,FRED public CSV · long-history backfill,2026-09-13T12:56:40+08:00,confirmed
2009-01-09,2.429,Federal Reserve Bank of Chicago / FRED,NFCI,FRED public CSV · long-history backfill,2026-09-13T12:56:40+08:00,confirmed
2009-01-16,2.303,Federal Reserve Bank of Chicago / FRED,NFCI,FRED public CSV · long-history backfill,2026-09-13T12:56:40+08:00,confirmed
2009-01-23,2.21,Federal Reserve Bank of Chicago / FRED,NFCI,FRED public CSV · long-history backfill,2026-09-13T12:57:36+08:00,confirmed
2009-01-30,2.148,Federal Reserve Bank of Chicago / FRED,NFCI,FRED public CSV · long-history backfill,2026-09-13T12:57:36+08:00,confirmed
2009-02-06,2.115,Federal Reserve Bank of Chicago / FRED,NFCI,FRED public CSV · long-history backfill,2026-09-13T12:57:36+08:00,confirmed
2009-02-13,2.113,Federal Reserve Bank of Chicago / FRED,NFCI,FRED public CSV · long-history backfill,2026-09-13T12:57:36+08:00,confirmed
2009-02-20,2.125,Federal Reserve Bank of Chicago / FRED,NFCI,FRED public CSV · long-history backfill,2026-09-13T12:56:40+08:00,confirmed
2009-02-27,2.137,Federal Reserve Bank of Chicago / FRED,NFCI,FRED public CSV · long-history backfill,2026-09-13T12:57:36+08:00,confirmed
2009-03-06,2.137,Federal Reserve Bank of Chicago / FRED,NFCI,FRED public CSV · long-history backfill,2026-09-13T12:57:36+08:00,confirmed
2009-03-13,2.096,Federal Reserve Bank of Chicago / FRED,NFCI,FRED public CSV · long-history backfill,2026-09-13T12:57:36+08:00,confirmed
2009-03-20,2.021,Federal Reserve Bank of Chicago / FRED,NFCI,FRED public CSV · long-history backfill,2026-09-13T12:56:40+08:00,confirmed
2009-03-27,1.915,Federal Reserve Bank of Chicago / FRED,NFCI,FRED public CSV · long-history backfill,2026-09-13T12:57:36+08:00,confirmed
2009-04-03,1.789,Federal Reserve Bank of Chicago / FRED,NFCI,FRED public CSV · long-history backfill,2026-09-13T12:57:36+08:00,confirmed
2009-04-10,1.649,Federal Reserve Bank of Chicago / FRED,NFCI,FRED public CSV · long-history backfill,2026-09-13T12:57:36+08:00,confirmed
2009-04-17,1.507,Federal Reserve Bank of Chicago / FRED,NFCI,FRED public CSV · long-history backfill,2026-09-13T12:56:40+08:00,confirmed
2009-04-24,1.369,Federal Reserve Bank of Chicago / FRED,NFCI,FRED public CSV · long-history backfill,2026-09-13T12:57:36+08:00,confirmed
2009-05-01,1.236,Federal Reserve Bank of Chicago / FRED,NFCI,FRED public CSV · long-history backfill,2026-09-13T12:57:36+08:00,confirmed
2009-05-08,1.114,Federal Reserve Bank of Chicago / FRED,NFCI,FRED public CSV · long-history backfill,2026-09-13T12:56:40+08:00,confirmed
2009-05-15,1.014,Federal Reserve Bank of Chicago / FRED,NFCI,FRED public CSV · long-history backfill,2026-09-13T12:57:36+08:00,confirmed
2009-05-22,0.932,Federal Reserve Bank of Chicago / FRED,NFCI,FRED public CSV · long-history backfill,2026-09-13T12:57:36+08:00,confirmed
2009-05-29,0.873,Federal Reserve Bank of Chicago / FRED,NFCI,FRED public CSV · long-history backfill,2026-09-13T12:57:36+08:00,confirmed
2009-06-05,0.826,Federal Reserve Bank of Chicago / FRED,NFCI,FRED public CSV · long-history backfill,2026-09-13T12:57:36+08:00,confirmed
2009-06-12,0.789,Federal Reserve Bank of Chicago / FRED,NFCI,FRED public CSV · long-history backfill,2026-09-13T12:57:36+08:00,confirmed
2009-06-19,0.758,Federal Reserve Bank of Chicago / FRED,NFCI,FRED public CSV · long-history backfill,2026-09-13T12:57:36+08:00,confirmed
2009-06-26,0.721,Federal Reserve Bank of Chicago / FRED,NFCI,FRED public CSV · long-history backfill,2026-09-13T12:56:40+08:00,confirmed
2009-07-03,0.675,Federal Reserve Bank of Chicago / FRED,NFCI,FRED public CSV · long-history backfill,2026-09-13T12:56:40+08:00,confirmed
2009-07-10,0.621,Federal Reserve Bank of Chicago / FRED,NFCI,FRED public CSV · long-history backfill,2026-09-13T12:56:40+08:00,confirmed
2009-07-17,0.556,Federal Reserve Bank of Chicago / FRED,NFCI,FRED public CSV · long-history backfill,2026-09-13T12:57:36+08:00,confirmed
2009-07-24,0.486,Federal Reserve Bank of Chicago / FRED,NFCI,FRED public CSV · long-history backfill,2026-09-13T12:57:36+08:00,confirmed
2009-07-31,0.418,Federal Reserve Bank of Chicago / FRED,NFCI,FRED public CSV · long-history backfill,2026-09-13T12:57:36+08:00,confirmed
2009-08-07,0.359,Federal Reserve Bank of Chicago / FRED,NFCI,FRED public CSV · long-history backfill,2026-09-13T12:57:36+08:00,confirmed
2009-08-14,0.311,Federal Reserve Bank of Chicago / FRED,NFCI,FRED public CSV · long-history backfill,2026-09-13T12:56:40+08:00,confirmed
2009-08-21,0.27,Federal Reserve Bank of Chicago / FRED,NFCI,FRED public CSV · long-history backfill,2026-09-13T12:57:36+08:00,confirmed
2009-08-28,0.233,Federal Reserve Bank of Chicago / FRED,NFCI,FRED public CSV · long-history backfill,2026-09-13T12:57:36+08:00,confirmed
2009-09-04,0.2,Federal Reserve Bank of Chicago / FRED,NFCI,FRED public CSV · long-history backfill,2026-09-13T12:57:36+08:00,confirmed
2009-09-11,0.167,Federal Reserve Bank of Chicago / FRED,NFCI,FRED public CSV · long-history backfill,2026-09-13T12:57:36+08:00,confirmed
2009-09-18,0.134,Federal Reserve Bank of Chicago / FRED,NFCI,FRED public CSV · long-history backfill,2026-09-13T12:57:36+08:00,confirmed
2009-09-25,0.105,Federal Reserve Bank of Chicago / FRED,NFCI,FRED public CSV · long-history backfill,2026-09-13T12:57:36+08:00,confirmed
2009-10-02,0.083,Federal Reserve Bank of Chicago / FRED,NFCI,FRED public CSV · long-history backfill,2026-09-13T12:56:40+08:00,confirmed
2009-10-09,0.063,Federal Reserve Bank of Chicago / FRED,NFCI,FRED public CSV · long-history backfill,2026-09-13T12:57:36+08:00,confirmed
2009-10-16,0.046,Federal Reserve Bank of Chicago / FRED,NFCI,FRED public CSV · long-history backfill,2026-09-13T12:57:36+08:00,confirmed
2009-10-23,0.034,Federal Reserve Bank of Chicago / FRED,NFCI,FRED public CSV · long-history backfill,2026-09-13T12:57:36+08:00,confirmed
2009-10-30,0.026,Federal Reserve Bank of Chicago / FRED,NFCI,FRED public CSV · long-history backfill,2026-09-13T12:56:40+08:00,confirmed
2009-11-06,0.017,Federal Reserve Bank of Chicago / FRED,NFCI,FRED public CSV · long-history backfill,2026-09-13T12:57:36+08:00,confirmed
2009-11-13,0.005,Federal Reserve Bank of Chicago / FRED,NFCI,FRED public CSV · long-history backfill,2026-09-13T12:56:40+08:00,confirmed
2009-11-20,-0.009,Federal Reserve Bank of Chicago / FRED,NFCI,FRED public CSV · long-history backfill,2026-09-13T12:57:36+08:00,confirmed
2009-11-27,-0.029,Federal Reserve Bank of Chicago / FRED,NFCI,FRED public CSV · long-history backfill,2026-09-13T12:56:40+08:00,confirmed
2009-12-04,-0.054,Federal Reserve Bank of Chicago / FRED,NFCI,FRED public CSV · long-history backfill,2026-09-13T12:56:40+08:00,confirmed
2009-12-11,-0.085,Federal Reserve Bank of Chicago / FRED,NFCI,FRED public CSV · long-history backfill,2026-09-13T12:56:40+08:00,confirmed
2009-12-18,-0.118,Federal Reserve Bank of Chicago / FRED,NFCI,FRED public CSV · long-history backfill,2026-09-13T12:57:36+08:00,confirmed
2009-12-25,-0.15,Federal Reserve Bank of Chicago / FRED,NFCI,FRED public CSV · long-history backfill,2026-09-13T12:57:36+08:00,confirmed
2010-01-01,-0.175,Federal Reserve Bank of Chicago / FRED,NFCI,FRED public CSV · long-history backfill,2026-09-13T12:57:36+08:00,confirmed
2010-01-08,-0.196,Federal Reserve Bank of Chicago / FRED,NFCI,FRED public CSV · long-history backfill,2026-09-13T12:57:36+08:00,confirmed
2010-01-15,-0.206,Federal Reserve Bank of Chicago / FRED,NFCI,FRED public CSV · long-history backfill,2026-09-13T12:56:40+08:00,confirmed
2010-01-22,-0.206,Federal Reserve Bank of Chicago / FRED,NFCI,FRED public CSV · long-history backfill,2026-09-13T12:56:40+08:00,confirmed
2010-01-29,-0.202,Federal Reserve Bank of Chicago / FRED,NFCI,FRED public CSV · long-history backfill,2026-09-13T12:56:40+08:00,confirmed
2010-02-05,-0.199,Federal Reserve Bank of Chicago / FRED,NFCI,FRED public CSV · long-history backfill,2026-09-13T12:56:40+08:00,confirmed
2010-02-12,-0.202,Federal Reserve Bank of Chicago / FRED,NFCI,FRED public CSV · long-history backfill,2026-09-13T12:56:40+08:00,confirmed
2010-02-19,-0.22,Federal Reserve Bank of Chicago / FRED,NFCI,FRED public CSV · long-history backfill,2026-09-13T12:56:40+08:00,confirmed
2010-02-26,-0.249,Federal Reserve Bank of Chicago / FRED,NFCI,FRED public CSV · long-history backfill,2026-09-13T12:57:36+08:00,confirmed
2010-03-05,-0.289,Federal Reserve Bank of Chicago / FRED,NFCI,FRED public CSV · long-history backfill,2026-09-13T12:57:36+08:00,confirmed
2010-03-12,-0.336,Federal Reserve Bank of Chicago / FRED,NFCI,FRED public CSV · long-history backfill,2026-09-13T12:57:36+08:00,confirmed
2010-03-19,-0.384,Federal Reserve Bank of Chicago / FRED,NFCI,FRED public CSV · long-history backfill,2026-09-13T12:57:36+08:00,confirmed
2010-03-26,-0.427,Federal Reserve Bank of Chicago / FRED,NFCI,FRED public CSV · long-history backfill,2026-09-13T12:57:36+08:00,confirmed
2010-04-02,-0.459,Federal Reserve Bank of Chicago / FRED,NFCI,FRED public CSV · long-history backfill,2026-09-13T12:56:40+08:00,confirmed
2010-04-09,-0.473,Federal Reserve Bank of Chicago / FRED,NFCI,FRED public CSV · long-history backfill,2026-09-13T12:56:40+08:00,confirmed
2010-04-16,-0.464,Federal Reserve Bank of Chicago / FRED,NFCI,FRED public CSV · long-history backfill,2026-09-13T12:56:40+08:00,confirmed
2010-04-23,-0.431,Federal Reserve Bank of Chicago / FRED,NFCI,FRED public CSV · long-history backfill,2026-09-13T12:56:40+08:00,confirmed
2010-04-30,-0.374,Federal Reserve Bank of Chicago / FRED,NFCI,FRED public CSV · long-history backfill,2026-09-13T12:57:36+08:00,confirmed
2010-05-07,-0.298,Federal Reserve Bank of Chicago / FRED,NFCI,FRED public CSV · long-history backfill,2026-09-13T12:56:40+08:00,confirmed
2010-05-14,-0.223,Federal Reserve Bank of Chicago / FRED,NFCI,FRED public CSV · long-history backfill,2026-09-13T12:56:40+08:00,confirmed
2010-05-21,-0.15,Federal Reserve Bank of Chicago / FRED,NFCI,FRED public CSV · long-history backfill,2026-09-13T12:56:40+08:00,confirmed
2010-05-28,-0.096,Federal Reserve Bank of Chicago / FRED,NFCI,FRED public CSV · long-history backfill,2026-09-13T12:57:36+08:00,confirmed
2010-06-04,-0.064,Federal Reserve Bank of Chicago / FRED,NFCI,FRED public CSV · long-history backfill,2026-09-13T12:57:36+08:00,confirmed
2010-06-11,-0.055,Federal Reserve Bank of Chicago / FRED,NFCI,FRED public CSV · long-history backfill,2026-09-13T12:57:36+08:00,confirmed
2010-06-18,-0.069,Federal Reserve Bank of Chicago / FRED,NFCI,FRED public CSV · long-history backfill,2026-09-13T12:56:40+08:00,confirmed
2010-06-25,-0.096,Federal Reserve Bank of Chicago / FRED,NFCI,FRED public CSV · long-history backfill,2026-09-13T12:56:40+08:00,confirmed
2010-07-02,-0.131,Federal Reserve Bank of Chicago / FRED,NFCI,FRED public CSV · long-history backfill,2026-09-13T12:56:40+08:00,confirmed
2010-07-09,-0.172,Federal Reserve Bank of Chicago / FRED,NFCI,FRED public CSV · long-history backfill,2026-09-13T12:57:36+08:00,confirmed
2010-07-16,-0.212,Federal Reserve Bank of Chicago / FRED,NFCI,FRED public CSV · long-history backfill,2026-09-13T12:56:40+08:00,confirmed
2010-07-23,-0.245,Federal Reserve Bank of Chicago / FRED,NFCI,FRED public CSV · long-history backfill,2026-09-13T12:56:40+08:00,confirmed
2010-07-30,-0.269,Federal Reserve Bank of Chicago / FRED,NFCI,FRED public CSV · long-history backfill,2026-09-13T12:56:40+08:00,confirmed
2010-08-06,-0.283,Federal Reserve Bank of Chicago / FRED,NFCI,FRED public CSV · long-history backfill,2026-09-13T12:56:40+08:00,confirmed
2010-08-13,-0.288,Federal Reserve Bank of Chicago / FRED,NFCI,FRED public CSV · long-history backfill,2026-09-13T12:56:40+08:00,confirmed
2010-08-20,-0.289,Federal Reserve Bank of Chicago / FRED,NFCI,FRED public CSV · long-history backfill,2026-09-13T12:57:36+08:00,confirmed
2010-08-27,-0.292,Federal Reserve Bank of Chicago / FRED,NFCI,FRED public CSV · long-history backfill,2026-09-13T12:56:40+08:00,confirmed
2010-09-03,-0.299,Federal Reserve Bank of Chicago / FRED,NFCI,FRED public CSV · long-history backfill,2026-09-13T12:56:40+08:00,confirmed
2010-09-10,-0.314,Federal Reserve Bank of Chicago / FRED,NFCI,FRED public CSV · long-history backfill,2026-09-13T12:56:40+08:00,confirmed
2010-09-17,-0.334,Federal Reserve Bank of Chicago / FRED,NFCI,FRED public CSV · long-history backfill,2026-09-13T12:56:40+08:00,confirmed
2010-09-24,-0.356,Federal Reserve Bank of Chicago / FRED,NFCI,FRED public CSV · long-history backfill,2026-09-13T12:57:36+08:00,confirmed
2010-10-01,-0.381,Federal Reserve Bank of Chicago / FRED,NFCI,FRED public CSV · long-history backfill,2026-09-13T12:56:40+08:00,confirmed
2010-10-08,-0.405,Federal Reserve Bank of Chicago / FRED,NFCI,FRED public CSV · long-history backfill,2026-09-13T12:56:40+08:00,confirmed
2010-10-15,-0.428,Federal Reserve Bank of Chicago / FRED,NFCI,FRED public CSV · long-history backfill,2026-09-13T12:57:36+08:00,confirmed
2010-10-22,-0.446,Federal Reserve Bank of Chicago / FRED,NFCI,FRED public CSV · long-history backfill,2026-09-13T12:57:36+08:00,confirmed
2010-10-29,-0.46,Federal Reserve Bank of Chicago / FRED,NFCI,FRED public CSV · long-history backfill,2026-09-13T12:57:36+08:00,confirmed
2010-11-05,-0.47,Federal Reserve Bank of Chicago / FRED,NFCI,FRED public CSV · long-history backfill,2026-09-13T12:56:40+08:00,confirmed
2010-11-12,-0.474,Federal Reserve Bank of Chicago / FRED,NFCI,FRED public CSV · long-history backfill,2026-09-13T12:56:40+08:00,confirmed
2010-11-19,-0.477,Federal Reserve Bank of Chicago / FRED,NFCI,FRED public CSV · long-history backfill,2026-09-13T12:56:40+08:00,confirmed
2010-11-26,-0.479,Federal Reserve Bank of Chicago / FRED,NFCI,FRED public CSV · long-history backfill,2026-09-13T12:56:40+08:00,confirmed
2010-12-03,-0.485,Federal Reserve Bank of Chicago / FRED,NFCI,FRED public CSV · long-history backfill,2026-09-13T12:57:36+08:00,confirmed
2010-12-10,-0.497,Federal Reserve Bank of Chicago / FRED,NFCI,FRED public CSV · long-history backfill,2026-09-13T12:57:36+08:00,confirmed
2010-12-17,-0.512,Federal Reserve Bank of Chicago / FRED,NFCI,FRED public CSV · long-history backfill,2026-09-13T12:56:40+08:00,confirmed
2010-12-24,-0.532,Federal Reserve Bank of Chicago / FRED,NFCI,FRED public CSV · long-history backfill,2026-09-13T12:56:40+08:00,confirmed
2010-12-31,-0.553,Federal Reserve Bank of Chicago / FRED,NFCI,FRED public CSV · long-history backfill,2026-09-13T12:57:36+08:00,confirmed
2011-01-07,-0.575,Federal Reserve Bank of Chicago / FRED,NFCI,FRED public CSV · long-history backfill,2026-09-13T12:57:36+08:00,confirmed
2011-01-14,-0.595,Federal Reserve Bank of Chicago / FRED,NFCI,FRED public CSV · long-history backfill,2026-09-13T12:57:36+08:00,confirmed
2011-01-21,-0.612,Federal Reserve Bank of Chicago / FRED,NFCI,FRED public CSV · long-history backfill,2026-09-13T12:57:36+08:00,confirmed
2011-01-28,-0.624,Federal Reserve Bank of Chicago / FRED,NFCI,FRED public CSV · long-history backfill,2026-09-13T12:57:36+08:00,confirmed
2011-02-04,-0.628,Federal Reserve Bank of Chicago / FRED,NFCI,FRED public CSV · long-history backfill,2026-09-13T12:56:40+08:00,confirmed
2011-02-11,-0.626,Federal Reserve Bank of Chicago / FRED,NFCI,FRED public CSV · long-history backfill,2026-09-13T12:56:40+08:00,confirmed
2011-02-18,-0.616,Federal Reserve Bank of Chicago / FRED,NFCI,FRED public CSV · long-history backfill,2026-09-13T12:57:36+08:00,confirmed
2011-02-25,-0.601,Federal Reserve Bank of Chicago / FRED,NFCI,FRED public CSV · long-history backfill,2026-09-13T12:57:36+08:00,confirmed
2011-03-04,-0.587,Federal Reserve Bank of Chicago / FRED,NFCI,FRED public CSV · long-history backfill,2026-09-13T12:57:36+08:00,confirmed
2011-03-11,-0.576,Federal Reserve Bank of Chicago / FRED,NFCI,FRED public CSV · long-history backfill,2026-09-13T12:57:36+08:00,confirmed
2011-03-18,-0.57,Federal Reserve Bank of Chicago / FRED,NFCI,FRED public CSV · long-history backfill,2026-09-13T12:57:36+08:00,confirmed
2011-03-25,-0.575,Federal Reserve Bank of Chicago / FRED,NFCI,FRED public CSV · long-history backfill,2026-09-13T12:57:36+08:00,confirmed
2011-04-01,-0.585,Federal Reserve Bank of Chicago / FRED,NFCI,FRED public CSV · long-history backfill,2026-09-13T12:56:40+08:00,confirmed
2011-04-08,-0.599,Federal Reserve Bank of Chicago / FRED,NFCI,FRED public CSV · long-history backfill,2026-09-13T12:56:40+08:00,confirmed
2011-04-15,-0.612,Federal Reserve Bank of Chicago / FRED,NFCI,FRED public CSV · long-history backfill,2026-09-13T12:56:40+08:00,confirmed
2011-04-22,-0.622,Federal Reserve Bank of Chicago / FRED,NFCI,FRED public CSV · long-history backfill,2026-09-13T12:56:40+08:00,confirmed
2011-04-29,-0.626,Federal Reserve Bank of Chicago / FRED,NFCI,FRED public CSV · long-history backfill,2026-09-13T12:57:36+08:00,confirmed
2011-05-06,-0.624,Federal Reserve Bank of Chicago / FRED,NFCI,FRED public CSV · long-history backfill,2026-09-13T12:57:36+08:00,confirmed
2011-05-13,-0.615,Federal Reserve Bank of Chicago / FRED,NFCI,FRED public CSV · long-history backfill,2026-09-13T12:57:36+08:00,confirmed
2011-05-20,-0.604,Federal Reserve Bank of Chicago / FRED,NFCI,FRED public CSV · long-history backfill,2026-09-13T12:57:36+08:00,confirmed
2011-05-27,-0.591,Federal Reserve Bank of Chicago / FRED,NFCI,FRED public CSV · long-history backfill,2026-09-13T12:57:36+08:00,confirmed
2011-06-03,-0.578,Federal Reserve Bank of Chicago / FRED,NFCI,FRED public CSV · long-history backfill,2026-09-13T12:57:36+08:00,confirmed
2011-06-10,-0.566,Federal Reserve Bank of Chicago / FRED,NFCI,FRED public CSV · long-history backfill,2026-09-13T12:57:36+08:00,confirmed
2011-06-17,-0.558,Federal Reserve Bank of Chicago / FRED,NFCI,FRED public CSV · long-history backfill,2026-09-13T12:57:36+08:00,confirmed
2011-06-24,-0.551,Federal Reserve Bank of Chicago / FRED,NFCI,FRED public CSV · long-history backfill,2026-09-13T12:56:40+08:00,confirmed
2011-07-01,-0.543,Federal Reserve Bank of Chicago / FRED,NFCI,FRED public CSV · long-history backfill,2026-09-13T12:56:40+08:00,confirmed
2011-07-08,-0.531,Federal Reserve Bank of Chicago / FRED,NFCI,FRED public CSV · long-history backfill,2026-09-13T12:56:40+08:00,confirmed
2011-07-15,-0.509,Federal Reserve Bank of Chicago / FRED,NFCI,FRED public CSV · long-history backfill,2026-09-13T12:56:40+08:00,confirmed
2011-07-22,-0.476,Federal Reserve Bank of Chicago / FRED,NFCI,FRED public CSV · long-history backfill,2026-09-13T12:56:40+08:00,confirmed
2011-07-29,-0.428,Federal Reserve Bank of Chicago / FRED,NFCI,FRED public CSV · long-history backfill,2026-09-13T12:56:40+08:00,confirmed
2011-08-05,-0.367,Federal Reserve Bank of Chicago / FRED,NFCI,FRED public CSV · long-history backfill,2026-09-13T12:57:36+08:00,confirmed
2011-08-12,-0.299,Federal Reserve Bank of Chicago / FRED,NFCI,FRED public CSV · long-history backfill,2026-09-13T12:56:40+08:00,confirmed
2011-08-19,-0.239,Federal Reserve Bank of Chicago / FRED,NFCI,FRED public CSV · long-history backfill,2026-09-13T12:56:40+08:00,confirmed
2011-08-26,-0.184,Federal Reserve Bank of Chicago / FRED,NFCI,FRED public CSV · long-history backfill,2026-09-13T12:56:40+08:00,confirmed
2011-09-02,-0.143,Federal Reserve Bank of Chicago / FRED,NFCI,FRED public CSV · long-history backfill,2026-09-13T12:57:36+08:00,confirmed
2011-09-09,-0.113,Federal Reserve Bank of Chicago / FRED,NFCI,FRED public CSV · long-history backfill,2026-09-13T12:57:36+08:00,confirmed
2011-09-16,-0.097,Federal Reserve Bank of Chicago / FRED,NFCI,FRED public CSV · long-history backfill,2026-09-13T12:57:36+08:00,confirmed
2011-09-23,-0.09,Federal Reserve Bank of Chicago / FRED,NFCI,FRED public CSV · long-history backfill,2026-09-13T12:57:36+08:00,confirmed
2011-09-30,-0.093,Federal Reserve Bank of Chicago / FRED,NFCI,FRED public CSV · long-history backfill,2026-09-13T12:57:36+08:00,confirmed
2011-10-07,-0.105,Federal Reserve Bank of Chicago / FRED,NFCI,FRED public CSV · long-history backfill,2026-09-13T12:56:40+08:00,confirmed
2011-10-14,-0.126,Federal Reserve Bank of Chicago / FRED,NFCI,FRED public CSV · long-history backfill,2026-09-13T12:57:36+08:00,confirmed
2011-10-21,-0.144,Federal Reserve Bank of Chicago / FRED,NFCI,FRED public CSV · long-history backfill,2026-09-13T12:57:36+08:00,confirmed
2011-10-28,-0.158,Federal Reserve Bank of Chicago / FRED,NFCI,FRED public CSV · long-history backfill,2026-09-13T12:56:40+08:00,confirmed
2011-11-04,-0.161,Federal Reserve Bank of Chicago / FRED,NFCI,FRED public CSV · long-history backfill,2026-09-13T12:56:40+08:00,confirmed
2011-11-11,-0.155,Federal Reserve Bank of Chicago / FRED,NFCI,FRED public CSV · long-history backfill,2026-09-13T12:56:40+08:00,confirmed
2011-11-18,-0.144,Federal Reserve Bank of Chicago / FRED,NFCI,FRED public CSV · long-history backfill,2026-09-13T12:56:40+08:00,confirmed
2011-11-25,-0.133,Federal Reserve Bank of Chicago / FRED,NFCI,FRED public CSV · long-history backfill,2026-09-13T12:56:40+08:00,confirmed
2011-12-02,-0.132,Federal Reserve Bank of Chicago / FRED,NFCI,FRED public CSV · long-history backfill,2026-09-13T12:56:40+08:00,confirmed
2011-12-09,-0.138,Federal Reserve Bank of Chicago / FRED,NFCI,FRED public CSV · long-history backfill,2026-09-13T12:56:40+08:00,confirmed
2011-12-16,-0.15,Federal Reserve Bank of Chicago / FRED,NFCI,FRED public CSV · long-history backfill,2026-09-13T12:57:36+08:00,confirmed
2011-12-23,-0.174,Federal Reserve Bank of Chicago / FRED,NFCI,FRED public CSV · long-history backfill,2026-09-13T12:56:40+08:00,confirmed
2011-12-30,-0.206,Federal Reserve Bank of Chicago / FRED,NFCI,FRED public CSV · long-history backfill,2026-09-13T12:57:36+08:00,confirmed
2012-01-06,-0.245,Federal Reserve Bank of Chicago / FRED,NFCI,FRED public CSV · long-history backfill,2026-09-13T12:56:40+08:00,confirmed
2012-01-13,-0.289,Federal Reserve Bank of Chicago / FRED,NFCI,FRED public CSV · long-history backfill,2026-09-13T12:56:40+08:00,confirmed
2012-01-20,-0.333,Federal Reserve Bank of Chicago / FRED,NFCI,FRED public CSV · long-history backfill,2026-09-13T12:56:40+08:00,confirmed
2012-01-27,-0.373,Federal Reserve Bank of Chicago / FRED,NFCI,FRED public CSV · long-history backfill,2026-09-13T12:57:36+08:00,confirmed
2012-02-03,-0.404,Federal Reserve Bank of Chicago / FRED,NFCI,FRED public CSV · long-history backfill,2026-09-13T12:56:40+08:00,confirmed
2012-02-10,-0.427,Federal Reserve Bank of Chicago / FRED,NFCI,FRED public CSV · long-history backfill,2026-09-13T12:56:40+08:00,confirmed
2012-02-17,-0.443,Federal Reserve Bank of Chicago / FRED,NFCI,FRED public CSV · long-history backfill,2026-09-13T12:57:36+08:00,confirmed
2012-02-24,-0.455,Federal Reserve Bank of Chicago / FRED,NFCI,FRED public CSV · long-history backfill,2026-09-13T12:57:36+08:00,confirmed
2012-03-02,-0.465,Federal Reserve Bank of Chicago / FRED,NFCI,FRED public CSV · long-history backfill,2026-09-13T12:57:36+08:00,confirmed
2012-03-09,-0.473,Federal Reserve Bank of Chicago / FRED,NFCI,FRED public CSV · long-history backfill,2026-09-13T12:57:36+08:00,confirmed
2012-03-16,-0.48,Federal Reserve Bank of Chicago / FRED,NFCI,FRED public CSV · long-history backfill,2026-09-13T12:57:36+08:00,confirmed
2012-03-23,-0.483,Federal Reserve Bank of Chicago / FRED,NFCI,FRED public CSV · long-history backfill,2026-09-13T12:57:36+08:00,confirmed
2012-03-30,-0.482,Federal Reserve Bank of Chicago / FRED,NFCI,FRED public CSV · long-history backfill,2026-09-13T12:57:36+08:00,confirmed
2012-04-06,-0.475,Federal Reserve Bank of Chicago / FRED,NFCI,FRED public CSV · long-history backfill,2026-09-13T12:56:40+08:00,confirmed
2012-04-13,-0.463,Federal Reserve Bank of Chicago / FRED,NFCI,FRED public CSV · long-history backfill,2026-09-13T12:57:36+08:00,confirmed
2012-04-20,-0.449,Federal Reserve Bank of Chicago / FRED,NFCI,FRED public CSV · long-history backfill,2026-09-13T12:56:40+08:00,confirmed
2012-04-27,-0.428,Federal Reserve Bank of Chicago / FRED,NFCI,FRED public CSV · long-history backfill,2026-09-13T12:57:36+08:00,confirmed
2012-05-04,-0.403,Federal Reserve Bank of Chicago / FRED,NFCI,FRED public CSV · long-history backfill,2026-09-13T12:56:40+08:00,confirmed
2012-05-11,-0.372,Federal Reserve Bank of Chicago / FRED,NFCI,FRED public CSV · long-history backfill,2026-09-13T12:56:40+08:00,confirmed
2012-05-18,-0.34,Federal Reserve Bank of Chicago / FRED,NFCI,FRED public CSV · long-history backfill,2026-09-13T12:56:40+08:00,confirmed
2012-05-25,-0.314,Federal Reserve Bank of Chicago / FRED,NFCI,FRED public CSV · long-history backfill,2026-09-13T12:56:40+08:00,confirmed
2012-06-01,-0.294,Federal Reserve Bank of Chicago / FRED,NFCI,FRED public CSV · long-history backfill,2026-09-13T12:56:40+08:00,confirmed
2012-06-08,-0.287,Federal Reserve Bank of Chicago / FRED,NFCI,FRED public CSV · long-history backfill,2026-09-13T12:56:40+08:00,confirmed
2012-06-15,-0.291,Federal Reserve Bank of Chicago / FRED,NFCI,FRED public CSV · long-history backfill,2026-09-13T12:57:36+08:00,confirmed
2012-06-22,-0.305,Federal Reserve Bank of Chicago / FRED,NFCI,FRED public CSV · long-history backfill,2026-09-13T12:56:40+08:00,confirmed
2012-06-29,-0.324,Federal Reserve Bank of Chicago / FRED,NFCI,FRED public CSV · long-history backfill,2026-09-13T12:57:36+08:00,confirmed
2012-07-06,-0.346,Federal Reserve Bank of Chicago / FRED,NFCI,FRED public CSV · long-history backfill,2026-09-13T12:56:40+08:00,confirmed
2012-07-13,-0.369,Federal Reserve Bank of Chicago / FRED,NFCI,FRED public CSV · long-history backfill,2026-09-13T12:56:40+08:00,confirmed
2012-07-20,-0.393,Federal Reserve Bank of Chicago / FRED,NFCI,FRED public CSV · long-history backfill,2026-09-13T12:57:36+08:00,confirmed
2012-07-27,-0.414,Federal Reserve Bank of Chicago / FRED,NFCI,FRED public CSV · long-history backfill,2026-09-13T12:56:40+08:00,confirmed
2012-08-03,-0.434,Federal Reserve Bank of Chicago / FRED,NFCI,FRED public CSV · long-history backfill,2026-09-13T12:56:40+08:00,confirmed
2012-08-10,-0.452,Federal Reserve Bank of Chicago / FRED,NFCI,FRED public CSV · long-history backfill,2026-09-13T12:57:36+08:00,confirmed
2012-08-17,-0.47,Federal Reserve Bank of Chicago / FRED,NFCI,FRED public CSV · long-history backfill,2026-09-13T12:56:40+08:00,confirmed
2012-08-24,-0.487,Federal Reserve Bank of Chicago / FRED,NFCI,FRED public CSV · long-history backfill,2026-09-13T12:56:40+08:00,confirmed
2012-08-31,-0.503,Federal Reserve Bank of Chicago / FRED,NFCI,FRED public CSV · long-history backfill,2026-09-13T12:57:36+08:00,confirmed
2012-09-07,-0.52,Federal Reserve Bank of Chicago / FRED,NFCI,FRED public CSV · long-history backfill,2026-09-13T12:57:36+08:00,confirmed
2012-09-14,-0.538,Federal Reserve Bank of Chicago / FRED,NFCI,FRED public CSV · long-history backfill,2026-09-13T12:57:36+08:00,confirmed
2012-09-21,-0.553,Federal Reserve Bank of Chicago / FRED,NFCI,FRED public CSV · long-history backfill,2026-09-13T12:57:36+08:00,confirmed
2012-09-28,-0.565,Federal Reserve Bank of Chicago / FRED,NFCI,FRED public CSV · long-history backfill,2026-09-13T12:56:40+08:00,confirmed
2012-10-05,-0.575,Federal Reserve Bank of Chicago / FRED,NFCI,FRED public CSV · long-history backfill,2026-09-13T12:56:40+08:00,confirmed
2012-10-12,-0.582,Federal Reserve Bank of Chicago / FRED,NFCI,FRED public CSV · long-history backfill,2026-09-13T12:57:36+08:00,confirmed
2012-10-19,-0.585,Federal Reserve Bank of Chicago / FRED,NFCI,FRED public CSV · long-history backfill,2026-09-13T12:56:40+08:00,confirmed
2012-10-26,-0.584,Federal Reserve Bank of Chicago / FRED,NFCI,FRED public CSV · long-history backfill,2026-09-13T12:56:40+08:00,confirmed
2012-11-02,-0.582,Federal Reserve Bank of Chicago / FRED,NFCI,FRED public CSV · long-history backfill,2026-09-13T12:56:40+08:00,confirmed
2012-11-09,-0.579,Federal Reserve Bank of Chicago / FRED,NFCI,FRED public CSV · long-history backfill,2026-09-13T12:56:40+08:00,confirmed
2012-11-16,-0.578,Federal Reserve Bank of Chicago / FRED,NFCI,FRED public CSV · long-history backfill,2026-09-13T12:56:40+08:00,confirmed
2012-11-23,-0.581,Federal Reserve Bank of Chicago / FRED,NFCI,FRED public CSV · long-history backfill,2026-09-13T12:56:40+08:00,confirmed
2012-11-30,-0.585,Federal Reserve Bank of Chicago / FRED,NFCI,FRED public CSV · long-history backfill,2026-09-13T12:57:36+08:00,confirmed
2012-12-07,-0.593,Federal Reserve Bank of Chicago / FRED,NFCI,FRED public CSV · long-history backfill,2026-09-13T12:57:36+08:00,confirmed
2012-12-14,-0.603,Federal Reserve Bank of Chicago / FRED,NFCI,FRED public CSV · long-history backfill,2026-09-13T12:57:36+08:00,confirmed
2012-12-21,-0.615,Federal Reserve Bank of Chicago / FRED,NFCI,FRED public CSV · long-history backfill,2026-09-13T12:57:36+08:00,confirmed
2012-12-28,-0.626,Federal Reserve Bank of Chicago / FRED,NFCI,FRED public CSV · long-history backfill,2026-09-13T12:57:36+08:00,confirmed
2013-01-04,-0.64,Federal Reserve Bank of Chicago / FRED,NFCI,FRED public CSV · long-history backfill,2026-09-13T12:56:40+08:00,confirmed
2013-01-11,-0.653,Federal Reserve Bank of Chicago / FRED,NFCI,FRED public CSV · long-history backfill,2026-09-13T12:56:40+08:00,confirmed
2013-01-18,-0.662,Federal Reserve Bank of Chicago / FRED,NFCI,FRED public CSV · long-history backfill,2026-09-13T12:56:40+08:00,confirmed
2013-01-25,-0.669,Federal Reserve Bank of Chicago / FRED,NFCI,FRED public CSV · long-history backfill,2026-09-13T12:56:40+08:00,confirmed
2013-02-01,-0.672,Federal Reserve Bank of Chicago / FRED,NFCI,FRED public CSV · long-history backfill,2026-09-13T12:56:40+08:00,confirmed
2013-02-08,-0.674,Federal Reserve Bank of Chicago / FRED,NFCI,FRED public CSV · long-history backfill,2026-09-13T12:56:40+08:00,confirmed
2013-02-15,-0.675,Federal Reserve Bank of Chicago / FRED,NFCI,FRED public CSV · long-history backfill,2026-09-13T12:57:36+08:00,confirmed
2013-02-22,-0.676,Federal Reserve Bank of Chicago / FRED,NFCI,FRED public CSV · long-history backfill,2026-09-13T12:57:36+08:00,confirmed
2013-03-01,-0.677,Federal Reserve Bank of Chicago / FRED,NFCI,FRED public CSV · long-history backfill,2026-09-13T12:57:36+08:00,confirmed
2013-03-08,-0.68,Federal Reserve Bank of Chicago / FRED,NFCI,FRED public CSV · long-history backfill,2026-09-13T12:57:36+08:00,confirmed
2013-03-15,-0.683,Federal Reserve Bank of Chicago / FRED,NFCI,FRED public CSV · long-history backfill,2026-09-13T12:56:40+08:00,confirmed
2013-03-22,-0.687,Federal Reserve Bank of Chicago / FRED,NFCI,FRED public CSV · long-history backfill,2026-09-13T12:57:36+08:00,confirmed
2013-03-29,-0.693,Federal Reserve Bank of Chicago / FRED,NFCI,FRED public CSV · long-history backfill,2026-09-13T12:56:40+08:00,confirmed
2013-04-05,-0.701,Federal Reserve Bank of Chicago / FRED,NFCI,FRED public CSV · long-history backfill,2026-09-13T12:57:36+08:00,confirmed
2013-04-12,-0.711,Federal Reserve Bank of Chicago / FRED,NFCI,FRED public CSV · long-history backfill,2026-09-13T12:56:40+08:00,confirmed
2013-04-19,-0.722,Federal Reserve Bank of Chicago / FRED,NFCI,FRED public CSV · long-history backfill,2026-09-13T12:56:40+08:00,confirmed
2013-04-26,-0.733,Federal Reserve Bank of Chicago / FRED,NFCI,FRED public CSV · long-history backfill,2026-09-13T12:56:40+08:00,confirmed
2013-05-03,-0.742,Federal Reserve Bank of Chicago / FRED,NFCI,FRED public CSV · long-history backfill,2026-09-13T12:56:40+08:00,confirmed
2013-05-10,-0.746,Federal Reserve Bank of Chicago / FRED,NFCI,FRED public CSV · long-history backfill,2026-09-13T12:56:40+08:00,confirmed
2013-05-17,-0.742,Federal Reserve Bank of Chicago / FRED,NFCI,FRED public CSV · long-history backfill,2026-09-13T12:56:40+08:00,confirmed
2013-05-24,-0.732,Federal Reserve Bank of Chicago / FRED,NFCI,FRED public CSV · long-history backfill,2026-09-13T12:56:40+08:00,confirmed
2013-05-31,-0.715,Federal Reserve Bank of Chicago / FRED,NFCI,FRED public CSV · long-history backfill,2026-09-13T12:56:40+08:00,confirmed
2013-06-07,-0.696,Federal Reserve Bank of Chicago / FRED,NFCI,FRED public CSV · long-history backfill,2026-09-13T12:57:36+08:00,confirmed
2013-06-14,-0.678,Federal Reserve Bank of Chicago / FRED,NFCI,FRED public CSV · long-history backfill,2026-09-13T12:57:36+08:00,confirmed
2013-06-21,-0.663,Federal Reserve Bank of Chicago / FRED,NFCI,FRED public CSV · long-history backfill,2026-09-13T12:57:36+08:00,confirmed
2013-06-28,-0.656,Federal Reserve Bank of Chicago / FRED,NFCI,FRED public CSV · long-history backfill,2026-09-13T12:57:36+08:00,confirmed
2013-07-05,-0.657,Federal Reserve Bank of Chicago / FRED,NFCI,FRED public CSV · long-history backfill,2026-09-13T12:57:36+08:00,confirmed
2013-07-12,-0.664,Federal Reserve Bank of Chicago / FRED,NFCI,FRED public CSV · long-history backfill,2026-09-13T12:57:36+08:00,confirmed
2013-07-19,-0.675,Federal Reserve Bank of Chicago / FRED,NFCI,FRED public CSV · long-history backfill,2026-09-13T12:56:40+08:00,confirmed
2013-07-26,-0.686,Federal Reserve Bank of Chicago / FRED,NFCI,FRED public CSV · long-history backfill,2026-09-13T12:56:40+08:00,confirmed
2013-08-02,-0.694,Federal Reserve Bank of Chicago / FRED,NFCI,FRED public CSV · long-history backfill,2026-09-13T12:56:40+08:00,confirmed
2013-08-09,-0.697,Federal Reserve Bank of Chicago / FRED,NFCI,FRED public CSV · long-history backfill,2026-09-13T12:56:40+08:00,confirmed
2013-08-16,-0.696,Federal Reserve Bank of Chicago / FRED,NFCI,FRED public CSV · long-history backfill,2026-09-13T12:56:40+08:00,confirmed
2013-08-23,-0.691,Federal Reserve Bank of Chicago / FRED,NFCI,FRED public CSV · long-history backfill,2026-09-13T12:56:40+08:00,confirmed
2013-08-30,-0.687,Federal Reserve Bank of Chicago / FRED,NFCI,FRED public CSV · long-history backfill,2026-09-13T12:56:40+08:00,confirmed
2013-09-06,-0.685,Federal Reserve Bank of Chicago / FRED,NFCI,FRED public CSV · long-history backfill,2026-09-13T12:56:40+08:00,confirmed
2013-09-13,-0.687,Federal Reserve Bank of Chicago / FRED,NFCI,FRED public CSV · long-history backfill,2026-09-13T12:56:40+08:00,confirmed
2013-09-20,-0.692,Federal Reserve Bank of Chicago / FRED,NFCI,FRED public CSV · long-history backfill,2026-09-13T12:56:40+08:00,confirmed
2013-09-27,-0.7,Federal Reserve Bank of Chicago / FRED,NFCI,FRED public CSV · long-history backfill,2026-09-13T12:56:40+08:00,confirmed
2013-10-04,-0.71,Federal Reserve Bank of Chicago / FRED,NFCI,FRED public CSV · long-history backfill,2026-09-13T12:56:40+08:00,confirmed
2013-10-11,-0.722,Federal Reserve Bank of Chicago / FRED,NFCI,FRED public CSV · long-history backfill,2026-09-13T12:56:40+08:00,confirmed
2013-10-18,-0.736,Federal Reserve Bank of Chicago / FRED,NFCI,FRED public CSV · long-history backfill,2026-09-13T12:56:40+08:00,confirmed
2013-10-25,-0.749,Federal Reserve Bank of Chicago / FRED,NFCI,FRED public CSV · long-history backfill,2026-09-13T12:56:40+08:00,confirmed
2013-11-01,-0.761,Federal Reserve Bank of Chicago / FRED,NFCI,FRED public CSV · long-history backfill,2026-09-13T12:56:40+08:00,confirmed
2013-11-08,-0.771,Federal Reserve Bank of Chicago / FRED,NFCI,FRED public CSV · long-history backfill,2026-09-13T12:56:40+08:00,confirmed
2013-11-15,-0.779,Federal Reserve Bank of Chicago / FRED,NFCI,FRED public CSV · long-history backfill,2026-09-13T12:56:40+08:00,confirmed
2013-11-22,-0.785,Federal Reserve Bank of Chicago / FRED,NFCI,FRED public CSV · long-history backfill,2026-09-13T12:57:36+08:00,confirmed
2013-11-29,-0.79,Federal Reserve Bank of Chicago / FRED,NFCI,FRED public CSV · long-history backfill,2026-09-13T12:57:36+08:00,confirmed
2013-12-06,-0.793,Federal Reserve Bank of Chicago / FRED,NFCI,FRED public CSV · long-history backfill,2026-09-13T12:57:36+08:00,confirmed
2013-12-13,-0.795,Federal Reserve Bank of Chicago / FRED,NFCI,FRED public CSV · long-history backfill,2026-09-13T12:57:36+08:00,confirmed
2013-12-20,-0.797,Federal Reserve Bank of Chicago / FRED,NFCI,FRED public CSV · long-history backfill,2026-09-13T12:57:36+08:00,confirmed
2013-12-27,-0.797,Federal Reserve Bank of Chicago / FRED,NFCI,FRED public CSV · long-history backfill,2026-09-13T12:57:36+08:00,confirmed
2014-01-03,-0.795,Federal Reserve Bank of Chicago / FRED,NFCI,FRED public CSV · long-history backfill,2026-09-13T12:56:40+08:00,confirmed
2014-01-10,-0.792,Federal Reserve Bank of Chicago / FRED,NFCI,FRED public CSV · long-history backfill,2026-09-13T12:56:40+08:00,confirmed
2014-01-17,-0.788,Federal Reserve Bank of Chicago / FRED,NFCI,FRED public CSV · long-history backfill,2026-09-13T12:57:36+08:00,confirmed
2014-01-24,-0.784,Federal Reserve Bank of Chicago / FRED,NFCI,FRED public CSV · long-history backfill,2026-09-13T12:56:40+08:00,confirmed
2014-01-31,-0.782,Federal Reserve Bank of Chicago / FRED,NFCI,FRED public CSV · long-history backfill,2026-09-13T12:56:40+08:00,confirmed
2014-02-07,-0.783,Federal Reserve Bank of Chicago / FRED,NFCI,FRED public CSV · long-history backfill,2026-09-13T12:57:36+08:00,confirmed
2014-02-14,-0.786,Federal Reserve Bank of Chicago / FRED,NFCI,FRED public CSV · long-history backfill,2026-09-13T12:57:36+08:00,confirmed
2014-02-21,-0.79,Federal Reserve Bank of Chicago / FRED,NFCI,FRED public CSV · long-history backfill,2026-09-13T12:57:36+08:00,confirmed
2014-02-28,-0.794,Federal Reserve Bank of Chicago / FRED,NFCI,FRED public CSV · long-history backfill,2026-09-13T12:57:36+08:00,confirmed
2014-03-07,-0.797,Federal Reserve Bank of Chicago / FRED,NFCI,FRED public CSV · long-history backfill,2026-09-13T12:57:36+08:00,confirmed
2014-03-14,-0.797,Federal Reserve Bank of Chicago / FRED,NFCI,FRED public CSV · long-history backfill,2026-09-13T12:57:36+08:00,confirmed
2014-03-21,-0.796,Federal Reserve Bank of Chicago / FRED,NFCI,FRED public CSV · long-history backfill,2026-09-13T12:56:40+08:00,confirmed
2014-03-28,-0.793,Federal Reserve Bank of Chicago / FRED,NFCI,FRED public CSV · long-history backfill,2026-09-13T12:57:36+08:00,confirmed
2014-04-04,-0.79,Federal Reserve Bank of Chicago / FRED,NFCI,FRED public CSV · long-history backfill,2026-09-13T12:56:40+08:00,confirmed
2014-04-11,-0.787,Federal Reserve Bank of Chicago / FRED,NFCI,FRED public CSV · long-history backfill,2026-09-13T12:56:40+08:00,confirmed
2014-04-18,-0.785,Federal Reserve Bank of Chicago / FRED,NFCI,FRED public CSV · long-history backfill,2026-09-13T12:57:36+08:00,confirmed
2014-04-25,-0.784,Federal Reserve Bank of Chicago / FRED,NFCI,FRED public CSV · long-history backfill,2026-09-13T12:56:40+08:00,confirmed
2014-05-02,-0.785,Federal Reserve Bank of Chicago / FRED,NFCI,FRED public CSV · long-history backfill,2026-09-13T12:57:36+08:00,confirmed
2014-05-09,-0.788,Federal Reserve Bank of Chicago / FRED,NFCI,FRED public CSV · long-history backfill,2026-09-13T12:57:36+08:00,confirmed
2014-05-16,-0.792,Federal Reserve Bank of Chicago / FRED,NFCI,FRED public CSV · long-history backfill,2026-09-13T12:56:40+08:00,confirmed
2014-05-23,-0.798,Federal Reserve Bank of Chicago / FRED,NFCI,FRED public CSV · long-history backfill,2026-09-13T12:57:36+08:00,confirmed
2014-05-30,-0.804,Federal Reserve Bank of Chicago / FRED,NFCI,FRED public CSV · long-history backfill,2026-09-13T12:56:40+08:00,confirmed
2014-06-06,-0.807,Federal Reserve Bank of Chicago / FRED,NFCI,FRED public CSV · long-history backfill,2026-09-13T12:56:40+08:00,confirmed
2014-06-13,-0.807,Federal Reserve Bank of Chicago / FRED,NFCI,FRED public CSV · long-history backfill,2026-09-13T12:56:40+08:00,confirmed
2014-06-20,-0.803,Federal Reserve Bank of Chicago / FRED,NFCI,FRED public CSV · long-history backfill,2026-09-13T12:57:36+08:00,confirmed
2014-06-27,-0.796,Federal Reserve Bank of Chicago / FRED,NFCI,FRED public CSV · long-history backfill,2026-09-13T12:56:40+08:00,confirmed
2014-07-04,-0.787,Federal Reserve Bank of Chicago / FRED,NFCI,FRED public CSV · long-history backfill,2026-09-13T12:56:40+08:00,confirmed
2014-07-11,-0.775,Federal Reserve Bank of Chicago / FRED,NFCI,FRED public CSV · long-history backfill,2026-09-13T12:57:36+08:00,confirmed
2014-07-18,-0.763,Federal Reserve Bank of Chicago / FRED,NFCI,FRED public CSV · long-history backfill,2026-09-13T12:56:40+08:00,confirmed
2014-07-25,-0.753,Federal Reserve Bank of Chicago / FRED,NFCI,FRED public CSV · long-history backfill,2026-09-13T12:56:40+08:00,confirmed
2014-08-01,-0.745,Federal Reserve Bank of Chicago / FRED,NFCI,FRED public CSV · long-history backfill,2026-09-13T12:56:40+08:00,confirmed
2014-08-08,-0.74,Federal Reserve Bank of Chicago / FRED,NFCI,FRED public CSV · long-history backfill,2026-09-13T12:56:40+08:00,confirmed
2014-08-15,-0.739,Federal Reserve Bank of Chicago / FRED,NFCI,FRED public CSV · long-history backfill,2026-09-13T12:57:36+08:00,confirmed
2014-08-22,-0.738,Federal Reserve Bank of Chicago / FRED,NFCI,FRED public CSV · long-history backfill,2026-09-13T12:57:36+08:00,confirmed
2014-08-29,-0.735,Federal Reserve Bank of Chicago / FRED,NFCI,FRED public CSV · long-history backfill,2026-09-13T12:57:36+08:00,confirmed
2014-09-05,-0.729,Federal Reserve Bank of Chicago / FRED,NFCI,FRED public CSV · long-history backfill,2026-09-13T12:56:40+08:00,confirmed
2014-09-12,-0.718,Federal Reserve Bank of Chicago / FRED,NFCI,FRED public CSV · long-history backfill,2026-09-13T12:56:40+08:00,confirmed
2014-09-19,-0.702,Federal Reserve Bank of Chicago / FRED,NFCI,FRED public CSV · long-history backfill,2026-09-13T12:56:40+08:00,confirmed
2014-09-26,-0.685,Federal Reserve Bank of Chicago / FRED,NFCI,FRED public CSV · long-history backfill,2026-09-13T12:56:40+08:00,confirmed
2014-10-03,-0.669,Federal Reserve Bank of Chicago / FRED,NFCI,FRED public CSV · long-history backfill,2026-09-13T12:57:36+08:00,confirmed
2014-10-10,-0.657,Federal Reserve Bank of Chicago / FRED,NFCI,FRED public CSV · long-history backfill,2026-09-13T12:57:36+08:00,confirmed
2014-10-17,-0.649,Federal Reserve Bank of Chicago / FRED,NFCI,FRED public CSV · long-history backfill,2026-09-13T12:57:36+08:00,confirmed
2014-10-24,-0.65,Federal Reserve Bank of Chicago / FRED,NFCI,FRED public CSV · long-history backfill,2026-09-13T12:56:40+08:00,confirmed
2014-10-31,-0.655,Federal Reserve Bank of Chicago / FRED,NFCI,FRED public CSV · long-history backfill,2026-09-13T12:56:40+08:00,confirmed
2014-11-07,-0.662,Federal Reserve Bank of Chicago / FRED,NFCI,FRED public CSV · long-history backfill,2026-09-13T12:56:40+08:00,confirmed
2014-11-14,-0.666,Federal Reserve Bank of Chicago / FRED,NFCI,FRED public CSV · long-history backfill,2026-09-13T12:56:40+08:00,confirmed
2014-11-21,-0.666,Federal Reserve Bank of Chicago / FRED,NFCI,FRED public CSV · long-history backfill,2026-09-13T12:57:36+08:00,confirmed
2014-11-28,-0.659,Federal Reserve Bank of Chicago / FRED,NFCI,FRED public CSV · long-history backfill,2026-09-13T12:56:40+08:00,confirmed
2014-12-05,-0.646,Federal Reserve Bank of Chicago / FRED,NFCI,FRED public CSV · long-history backfill,2026-09-13T12:57:36+08:00,confirmed
2014-12-12,-0.626,Federal Reserve Bank of Chicago / FRED,NFCI,FRED public CSV · long-history backfill,2026-09-13T12:57:36+08:00,confirmed
2014-12-19,-0.603,Federal Reserve Bank of Chicago / FRED,NFCI,FRED public CSV · long-history backfill,2026-09-13T12:57:36+08:00,confirmed
2014-12-26,-0.581,Federal Reserve Bank of Chicago / FRED,NFCI,FRED public CSV · long-history backfill,2026-09-13T12:57:36+08:00,confirmed
2015-01-02,-0.559,Federal Reserve Bank of Chicago / FRED,NFCI,FRED public CSV · long-history backfill,2026-09-13T12:56:40+08:00,confirmed
2015-01-09,-0.541,Federal Reserve Bank of Chicago / FRED,NFCI,FRED public CSV · long-history backfill,2026-09-13T12:56:40+08:00,confirmed
2015-01-16,-0.526,Federal Reserve Bank of Chicago / FRED,NFCI,FRED public CSV · long-history backfill,2026-09-13T12:56:40+08:00,confirmed
2015-01-23,-0.517,Federal Reserve Bank of Chicago / FRED,NFCI,FRED public CSV · long-history backfill,2026-09-13T12:56:40+08:00,confirmed
2015-01-30,-0.514,Federal Reserve Bank of Chicago / FRED,NFCI,FRED public CSV · long-history backfill,2026-09-13T12:57:36+08:00,confirmed
2015-02-06,-0.515,Federal Reserve Bank of Chicago / FRED,NFCI,FRED public CSV · long-history backfill,2026-09-13T12:56:40+08:00,confirmed
2015-02-13,-0.519,Federal Reserve Bank of Chicago / FRED,NFCI,FRED public CSV · long-history backfill,2026-09-13T12:57:36+08:00,confirmed
2015-02-20,-0.525,Federal Reserve Bank of Chicago / FRED,NFCI,FRED public CSV · long-history backfill,2026-09-13T12:57:36+08:00,confirmed
2015-02-27,-0.532,Federal Reserve Bank of Chicago / FRED,NFCI,FRED public CSV · long-history backfill,2026-09-13T12:57:36+08:00,confirmed
2015-03-06,-0.537,Federal Reserve Bank of Chicago / FRED,NFCI,FRED public CSV · long-history backfill,2026-09-13T12:57:36+08:00,confirmed
2015-03-13,-0.541,Federal Reserve Bank of Chicago / FRED,NFCI,FRED public CSV · long-history backfill,2026-09-13T12:56:40+08:00,confirmed
2015-03-20,-0.544,Federal Reserve Bank of Chicago / FRED,NFCI,FRED public CSV · long-history backfill,2026-09-13T12:56:40+08:00,confirmed
2015-03-27,-0.546,Federal Reserve Bank of Chicago / FRED,NFCI,FRED public CSV · long-history backfill,2026-09-13T12:57:36+08:00,confirmed
2015-04-03,-0.548,Federal Reserve Bank of Chicago / FRED,NFCI,FRED public CSV · long-history backfill,2026-09-13T12:56:40+08:00,confirmed
2015-04-10,-0.55,Federal Reserve Bank of Chicago / FRED,NFCI,FRED public CSV · long-history backfill,2026-09-13T12:56:40+08:00,confirmed
2015-04-17,-0.551,Federal Reserve Bank of Chicago / FRED,NFCI,FRED public CSV · long-history backfill,2026-09-13T12:56:40+08:00,confirmed
2015-04-24,-0.553,Federal Reserve Bank of Chicago / FRED,NFCI,FRED public CSV · long-history backfill,2026-09-13T12:57:36+08:00,confirmed
2015-05-01,-0.554,Federal Reserve Bank of Chicago / FRED,NFCI,FRED public CSV · long-history backfill,2026-09-13T12:56:40+08:00,confirmed
2015-05-08,-0.553,Federal Reserve Bank of Chicago / FRED,NFCI,FRED public CSV · long-history backfill,2026-09-13T12:57:36+08:00,confirmed
2015-05-15,-0.554,Federal Reserve Bank of Chicago / FRED,NFCI,FRED public CSV · long-history backfill,2026-09-13T12:57:36+08:00,confirmed
2015-05-22,-0.554,Federal Reserve Bank of Chicago / FRED,NFCI,FRED public CSV · long-history backfill,2026-09-13T12:57:36+08:00,confirmed
2015-05-29,-0.554,Federal Reserve Bank of Chicago / FRED,NFCI,FRED public CSV · long-history backfill,2026-09-13T12:56:40+08:00,confirmed
2015-06-05,-0.553,Federal Reserve Bank of Chicago / FRED,NFCI,FRED public CSV · long-history backfill,2026-09-13T12:57:36+08:00,confirmed
2015-06-12,-0.552,Federal Reserve Bank of Chicago / FRED,NFCI,FRED public CSV · long-history backfill,2026-09-13T12:56:40+08:00,confirmed
2015-06-19,-0.549,Federal Reserve Bank of Chicago / FRED,NFCI,FRED public CSV · long-history backfill,2026-09-13T12:56:40+08:00,confirmed
2015-06-26,-0.547,Federal Reserve Bank of Chicago / FRED,NFCI,FRED public CSV · long-history backfill,2026-09-13T12:57:36+08:00,confirmed
2015-07-03,-0.542,Federal Reserve Bank of Chicago / FRED,NFCI,FRED public CSV · long-history backfill,2026-09-13T12:57:36+08:00,confirmed
2015-07-10,-0.537,Federal Reserve Bank of Chicago / FRED,NFCI,FRED public CSV · long-history backfill,2026-09-13T12:57:36+08:00,confirmed
2015-07-17,-0.531,Federal Reserve Bank of Chicago / FRED,NFCI,FRED public CSV · long-history backfill,2026-09-13T12:57:36+08:00,confirmed
2015-07-24,-0.521,Federal Reserve Bank of Chicago / FRED,NFCI,FRED public CSV · long-history backfill,2026-09-13T12:57:36+08:00,confirmed
2015-07-31,-0.506,Federal Reserve Bank of Chicago / FRED,NFCI,FRED public CSV · long-history backfill,2026-09-13T12:56:40+08:00,confirmed
2015-08-07,-0.487,Federal Reserve Bank of Chicago / FRED,NFCI,FRED public CSV · long-history backfill,2026-09-13T12:56:40+08:00,confirmed
2015-08-14,-0.466,Federal Reserve Bank of Chicago / FRED,NFCI,FRED public CSV · long-history backfill,2026-09-13T12:56:40+08:00,confirmed
2015-08-21,-0.443,Federal Reserve Bank of Chicago / FRED,NFCI,FRED public CSV · long-history backfill,2026-09-13T12:57:36+08:00,confirmed
2015-08-28,-0.423,Federal Reserve Bank of Chicago / FRED,NFCI,FRED public CSV · long-history backfill,2026-09-13T12:57:36+08:00,confirmed
2015-09-04,-0.41,Federal Reserve Bank of Chicago / FRED,NFCI,FRED public CSV · long-history backfill,2026-09-13T12:56:40+08:00,confirmed
2015-09-11,-0.405,Federal Reserve Bank of Chicago / FRED,NFCI,FRED public CSV · long-history backfill,2026-09-13T12:56:40+08:00,confirmed
2015-09-18,-0.405,Federal Reserve Bank of Chicago / FRED,NFCI,FRED public CSV · long-history backfill,2026-09-13T12:57:36+08:00,confirmed
2015-09-25,-0.411,Federal Reserve Bank of Chicago / FRED,NFCI,FRED public CSV · long-history backfill,2026-09-13T12:57:36+08:00,confirmed
2015-10-02,-0.42,Federal Reserve Bank of Chicago / FRED,NFCI,FRED public CSV · long-history backfill,2026-09-13T12:56:40+08:00,confirmed
2015-10-09,-0.436,Federal Reserve Bank of Chicago / FRED,NFCI,FRED public CSV · long-history backfill,2026-09-13T12:56:40+08:00,confirmed
2015-10-16,-0.45,Federal Reserve Bank of Chicago / FRED,NFCI,FRED public CSV · long-history backfill,2026-09-13T12:56:40+08:00,confirmed
2015-10-23,-0.462,Federal Reserve Bank of Chicago / FRED,NFCI,FRED public CSV · long-history backfill,2026-09-13T12:57:36+08:00,confirmed
2015-10-30,-0.471,Federal Reserve Bank of Chicago / FRED,NFCI,FRED public CSV · long-history backfill,2026-09-13T12:56:40+08:00,confirmed
2015-11-06,-0.474,Federal Reserve Bank of Chicago / FRED,NFCI,FRED public CSV · long-history backfill,2026-09-13T12:57:36+08:00,confirmed
2015-11-13,-0.47,Federal Reserve Bank of Chicago / FRED,NFCI,FRED public CSV · long-history backfill,2026-09-13T12:57:36+08:00,confirmed
2015-11-20,-0.461,Federal Reserve Bank of Chicago / FRED,NFCI,FRED public CSV · long-history backfill,2026-09-13T12:56:40+08:00,confirmed
2015-11-27,-0.446,Federal Reserve Bank of Chicago / FRED,NFCI,FRED public CSV · long-history backfill,2026-09-13T12:57:36+08:00,confirmed
2015-12-04,-0.427,Federal Reserve Bank of Chicago / FRED,NFCI,FRED public CSV · long-history backfill,2026-09-13T12:57:36+08:00,confirmed
2015-12-11,-0.405,Federal Reserve Bank of Chicago / FRED,NFCI,FRED public CSV · long-history backfill,2026-09-13T12:57:36+08:00,confirmed
2015-12-18,-0.383,Federal Reserve Bank of Chicago / FRED,NFCI,FRED public CSV · long-history backfill,2026-09-13T12:57:36+08:00,confirmed
2015-12-25,-0.363,Federal Reserve Bank of Chicago / FRED,NFCI,FRED public CSV · long-history backfill,2026-09-13T12:56:40+08:00,confirmed
2016-01-01,-0.346,Federal Reserve Bank of Chicago / FRED,NFCI,FRED public CSV · long-history backfill,2026-09-13T12:57:36+08:00,confirmed
2016-01-08,-0.331,Federal Reserve Bank of Chicago / FRED,NFCI,FRED public CSV · long-history backfill,2026-09-13T12:57:36+08:00,confirmed
2016-01-15,-0.318,Federal Reserve Bank of Chicago / FRED,NFCI,FRED public CSV · long-history backfill,2026-09-13T12:56:40+08:00,confirmed
2016-01-22,-0.309,Federal Reserve Bank of Chicago / FRED,NFCI,FRED public CSV · long-history backfill,2026-09-13T12:56:40+08:00,confirmed
2016-01-29,-0.304,Federal Reserve Bank of Chicago / FRED,NFCI,FRED public CSV · long-history backfill,2026-09-13T12:56:40+08:00,confirmed
2016-02-05,-0.302,Federal Reserve Bank of Chicago / FRED,NFCI,FRED public CSV · long-history backfill,2026-09-13T12:56:40+08:00,confirmed
2016-02-12,-0.304,Federal Reserve Bank of Chicago / FRED,NFCI,FRED public CSV · long-history backfill,2026-09-13T12:56:40+08:00,confirmed
2016-02-19,-0.313,Federal Reserve Bank of Chicago / FRED,NFCI,FRED public CSV · long-history backfill,2026-09-13T12:56:40+08:00,confirmed
2016-02-26,-0.326,Federal Reserve Bank of Chicago / FRED,NFCI,FRED public CSV · long-history backfill,2026-09-13T12:56:40+08:00,confirmed
2016-03-04,-0.341,Federal Reserve Bank of Chicago / FRED,NFCI,FRED public CSV · long-history backfill,2026-09-13T12:56:40+08:00,confirmed
2016-03-11,-0.356,Federal Reserve Bank of Chicago / FRED,NFCI,FRED public CSV · long-history backfill,2026-09-13T12:56:40+08:00,confirmed
2016-03-18,-0.37,Federal Reserve Bank of Chicago / FRED,NFCI,FRED public CSV · long-history backfill,2026-09-13T12:56:40+08:00,confirmed
2016-03-25,-0.379,Federal Reserve Bank of Chicago / FRED,NFCI,FRED public CSV · long-history backfill,2026-09-13T12:57:36+08:00,confirmed
2016-04-01,-0.386,Federal Reserve Bank of Chicago / FRED,NFCI,FRED public CSV · long-history backfill,2026-09-13T12:56:40+08:00,confirmed
2016-04-08,-0.389,Federal Reserve Bank of Chicago / FRED,NFCI,FRED public CSV · long-history backfill,2026-09-13T12:56:40+08:00,confirmed
2016-04-15,-0.392,Federal Reserve Bank of Chicago / FRED,NFCI,FRED public CSV · long-history backfill,2026-09-13T12:57:36+08:00,confirmed
2016-04-22,-0.393,Federal Reserve Bank of Chicago / FRED,NFCI,FRED public CSV · long-history backfill,2026-09-13T12:56:40+08:00,confirmed
2016-04-29,-0.392,Federal Reserve Bank of Chicago / FRED,NFCI,FRED public CSV · long-history backfill,2026-09-13T12:57:36+08:00,confirmed
2016-05-06,-0.391,Federal Reserve Bank of Chicago / FRED,NFCI,FRED public CSV · long-history backfill,2026-09-13T12:56:40+08:00,confirmed
2016-05-13,-0.389,Federal Reserve Bank of Chicago / FRED,NFCI,FRED public CSV · long-history backfill,2026-09-13T12:56:40+08:00,confirmed
2016-05-20,-0.386,Federal Reserve Bank of Chicago / FRED,NFCI,FRED public CSV · long-history backfill,2026-09-13T12:56:40+08:00,confirmed
2016-05-27,-0.381,Federal Reserve Bank of Chicago / FRED,NFCI,FRED public CSV · long-history backfill,2026-09-13T12:56:40+08:00,confirmed
2016-06-03,-0.375,Federal Reserve Bank of Chicago / FRED,NFCI,FRED public CSV · long-history backfill,2026-09-13T12:56:40+08:00,confirmed
2016-06-10,-0.369,Federal Reserve Bank of Chicago / FRED,NFCI,FRED public CSV · long-history backfill,2026-09-13T12:57:36+08:00,confirmed
2016-06-17,-0.362,Federal Reserve Bank of Chicago / FRED,NFCI,FRED public CSV · long-history backfill,2026-09-13T12:57:36+08:00,confirmed
2016-06-24,-0.357,Federal Reserve Bank of Chicago / FRED,NFCI,FRED public CSV · long-history backfill,2026-09-13T12:56:40+08:00,confirmed
2016-07-01,-0.354,Federal Reserve Bank of Chicago / FRED,NFCI,FRED public CSV · long-history backfill,2026-09-13T12:57:36+08:00,confirmed
2016-07-08,-0.356,Federal Reserve Bank of Chicago / FRED,NFCI,FRED public CSV · long-history backfill,2026-09-13T12:57:36+08:00,confirmed
2016-07-15,-0.359,Federal Reserve Bank of Chicago / FRED,NFCI,FRED public CSV · long-history backfill,2026-09-13T12:57:36+08:00,confirmed
2016-07-22,-0.363,Federal Reserve Bank of Chicago / FRED,NFCI,FRED public CSV · long-history backfill,2026-09-13T12:57:36+08:00,confirmed
2016-07-29,-0.367,Federal Reserve Bank of Chicago / FRED,NFCI,FRED public CSV · long-history backfill,2026-09-13T12:57:36+08:00,confirmed
2016-08-05,-0.368,Federal Reserve Bank of Chicago / FRED,NFCI,FRED public CSV · long-history backfill,2026-09-13T12:56:40+08:00,confirmed
2016-08-12,-0.368,Federal Reserve Bank of Chicago / FRED,NFCI,FRED public CSV · long-history backfill,2026-09-13T12:57:36+08:00,confirmed
2016-08-19,-0.365,Federal Reserve Bank of Chicago / FRED,NFCI,FRED public CSV · long-history backfill,2026-09-13T12:56:40+08:00,confirmed
2016-08-26,-0.36,Federal Reserve Bank of Chicago / FRED,NFCI,FRED public CSV · long-history backfill,2026-09-13T12:57:36+08:00,confirmed
2016-09-02,-0.353,Federal Reserve Bank of Chicago / FRED,NFCI,FRED public CSV · long-history backfill,2026-09-13T12:56:40+08:00,confirmed
2016-09-09,-0.347,Federal Reserve Bank of Chicago / FRED,NFCI,FRED public CSV · long-history backfill,2026-09-13T12:56:40+08:00,confirmed
2016-09-16,-0.343,Federal Reserve Bank of Chicago / FRED,NFCI,FRED public CSV · long-history backfill,2026-09-13T12:56:40+08:00,confirmed
2016-09-23,-0.342,Federal Reserve Bank of Chicago / FRED,NFCI,FRED public CSV · long-history backfill,2026-09-13T12:56:40+08:00,confirmed
2016-09-30,-0.346,Federal Reserve Bank of Chicago / FRED,NFCI,FRED public CSV · long-history backfill,2026-09-13T12:56:40+08:00,confirmed
2016-10-07,-0.353,Federal Reserve Bank of Chicago / FRED,NFCI,FRED public CSV · long-history backfill,2026-09-13T12:57:36+08:00,confirmed
2016-10-14,-0.363,Federal Reserve Bank of Chicago / FRED,NFCI,FRED public CSV · long-history backfill,2026-09-13T12:56:40+08:00,confirmed
2016-10-21,-0.374,Federal Reserve Bank of Chicago / FRED,NFCI,FRED public CSV · long-history backfill,2026-09-13T12:57:36+08:00,confirmed
2016-10-28,-0.387,Federal Reserve Bank of Chicago / FRED,NFCI,FRED public CSV · long-history backfill,2026-09-13T12:56:40+08:00,confirmed
2016-11-04,-0.399,Federal Reserve Bank of Chicago / FRED,NFCI,FRED public CSV · long-history backfill,2026-09-13T12:57:36+08:00,confirmed
2016-11-11,-0.412,Federal Reserve Bank of Chicago / FRED,NFCI,FRED public CSV · long-history backfill,2026-09-13T12:56:40+08:00,confirmed
2016-11-18,-0.425,Federal Reserve Bank of Chicago / FRED,NFCI,FRED public CSV · long-history backfill,2026-09-13T12:56:40+08:00,confirmed
2016-11-25,-0.436,Federal Reserve Bank of Chicago / FRED,NFCI,FRED public CSV · long-history backfill,2026-09-13T12:56:40+08:00,confirmed
2016-12-02,-0.446,Federal Reserve Bank of Chicago / FRED,NFCI,FRED public CSV · long-history backfill,2026-09-13T12:57:36+08:00,confirmed
2016-12-09,-0.454,Federal Reserve Bank of Chicago / FRED,NFCI,FRED public CSV · long-history backfill,2026-09-13T12:57:36+08:00,confirmed
2016-12-16,-0.461,Federal Reserve Bank of Chicago / FRED,NFCI,FRED public CSV · long-history backfill,2026-09-13T12:57:36+08:00,confirmed
2016-12-23,-0.466,Federal Reserve Bank of Chicago / FRED,NFCI,FRED public CSV · long-history backfill,2026-09-13T12:56:40+08:00,confirmed
2016-12-30,-0.473,Federal Reserve Bank of Chicago / FRED,NFCI,FRED public CSV · long-history backfill,2026-09-13T12:57:36+08:00,confirmed
2017-01-06,-0.478,Federal Reserve Bank of Chicago / FRED,NFCI,FRED public CSV · long-history backfill,2026-09-13T12:57:36+08:00,confirmed
2017-01-13,-0.484,Federal Reserve Bank of Chicago / FRED,NFCI,FRED public CSV · long-history backfill,2026-09-13T12:56:40+08:00,confirmed
2017-01-20,-0.488,Federal Reserve Bank of Chicago / FRED,NFCI,FRED public CSV · long-history backfill,2026-09-13T12:57:36+08:00,confirmed
2017-01-27,-0.492,Federal Reserve Bank of Chicago / FRED,NFCI,FRED public CSV · long-history backfill,2026-09-13T12:57:36+08:00,confirmed
2017-02-03,-0.494,Federal Reserve Bank of Chicago / FRED,NFCI,FRED public CSV · long-history backfill,2026-09-13T12:57:36+08:00,confirmed
2017-02-10,-0.495,Federal Reserve Bank of Chicago / FRED,NFCI,FRED public CSV · long-history backfill,2026-09-13T12:57:36+08:00,confirmed
2017-02-17,-0.495,Federal Reserve Bank of Chicago / FRED,NFCI,FRED public CSV · long-history backfill,2026-09-13T12:56:40+08:00,confirmed
2017-02-24,-0.493,Federal Reserve Bank of Chicago / FRED,NFCI,FRED public CSV · long-history backfill,2026-09-13T12:56:40+08:00,confirmed
2017-03-03,-0.491,Federal Reserve Bank of Chicago / FRED,NFCI,FRED public CSV · long-history backfill,2026-09-13T12:56:40+08:00,confirmed
2017-03-10,-0.488,Federal Reserve Bank of Chicago / FRED,NFCI,FRED public CSV · long-history backfill,2026-09-13T12:57:36+08:00,confirmed
2017-03-17,-0.486,Federal Reserve Bank of Chicago / FRED,NFCI,FRED public CSV · long-history backfill,2026-09-13T12:57:36+08:00,confirmed
2017-03-24,-0.485,Federal Reserve Bank of Chicago / FRED,NFCI,FRED public CSV · long-history backfill,2026-09-13T12:57:36+08:00,confirmed
2017-03-31,-0.486,Federal Reserve Bank of Chicago / FRED,NFCI,FRED public CSV · long-history backfill,2026-09-13T12:57:36+08:00,confirmed
2017-04-07,-0.489,Federal Reserve Bank of Chicago / FRED,NFCI,FRED public CSV · long-history backfill,2026-09-13T12:56:40+08:00,confirmed
2017-04-14,-0.495,Federal Reserve Bank of Chicago / FRED,NFCI,FRED public CSV · long-history backfill,2026-09-13T12:56:40+08:00,confirmed
2017-04-21,-0.503,Federal Reserve Bank of Chicago / FRED,NFCI,FRED public CSV · long-history backfill,2026-09-13T12:56:40+08:00,confirmed
2017-04-28,-0.512,Federal Reserve Bank of Chicago / FRED,NFCI,FRED public CSV · long-history backfill,2026-09-13T12:57:36+08:00,confirmed
2017-05-05,-0.522,Federal Reserve Bank of Chicago / FRED,NFCI,FRED public CSV · long-history backfill,2026-09-13T12:56:40+08:00,confirmed
2017-05-12,-0.532,Federal Reserve Bank of Chicago / FRED,NFCI,FRED public CSV · long-history backfill,2026-09-13T12:57:36+08:00,confirmed
2017-05-19,-0.541,Federal Reserve Bank of Chicago / FRED,NFCI,FRED public CSV · long-history backfill,2026-09-13T12:56:40+08:00,confirmed
2017-05-26,-0.549,Federal Reserve Bank of Chicago / FRED,NFCI,FRED public CSV · long-history backfill,2026-09-13T12:57:36+08:00,confirmed
2017-06-02,-0.556,Federal Reserve Bank of Chicago / FRED,NFCI,FRED public CSV · long-history backfill,2026-09-13T12:56:40+08:00,confirmed
2017-06-09,-0.561,Federal Reserve Bank of Chicago / FRED,NFCI,FRED public CSV · long-history backfill,2026-09-13T12:56:40+08:00,confirmed
2017-06-16,-0.565,Federal Reserve Bank of Chicago / FRED,NFCI,FRED public CSV · long-history backfill,2026-09-13T12:56:40+08:00,confirmed
2017-06-23,-0.568,Federal Reserve Bank of Chicago / FRED,NFCI,FRED public CSV · long-history backfill,2026-09-13T12:56:40+08:00,confirmed
2017-06-30,-0.571,Federal Reserve Bank of Chicago / FRED,NFCI,FRED public CSV · long-history backfill,2026-09-13T12:57:36+08:00,confirmed
2017-07-07,-0.574,Federal Reserve Bank of Chicago / FRED,NFCI,FRED public CSV · long-history backfill,2026-09-13T12:57:36+08:00,confirmed
2017-07-14,-0.577,Federal Reserve Bank of Chicago / FRED,NFCI,FRED public CSV · long-history backfill,2026-09-13T12:57:36+08:00,confirmed
2017-07-21,-0.579,Federal Reserve Bank of Chicago / FRED,NFCI,FRED public CSV · long-history backfill,2026-09-13T12:56:40+08:00,confirmed
2017-07-28,-0.579,Federal Reserve Bank of Chicago / FRED,NFCI,FRED public CSV · long-history backfill,2026-09-13T12:57:36+08:00,confirmed
2017-08-04,-0.576,Federal Reserve Bank of Chicago / FRED,NFCI,FRED public CSV · long-history backfill,2026-09-13T12:56:40+08:00,confirmed
2017-08-11,-0.571,Federal Reserve Bank of Chicago / FRED,NFCI,FRED public CSV · long-history backfill,2026-09-13T12:57:36+08:00,confirmed
2017-08-18,-0.565,Federal Reserve Bank of Chicago / FRED,NFCI,FRED public CSV · long-history backfill,2026-09-13T12:57:36+08:00,confirmed
2017-08-25,-0.562,Federal Reserve Bank of Chicago / FRED,NFCI,FRED public CSV · long-history backfill,2026-09-13T12:57:36+08:00,confirmed
2017-09-01,-0.559,Federal Reserve Bank of Chicago / FRED,NFCI,FRED public CSV · long-history backfill,2026-09-13T12:57:36+08:00,confirmed
2017-09-08,-0.559,Federal Reserve Bank of Chicago / FRED,NFCI,FRED public CSV · long-history backfill,2026-09-13T12:57:36+08:00,confirmed
2017-09-15,-0.562,Federal Reserve Bank of Chicago / FRED,NFCI,FRED public CSV · long-history backfill,2026-09-13T12:57:36+08:00,confirmed
2017-09-22,-0.566,Federal Reserve Bank of Chicago / FRED,NFCI,FRED public CSV · long-history backfill,2026-09-13T12:57:36+08:00,confirmed
2017-09-29,-0.572,Federal Reserve Bank of Chicago / FRED,NFCI,FRED public CSV · long-history backfill,2026-09-13T12:56:40+08:00,confirmed
2017-10-06,-0.578,Federal Reserve Bank of Chicago / FRED,NFCI,FRED public CSV · long-history backfill,2026-09-13T12:57:36+08:00,confirmed
2017-10-13,-0.585,Federal Reserve Bank of Chicago / FRED,NFCI,FRED public CSV · long-history backfill,2026-09-13T12:57:36+08:00,confirmed
2017-10-20,-0.592,Federal Reserve Bank of Chicago / FRED,NFCI,FRED public CSV · long-history backfill,2026-09-13T12:56:40+08:00,confirmed
2017-10-27,-0.597,Federal Reserve Bank of Chicago / FRED,NFCI,FRED public CSV · long-history backfill,2026-09-13T12:56:40+08:00,confirmed
2017-11-03,-0.601,Federal Reserve Bank of Chicago / FRED,NFCI,FRED public CSV · long-history backfill,2026-09-13T12:57:36+08:00,confirmed
2017-11-10,-0.603,Federal Reserve Bank of Chicago / FRED,NFCI,FRED public CSV · long-history backfill,2026-09-13T12:56:40+08:00,confirmed
2017-11-17,-0.604,Federal Reserve Bank of Chicago / FRED,NFCI,FRED public CSV · long-history backfill,2026-09-13T12:56:40+08:00,confirmed
2017-11-24,-0.604,Federal Reserve Bank of Chicago / FRED,NFCI,FRED public CSV · long-history backfill,2026-09-13T12:56:40+08:00,confirmed
2017-12-01,-0.605,Federal Reserve Bank of Chicago / FRED,NFCI,FRED public CSV · long-history backfill,2026-09-13T12:56:40+08:00,confirmed
2017-12-08,-0.606,Federal Reserve Bank of Chicago / FRED,NFCI,FRED public CSV · long-history backfill,2026-09-13T12:56:40+08:00,confirmed
2017-12-15,-0.608,Federal Reserve Bank of Chicago / FRED,NFCI,FRED public CSV · long-history backfill,2026-09-13T12:56:40+08:00,confirmed
2017-12-22,-0.612,Federal Reserve Bank of Chicago / FRED,NFCI,FRED public CSV · long-history backfill,2026-09-13T12:56:40+08:00,confirmed
2017-12-29,-0.615,Federal Reserve Bank of Chicago / FRED,NFCI,FRED public CSV · long-history backfill,2026-09-13T12:56:40+08:00,confirmed
2018-01-05,-0.619,Federal Reserve Bank of Chicago / FRED,NFCI,FRED public CSV · long-history backfill,2026-09-13T12:57:36+08:00,confirmed
2018-01-12,-0.619,Federal Reserve Bank of Chicago / FRED,NFCI,FRED public CSV · long-history backfill,2026-09-13T12:56:40+08:00,confirmed
2018-01-19,-0.614,Federal Reserve Bank of Chicago / FRED,NFCI,FRED public CSV · long-history backfill,2026-09-13T12:57:36+08:00,confirmed
2018-01-26,-0.606,Federal Reserve Bank of Chicago / FRED,NFCI,FRED public CSV · long-history backfill,2026-09-13T12:57:36+08:00,confirmed
2018-02-02,-0.592,Federal Reserve Bank of Chicago / FRED,NFCI,FRED public CSV · long-history backfill,2026-09-13T12:56:40+08:00,confirmed
2018-02-09,-0.575,Federal Reserve Bank of Chicago / FRED,NFCI,FRED public CSV · long-history backfill,2026-09-13T12:57:36+08:00,confirmed
2018-02-16,-0.559,Federal Reserve Bank of Chicago / FRED,NFCI,FRED public CSV · long-history backfill,2026-09-13T12:56:40+08:00,confirmed
2018-02-23,-0.544,Federal Reserve Bank of Chicago / FRED,NFCI,FRED public CSV · long-history backfill,2026-09-13T12:56:40+08:00,confirmed
2018-03-02,-0.53,Federal Reserve Bank of Chicago / FRED,NFCI,FRED public CSV · long-history backfill,2026-09-13T12:56:40+08:00,confirmed
2018-03-09,-0.516,Federal Reserve Bank of Chicago / FRED,NFCI,FRED public CSV · long-history backfill,2026-09-13T12:56:40+08:00,confirmed
2018-03-16,-0.506,Federal Reserve Bank of Chicago / FRED,NFCI,FRED public CSV · long-history backfill,2026-09-13T12:56:40+08:00,confirmed
2018-03-23,-0.499,Federal Reserve Bank of Chicago / FRED,NFCI,FRED public CSV · long-history backfill,2026-09-13T12:56:40+08:00,confirmed
2018-03-30,-0.497,Federal Reserve Bank of Chicago / FRED,NFCI,FRED public CSV · long-history backfill,2026-09-13T12:57:36+08:00,confirmed
2018-04-06,-0.501,Federal Reserve Bank of Chicago / FRED,NFCI,FRED public CSV · long-history backfill,2026-09-13T12:57:36+08:00,confirmed
2018-04-13,-0.512,Federal Reserve Bank of Chicago / FRED,NFCI,FRED public CSV · long-history backfill,2026-09-13T12:57:36+08:00,confirmed
2018-04-20,-0.526,Federal Reserve Bank of Chicago / FRED,NFCI,FRED public CSV · long-history backfill,2026-09-13T12:56:40+08:00,confirmed
2018-04-27,-0.539,Federal Reserve Bank of Chicago / FRED,NFCI,FRED public CSV · long-history backfill,2026-09-13T12:57:36+08:00,confirmed
2018-05-04,-0.552,Federal Reserve Bank of Chicago / FRED,NFCI,FRED public CSV · long-history backfill,2026-09-13T12:56:40+08:00,confirmed
2018-05-11,-0.561,Federal Reserve Bank of Chicago / FRED,NFCI,FRED public CSV · long-history backfill,2026-09-13T12:56:40+08:00,confirmed
2018-05-18,-0.566,Federal Reserve Bank of Chicago / FRED,NFCI,FRED public CSV · long-history backfill,2026-09-13T12:56:40+08:00,confirmed
2018-05-25,-0.567,Federal Reserve Bank of Chicago / FRED,NFCI,FRED public CSV · long-history backfill,2026-09-13T12:57:36+08:00,confirmed
2018-06-01,-0.562,Federal Reserve Bank of Chicago / FRED,NFCI,FRED public CSV · long-history backfill,2026-09-13T12:57:36+08:00,confirmed
2018-06-08,-0.557,Federal Reserve Bank of Chicago / FRED,NFCI,FRED public CSV · long-history backfill,2026-09-13T12:56:40+08:00,confirmed
2018-06-15,-0.551,Federal Reserve Bank of Chicago / FRED,NFCI,FRED public CSV · long-history backfill,2026-09-13T12:56:40+08:00,confirmed
2018-06-22,-0.545,Federal Reserve Bank of Chicago / FRED,NFCI,FRED public CSV · long-history backfill,2026-09-13T12:56:40+08:00,confirmed
2018-06-29,-0.543,Federal Reserve Bank of Chicago / FRED,NFCI,FRED public CSV · long-history backfill,2026-09-13T12:56:40+08:00,confirmed
2018-07-06,-0.544,Federal Reserve Bank of Chicago / FRED,NFCI,FRED public CSV · long-history backfill,2026-09-13T12:57:36+08:00,confirmed
2018-07-13,-0.549,Federal Reserve Bank of Chicago / FRED,NFCI,FRED public CSV · long-history backfill,2026-09-13T12:56:40+08:00,confirmed
2018-07-20,-0.557,Federal Reserve Bank of Chicago / FRED,NFCI,FRED public CSV · long-history backfill,2026-09-13T12:57:36+08:00,confirmed
2018-07-27,-0.566,Federal Reserve Bank of Chicago / FRED,NFCI,FRED public CSV · long-history backfill,2026-09-13T12:57:36+08:00,confirmed
2018-08-03,-0.575,Federal Reserve Bank of Chicago / FRED,NFCI,FRED public CSV · long-history backfill,2026-09-13T12:56:40+08:00,confirmed
2018-08-10,-0.584,Federal Reserve Bank of Chicago / FRED,NFCI,FRED public CSV · long-history backfill,2026-09-13T12:56:40+08:00,confirmed
2018-08-17,-0.591,Federal Reserve Bank of Chicago / FRED,NFCI,FRED public CSV · long-history backfill,2026-09-13T12:56:40+08:00,confirmed
2018-08-24,-0.596,Federal Reserve Bank of Chicago / FRED,NFCI,FRED public CSV · long-history backfill,2026-09-13T12:57:36+08:00,confirmed
2018-08-31,-0.6,Federal Reserve Bank of Chicago / FRED,NFCI,FRED public CSV · long-history backfill,2026-09-13T12:56:40+08:00,confirmed
2018-09-07,-0.602,Federal Reserve Bank of Chicago / FRED,NFCI,FRED public CSV · long-history backfill,2026-09-13T12:57:36+08:00,confirmed
2018-09-14,-0.603,Federal Reserve Bank of Chicago / FRED,NFCI,FRED public CSV · long-history backfill,2026-09-13T12:56:40+08:00,confirmed
2018-09-21,-0.6,Federal Reserve Bank of Chicago / FRED,NFCI,FRED public CSV · long-history backfill,2026-09-13T12:57:36+08:00,confirmed
2018-09-28,-0.596,Federal Reserve Bank of Chicago / FRED,NFCI,FRED public CSV · long-history backfill,2026-09-13T12:56:40+08:00,confirmed
2018-10-05,-0.589,Federal Reserve Bank of Chicago / FRED,NFCI,FRED public CSV · long-history backfill,2026-09-13T12:56:40+08:00,confirmed
2018-10-12,-0.58,Federal Reserve Bank of Chicago / FRED,NFCI,FRED public CSV · long-history backfill,2026-09-13T12:57:36+08:00,confirmed
2018-10-19,-0.569,Federal Reserve Bank of Chicago / FRED,NFCI,FRED public CSV · long-history backfill,2026-09-13T12:57:36+08:00,confirmed
2018-10-26,-0.555,Federal Reserve Bank of Chicago / FRED,NFCI,FRED public CSV · long-history backfill,2026-09-13T12:56:40+08:00,confirmed
2018-11-02,-0.54,Federal Reserve Bank of Chicago / FRED,NFCI,FRED public CSV · long-history backfill,2026-09-13T12:56:40+08:00,confirmed
2018-11-09,-0.525,Federal Reserve Bank of Chicago / FRED,NFCI,FRED public CSV · long-history backfill,2026-09-13T12:57:36+08:00,confirmed
2018-11-16,-0.506,Federal Reserve Bank of Chicago / FRED,NFCI,FRED public CSV · long-history backfill,2026-09-13T12:57:36+08:00,confirmed
2018-11-23,-0.485,Federal Reserve Bank of Chicago / FRED,NFCI,FRED public CSV · long-history backfill,2026-09-13T12:57:36+08:00,confirmed
2018-11-30,-0.466,Federal Reserve Bank of Chicago / FRED,NFCI,FRED public CSV · long-history backfill,2026-09-13T12:57:36+08:00,confirmed
2018-12-07,-0.447,Federal Reserve Bank of Chicago / FRED,NFCI,FRED public CSV · long-history backfill,2026-09-13T12:57:36+08:00,confirmed
2018-12-14,-0.435,Federal Reserve Bank of Chicago / FRED,NFCI,FRED public CSV · long-history backfill,2026-09-13T12:57:36+08:00,confirmed
2018-12-21,-0.429,Federal Reserve Bank of Chicago / FRED,NFCI,FRED public CSV · long-history backfill,2026-09-13T12:56:40+08:00,confirmed
2018-12-28,-0.433,Federal Reserve Bank of Chicago / FRED,NFCI,FRED public CSV · long-history backfill,2026-09-13T12:56:40+08:00,confirmed
2019-01-04,-0.446,Federal Reserve Bank of Chicago / FRED,NFCI,FRED public CSV · long-history backfill,2026-09-13T12:56:40+08:00,confirmed
2019-01-11,-0.466,Federal Reserve Bank of Chicago / FRED,NFCI,FRED public CSV · long-history backfill,2026-09-13T12:57:36+08:00,confirmed
2019-01-18,-0.489,Federal Reserve Bank of Chicago / FRED,NFCI,FRED public CSV · long-history backfill,2026-09-13T12:57:36+08:00,confirmed
2019-01-25,-0.513,Federal Reserve Bank of Chicago / FRED,NFCI,FRED public CSV · long-history backfill,2026-09-13T12:57:36+08:00,confirmed
2019-02-01,-0.536,Federal Reserve Bank of Chicago / FRED,NFCI,FRED public CSV · long-history backfill,2026-09-13T12:57:36+08:00,confirmed
2019-02-08,-0.556,Federal Reserve Bank of Chicago / FRED,NFCI,FRED public CSV · long-history backfill,2026-09-13T12:57:36+08:00,confirmed
2019-02-15,-0.573,Federal Reserve Bank of Chicago / FRED,NFCI,FRED public CSV · long-history backfill,2026-09-13T12:56:40+08:00,confirmed
2019-02-22,-0.586,Federal Reserve Bank of Chicago / FRED,NFCI,FRED public CSV · long-history backfill,2026-09-13T12:57:36+08:00,confirmed
2019-03-01,-0.594,Federal Reserve Bank of Chicago / FRED,NFCI,FRED public CSV · long-history backfill,2026-09-13T12:57:36+08:00,confirmed
2019-03-08,-0.599,Federal Reserve Bank of Chicago / FRED,NFCI,FRED public CSV · long-history backfill,2026-09-13T12:57:36+08:00,confirmed
2019-03-15,-0.603,Federal Reserve Bank of Chicago / FRED,NFCI,FRED public CSV · long-history backfill,2026-09-13T12:56:40+08:00,confirmed
2019-03-22,-0.607,Federal Reserve Bank of Chicago / FRED,NFCI,FRED public CSV · long-history backfill,2026-09-13T12:56:40+08:00,confirmed
2019-03-29,-0.61,Federal Reserve Bank of Chicago / FRED,NFCI,FRED public CSV · long-history backfill,2026-09-13T12:56:40+08:00,confirmed
2019-04-05,-0.614,Federal Reserve Bank of Chicago / FRED,NFCI,FRED public CSV · long-history backfill,2026-09-13T12:57:36+08:00,confirmed
2019-04-12,-0.617,Federal Reserve Bank of Chicago / FRED,NFCI,FRED public CSV · long-history backfill,2026-09-13T12:56:40+08:00,confirmed
2019-04-19,-0.619,Federal Reserve Bank of Chicago / FRED,NFCI,FRED public CSV · long-history backfill,2026-09-13T12:57:36+08:00,confirmed
2019-04-26,-0.618,Federal Reserve Bank of Chicago / FRED,NFCI,FRED public CSV · long-history backfill,2026-09-13T12:57:36+08:00,confirmed
2019-05-03,-0.615,Federal Reserve Bank of Chicago / FRED,NFCI,FRED public CSV · long-history backfill,2026-09-13T12:57:36+08:00,confirmed
2019-05-10,-0.608,Federal Reserve Bank of Chicago / FRED,NFCI,FRED public CSV · long-history backfill,2026-09-13T12:57:36+08:00,confirmed
2019-05-17,-0.599,Federal Reserve Bank of Chicago / FRED,NFCI,FRED public CSV · long-history backfill,2026-09-13T12:57:36+08:00,confirmed
2019-05-24,-0.591,Federal Reserve Bank of Chicago / FRED,NFCI,FRED public CSV · long-history backfill,2026-09-13T12:56:40+08:00,confirmed
2019-05-31,-0.583,Federal Reserve Bank of Chicago / FRED,NFCI,FRED public CSV · long-history backfill,2026-09-13T12:56:40+08:00,confirmed
2019-06-07,-0.578,Federal Reserve Bank of Chicago / FRED,NFCI,FRED public CSV · long-history backfill,2026-09-13T12:56:40+08:00,confirmed
2019-06-14,-0.576,Federal Reserve Bank of Chicago / FRED,NFCI,FRED public CSV · long-history backfill,2026-09-13T12:57:36+08:00,confirmed
2019-06-21,-0.576,Federal Reserve Bank of Chicago / FRED,NFCI,FRED public CSV · long-history backfill,2026-09-13T12:57:36+08:00,confirmed
2019-06-28,-0.578,Federal Reserve Bank of Chicago / FRED,NFCI,FRED public CSV · long-history backfill,2026-09-13T12:56:40+08:00,confirmed
2019-07-05,-0.582,Federal Reserve Bank of Chicago / FRED,NFCI,FRED public CSV · long-history backfill,2026-09-13T12:56:40+08:00,confirmed
2019-07-12,-0.584,Federal Reserve Bank of Chicago / FRED,NFCI,FRED public CSV · long-history backfill,2026-09-13T12:56:40+08:00,confirmed
2019-07-19,-0.584,Federal Reserve Bank of Chicago / FRED,NFCI,FRED public CSV · long-history backfill,2026-09-13T12:57:36+08:00,confirmed
2019-07-26,-0.581,Federal Reserve Bank of Chicago / FRED,NFCI,FRED public CSV · long-history backfill,2026-09-13T12:56:40+08:00,confirmed
2019-08-02,-0.573,Federal Reserve Bank of Chicago / FRED,NFCI,FRED public CSV · long-history backfill,2026-09-13T12:56:40+08:00,confirmed
2019-08-09,-0.561,Federal Reserve Bank of Chicago / FRED,NFCI,FRED public CSV · long-history backfill,2026-09-13T12:56:40+08:00,confirmed
2019-08-16,-0.55,Federal Reserve Bank of Chicago / FRED,NFCI,FRED public CSV · long-history backfill,2026-09-13T12:56:40+08:00,confirmed
2019-08-23,-0.539,Federal Reserve Bank of Chicago / FRED,NFCI,FRED public CSV · long-history backfill,2026-09-13T12:56:40+08:00,confirmed
2019-08-30,-0.529,Federal Reserve Bank of Chicago / FRED,NFCI,FRED public CSV · long-history backfill,2026-09-13T12:56:40+08:00,confirmed
2019-09-06,-0.522,Federal Reserve Bank of Chicago / FRED,NFCI,FRED public CSV · long-history backfill,2026-09-13T12:56:40+08:00,confirmed
2019-09-13,-0.517,Federal Reserve Bank of Chicago / FRED,NFCI,FRED public CSV · long-history backfill,2026-09-13T12:56:40+08:00,confirmed
2019-09-20,-0.513,Federal Reserve Bank of Chicago / FRED,NFCI,FRED public CSV · long-history backfill,2026-09-13T12:56:40+08:00,confirmed
2019-09-27,-0.513,Federal Reserve Bank of Chicago / FRED,NFCI,FRED public CSV · long-history backfill,2026-09-13T12:56:40+08:00,confirmed
2019-10-04,-0.518,Federal Reserve Bank of Chicago / FRED,NFCI,FRED public CSV · long-history backfill,2026-09-13T12:57:36+08:00,confirmed
2019-10-11,-0.527,Federal Reserve Bank of Chicago / FRED,NFCI,FRED public CSV · long-history backfill,2026-09-13T12:56:40+08:00,confirmed
2019-10-18,-0.539,Federal Reserve Bank of Chicago / FRED,NFCI,FRED public CSV · long-history backfill,2026-09-13T12:56:40+08:00,confirmed
2019-10-25,-0.554,Federal Reserve Bank of Chicago / FRED,NFCI,FRED public CSV · long-history backfill,2026-09-13T12:56:40+08:00,confirmed
2019-11-01,-0.566,Federal Reserve Bank of Chicago / FRED,NFCI,FRED public CSV · long-history backfill,2026-09-13T12:56:40+08:00,confirmed
2019-11-08,-0.575,Federal Reserve Bank of Chicago / FRED,NFCI,FRED public CSV · long-history backfill,2026-09-13T12:56:40+08:00,confirmed
2019-11-15,-0.58,Federal Reserve Bank of Chicago / FRED,NFCI,FRED public CSV · long-history backfill,2026-09-13T12:56:40+08:00,confirmed
2019-11-22,-0.579,Federal Reserve Bank of Chicago / FRED,NFCI,FRED public CSV · long-history backfill,2026-09-13T12:57:36+08:00,confirmed
2019-11-29,-0.574,Federal Reserve Bank of Chicago / FRED,NFCI,FRED public CSV · long-history backfill,2026-09-13T12:57:36+08:00,confirmed
2019-12-06,-0.565,Federal Reserve Bank of Chicago / FRED,NFCI,FRED public CSV · long-history backfill,2026-09-13T12:57:36+08:00,confirmed
2019-12-13,-0.557,Federal Reserve Bank of Chicago / FRED,NFCI,FRED public CSV · long-history backfill,2026-09-13T12:57:36+08:00,confirmed
2019-12-20,-0.554,Federal Reserve Bank of Chicago / FRED,NFCI,FRED public CSV · long-history backfill,2026-09-13T12:57:36+08:00,confirmed
2019-12-27,-0.559,Federal Reserve Bank of Chicago / FRED,NFCI,FRED public CSV · long-history backfill,2026-09-13T12:56:40+08:00,confirmed
2020-01-03,-0.573,Federal Reserve Bank of Chicago / FRED,NFCI,FRED public CSV · long-history backfill,2026-09-13T12:57:36+08:00,confirmed
2020-01-10,-0.593,Federal Reserve Bank of Chicago / FRED,NFCI,FRED public CSV · long-history backfill,2026-09-13T12:57:36+08:00,confirmed
2020-01-17,-0.615,Federal Reserve Bank of Chicago / FRED,NFCI,FRED public CSV · long-history backfill,2026-09-13T12:57:36+08:00,confirmed
2020-01-24,-0.629,Federal Reserve Bank of Chicago / FRED,NFCI,FRED public CSV · long-history backfill,2026-09-13T12:57:36+08:00,confirmed
2020-01-31,-0.626,Federal Reserve Bank of Chicago / FRED,NFCI,FRED public CSV · long-history backfill,2026-09-13T12:56:40+08:00,confirmed
2020-02-07,-0.599,Federal Reserve Bank of Chicago / FRED,NFCI,FRED public CSV · long-history backfill,2026-09-13T12:57:36+08:00,confirmed
2020-02-14,-0.537,Federal Reserve Bank of Chicago / FRED,NFCI,FRED public CSV · long-history backfill,2026-09-13T12:56:40+08:00,confirmed
2020-02-21,-0.434,Federal Reserve Bank of Chicago / FRED,NFCI,FRED public CSV · long-history backfill,2026-09-13T12:56:40+08:00,confirmed
2020-02-28,-0.293,Federal Reserve Bank of Chicago / FRED,NFCI,FRED public CSV · long-history backfill,2026-09-13T12:56:40+08:00,confirmed
2020-03-06,-0.13,Federal Reserve Bank of Chicago / FRED,NFCI,FRED public CSV · long-history backfill,2026-09-13T12:56:40+08:00,confirmed
2020-03-13,0.038,Federal Reserve Bank of Chicago / FRED,NFCI,FRED public CSV · long-history backfill,2026-09-13T12:57:36+08:00,confirmed
2020-03-20,0.183,Federal Reserve Bank of Chicago / FRED,NFCI,FRED public CSV · long-history backfill,2026-09-13T12:57:36+08:00,confirmed
2020-03-27,0.276,Federal Reserve Bank of Chicago / FRED,NFCI,FRED public CSV · long-history backfill,2026-09-13T12:57:36+08:00,confirmed
2020-04-03,0.313,Federal Reserve Bank of Chicago / FRED,NFCI,FRED public CSV · long-history backfill,2026-09-13T12:57:36+08:00,confirmed
2020-04-10,0.299,Federal Reserve Bank of Chicago / FRED,NFCI,FRED public CSV · long-history backfill,2026-09-13T12:57:36+08:00,confirmed
2020-04-17,0.242,Federal Reserve Bank of Chicago / FRED,NFCI,FRED public CSV · long-history backfill,2026-09-13T12:57:36+08:00,confirmed
2020-04-24,0.162,Federal Reserve Bank of Chicago / FRED,NFCI,FRED public CSV · long-history backfill,2026-09-13T12:57:36+08:00,confirmed
2020-05-01,0.064,Federal Reserve Bank of Chicago / FRED,NFCI,FRED public CSV · long-history backfill,2026-09-13T12:57:36+08:00,confirmed
2020-05-08,-0.036,Federal Reserve Bank of Chicago / FRED,NFCI,FRED public CSV · long-history backfill,2026-09-13T12:57:36+08:00,confirmed
2020-05-15,-0.127,Federal Reserve Bank of Chicago / FRED,NFCI,FRED public CSV · long-history backfill,2026-09-13T12:56:40+08:00,confirmed
2020-05-22,-0.207,Federal Reserve Bank of Chicago / FRED,NFCI,FRED public CSV · long-history backfill,2026-09-13T12:57:36+08:00,confirmed
2020-05-29,-0.27,Federal Reserve Bank of Chicago / FRED,NFCI,FRED public CSV · long-history backfill,2026-09-13T12:56:40+08:00,confirmed
2020-06-05,-0.317,Federal Reserve Bank of Chicago / FRED,NFCI,FRED public CSV · long-history backfill,2026-09-13T12:56:40+08:00,confirmed
2020-06-12,-0.346,Federal Reserve Bank of Chicago / FRED,NFCI,FRED public CSV · long-history backfill,2026-09-13T12:56:40+08:00,confirmed
2020-06-19,-0.368,Federal Reserve Bank of Chicago / FRED,NFCI,FRED public CSV · long-history backfill,2026-09-13T12:57:36+08:00,confirmed
2020-06-26,-0.386,Federal Reserve Bank of Chicago / FRED,NFCI,FRED public CSV · long-history backfill,2026-09-13T12:56:40+08:00,confirmed
2020-07-03,-0.403,Federal Reserve Bank of Chicago / FRED,NFCI,FRED public CSV · long-history backfill,2026-09-13T12:56:40+08:00,confirmed
2020-07-10,-0.421,Federal Reserve Bank of Chicago / FRED,NFCI,FRED public CSV · long-history backfill,2026-09-13T12:57:36+08:00,confirmed
2020-07-17,-0.44,Federal Reserve Bank of Chicago / FRED,NFCI,FRED public CSV · long-history backfill,2026-09-13T12:57:36+08:00,confirmed
2020-07-24,-0.46,Federal Reserve Bank of Chicago / FRED,NFCI,FRED public CSV · long-history backfill,2026-09-13T12:57:36+08:00,confirmed
2020-07-31,-0.477,Federal Reserve Bank of Chicago / FRED,NFCI,FRED public CSV · long-history backfill,2026-09-13T12:57:36+08:00,confirmed
2020-08-07,-0.492,Federal Reserve Bank of Chicago / FRED,NFCI,FRED public CSV · long-history backfill,2026-09-13T12:57:36+08:00,confirmed
2020-08-14,-0.502,Federal Reserve Bank of Chicago / FRED,NFCI,FRED public CSV · long-history backfill,2026-09-13T12:57:36+08:00,confirmed
2020-08-21,-0.509,Federal Reserve Bank of Chicago / FRED,NFCI,FRED public CSV · long-history backfill,2026-09-13T12:56:40+08:00,confirmed
2020-08-28,-0.511,Federal Reserve Bank of Chicago / FRED,NFCI,FRED public CSV · long-history backfill,2026-09-13T12:56:40+08:00,confirmed
2020-09-04,-0.509,Federal Reserve Bank of Chicago / FRED,NFCI,FRED public CSV · long-history backfill,2026-09-13T12:57:36+08:00,confirmed
2020-09-11,-0.505,Federal Reserve Bank of Chicago / FRED,NFCI,FRED public CSV · long-history backfill,2026-09-13T12:57:36+08:00,confirmed
2020-09-18,-0.501,Federal Reserve Bank of Chicago / FRED,NFCI,FRED public CSV · long-history backfill,2026-09-13T12:57:36+08:00,confirmed
2020-09-25,-0.495,Federal Reserve Bank of Chicago / FRED,NFCI,FRED public CSV · long-history backfill,2026-09-13T12:56:40+08:00,confirmed
2020-10-02,-0.492,Federal Reserve Bank of Chicago / FRED,NFCI,FRED public CSV · long-history backfill,2026-09-13T12:57:36+08:00,confirmed
2020-10-09,-0.492,Federal Reserve Bank of Chicago / FRED,NFCI,FRED public CSV · long-history backfill,2026-09-13T12:56:40+08:00,confirmed
2020-10-16,-0.495,Federal Reserve Bank of Chicago / FRED,NFCI,FRED public CSV · long-history backfill,2026-09-13T12:56:40+08:00,confirmed
2020-10-23,-0.501,Federal Reserve Bank of Chicago / FRED,NFCI,FRED public CSV · long-history backfill,2026-09-13T12:57:36+08:00,confirmed
2020-10-30,-0.51,Federal Reserve Bank of Chicago / FRED,NFCI,FRED public CSV · long-history backfill,2026-09-13T12:57:36+08:00,confirmed
2020-11-06,-0.524,Federal Reserve Bank of Chicago / FRED,NFCI,FRED public CSV · long-history backfill,2026-09-13T12:57:36+08:00,confirmed
2020-11-13,-0.541,Federal Reserve Bank of Chicago / FRED,NFCI,FRED public CSV · long-history backfill,2026-09-13T12:57:36+08:00,confirmed
2020-11-20,-0.557,Federal Reserve Bank of Chicago / FRED,NFCI,FRED public CSV · long-history backfill,2026-09-13T12:57:36+08:00,confirmed
2020-11-27,-0.572,Federal Reserve Bank of Chicago / FRED,NFCI,FRED public CSV · long-history backfill,2026-09-13T12:56:40+08:00,confirmed
2020-12-04,-0.585,Federal Reserve Bank of Chicago / FRED,NFCI,FRED public CSV · long-history backfill,2026-09-13T12:56:40+08:00,confirmed
2020-12-11,-0.595,Federal Reserve Bank of Chicago / FRED,NFCI,FRED public CSV · long-history backfill,2026-09-13T12:57:36+08:00,confirmed
2020-12-18,-0.602,Federal Reserve Bank of Chicago / FRED,NFCI,FRED public CSV · long-history backfill,2026-09-13T12:56:40+08:00,confirmed
2020-12-25,-0.608,Federal Reserve Bank of Chicago / FRED,NFCI,FRED public CSV · long-history backfill,2026-09-13T12:57:36+08:00,confirmed
2021-01-01,-0.614,Federal Reserve Bank of Chicago / FRED,NFCI,FRED public CSV · long-history backfill,2026-09-13T12:56:40+08:00,confirmed
2021-01-08,-0.618,Federal Reserve Bank of Chicago / FRED,NFCI,FRED public CSV · long-history backfill,2026-09-13T12:57:36+08:00,confirmed
2021-01-15,-0.621,Federal Reserve Bank of Chicago / FRED,NFCI,FRED public CSV · long-history backfill,2026-09-13T12:56:40+08:00,confirmed
2021-01-22,-0.623,Federal Reserve Bank of Chicago / FRED,NFCI,FRED public CSV · long-history backfill,2026-09-13T12:56:40+08:00,confirmed
2021-01-29,-0.623,Federal Reserve Bank of Chicago / FRED,NFCI,FRED public CSV · long-history backfill,2026-09-13T12:56:40+08:00,confirmed
2021-02-05,-0.625,Federal Reserve Bank of Chicago / FRED,NFCI,FRED public CSV · long-history backfill,2026-09-13T12:56:40+08:00,confirmed
2021-02-12,-0.627,Federal Reserve Bank of Chicago / FRED,NFCI,FRED public CSV · long-history backfill,2026-09-13T12:56:40+08:00,confirmed
2021-02-19,-0.629,Federal Reserve Bank of Chicago / FRED,NFCI,FRED public CSV · long-history backfill,2026-09-13T12:57:36+08:00,confirmed
2021-02-26,-0.631,Federal Reserve Bank of Chicago / FRED,NFCI,FRED public CSV · long-history backfill,2026-09-13T12:56:40+08:00,confirmed
2021-03-05,-0.635,Federal Reserve Bank of Chicago / FRED,NFCI,FRED public CSV · long-history backfill,2026-09-13T12:56:40+08:00,confirmed
2021-03-12,-0.64,Federal Reserve Bank of Chicago / FRED,NFCI,FRED public CSV · long-history backfill,2026-09-13T12:56:40+08:00,confirmed
2021-03-19,-0.645,Federal Reserve Bank of Chicago / FRED,NFCI,FRED public CSV · long-history backfill,2026-09-13T12:57:36+08:00,confirmed
2021-03-26,-0.652,Federal Reserve Bank of Chicago / FRED,NFCI,FRED public CSV · long-history backfill,2026-09-13T12:57:36+08:00,confirmed
2021-04-02,-0.659,Federal Reserve Bank of Chicago / FRED,NFCI,FRED public CSV · long-history backfill,2026-09-13T12:56:40+08:00,confirmed
2021-04-09,-0.668,Federal Reserve Bank of Chicago / FRED,NFCI,FRED public CSV · long-history backfill,2026-09-13T12:57:36+08:00,confirmed
2021-04-16,-0.675,Federal Reserve Bank of Chicago / FRED,NFCI,FRED public CSV · long-history backfill,2026-09-13T12:56:40+08:00,confirmed
2021-04-23,-0.681,Federal Reserve Bank of Chicago / FRED,NFCI,FRED public CSV · long-history backfill,2026-09-13T12:56:40+08:00,confirmed
2021-04-30,-0.686,Federal Reserve Bank of Chicago / FRED,NFCI,FRED public CSV · long-history backfill,2026-09-13T12:56:40+08:00,confirmed
2021-05-07,-0.691,Federal Reserve Bank of Chicago / FRED,NFCI,FRED public CSV · long-history backfill,2026-09-13T12:56:40+08:00,confirmed
2021-05-14,-0.694,Federal Reserve Bank of Chicago / FRED,NFCI,FRED public CSV · long-history backfill,2026-09-13T12:57:36+08:00,confirmed
2021-05-21,-0.696,Federal Reserve Bank of Chicago / FRED,NFCI,FRED public CSV · long-history backfill,2026-09-13T12:56:40+08:00,confirmed
2021-05-28,-0.698,Federal Reserve Bank of Chicago / FRED,NFCI,FRED public CSV · long-history backfill,2026-09-13T12:56:40+08:00,confirmed
2021-06-04,-0.699,Federal Reserve Bank of Chicago / FRED,NFCI,FRED public CSV · long-history backfill,2026-09-13T12:56:40+08:00,confirmed
2021-06-11,-0.698,Federal Reserve Bank of Chicago / FRED,NFCI,FRED public CSV · long-history backfill,2026-09-13T12:56:40+08:00,confirmed
2021-06-18,-0.695,Federal Reserve Bank of Chicago / FRED,NFCI,FRED public CSV · long-history backfill,2026-09-13T12:56:40+08:00,confirmed
2021-06-25,-0.691,Federal Reserve Bank of Chicago / FRED,NFCI,FRED public CSV · long-history backfill,2026-09-13T12:57:36+08:00,confirmed
2021-07-02,-0.686,Federal Reserve Bank of Chicago / FRED,NFCI,FRED public CSV · long-history backfill,2026-09-13T12:57:36+08:00,confirmed
2021-07-09,-0.679,Federal Reserve Bank of Chicago / FRED,NFCI,FRED public CSV · long-history backfill,2026-09-13T12:57:36+08:00,confirmed
2021-07-16,-0.672,Federal Reserve Bank of Chicago / FRED,NFCI,FRED public CSV · long-history backfill,2026-09-13T12:56:40+08:00,confirmed
2021-07-23,-0.665,Federal Reserve Bank of Chicago / FRED,NFCI,FRED public CSV · long-history backfill,2026-09-13T12:57:36+08:00,confirmed
2021-07-30,-0.66,Federal Reserve Bank of Chicago / FRED,NFCI,FRED public CSV · long-history backfill,2026-09-13T12:56:40+08:00,confirmed
2021-08-06,-0.655,Federal Reserve Bank of Chicago / FRED,NFCI,FRED public CSV · long-history backfill,2026-09-13T12:57:36+08:00,confirmed
2021-08-13,-0.652,Federal Reserve Bank of Chicago / FRED,NFCI,FRED public CSV · long-history backfill,2026-09-13T12:56:40+08:00,confirmed
2021-08-20,-0.651,Federal Reserve Bank of Chicago / FRED,NFCI,FRED public CSV · long-history backfill,2026-09-13T12:57:36+08:00,confirmed
2021-08-27,-0.652,Federal Reserve Bank of Chicago / FRED,NFCI,FRED public CSV · long-history backfill,2026-09-13T12:57:36+08:00,confirmed
2021-09-03,-0.653,Federal Reserve Bank of Chicago / FRED,NFCI,FRED public CSV · long-history backfill,2026-09-13T12:57:36+08:00,confirmed
2021-09-10,-0.655,Federal Reserve Bank of Chicago / FRED,NFCI,FRED public CSV · long-history backfill,2026-09-13T12:57:36+08:00,confirmed
2021-09-17,-0.657,Federal Reserve Bank of Chicago / FRED,NFCI,FRED public CSV · long-history backfill,2026-09-13T12:57:36+08:00,confirmed
2021-09-24,-0.658,Federal Reserve Bank of Chicago / FRED,NFCI,FRED public CSV · long-history backfill,2026-09-13T12:56:40+08:00,confirmed
2021-10-01,-0.659,Federal Reserve Bank of Chicago / FRED,NFCI,FRED public CSV · long-history backfill,2026-09-13T12:57:36+08:00,confirmed
2021-10-08,-0.657,Federal Reserve Bank of Chicago / FRED,NFCI,FRED public CSV · long-history backfill,2026-09-13T12:56:40+08:00,confirmed
2021-10-15,-0.651,Federal Reserve Bank of Chicago / FRED,NFCI,FRED public CSV · long-history backfill,2026-09-13T12:56:40+08:00,confirmed
2021-10-22,-0.64,Federal Reserve Bank of Chicago / FRED,NFCI,FRED public CSV · long-history backfill,2026-09-13T12:56:40+08:00,confirmed
2021-10-29,-0.626,Federal Reserve Bank of Chicago / FRED,NFCI,FRED public CSV · long-history backfill,2026-09-13T12:57:36+08:00,confirmed
2021-11-05,-0.608,Federal Reserve Bank of Chicago / FRED,NFCI,FRED public CSV · long-history backfill,2026-09-13T12:57:36+08:00,confirmed
2021-11-12,-0.588,Federal Reserve Bank of Chicago / FRED,NFCI,FRED public CSV · long-history backfill,2026-09-13T12:57:36+08:00,confirmed
2021-11-19,-0.57,Federal Reserve Bank of Chicago / FRED,NFCI,FRED public CSV · long-history backfill,2026-09-13T12:56:40+08:00,confirmed
2021-11-26,-0.554,Federal Reserve Bank of Chicago / FRED,NFCI,FRED public CSV · long-history backfill,2026-09-13T12:57:36+08:00,confirmed
2021-12-03,-0.543,Federal Reserve Bank of Chicago / FRED,NFCI,FRED public CSV · long-history backfill,2026-09-13T12:57:36+08:00,confirmed
2021-12-10,-0.541,Federal Reserve Bank of Chicago / FRED,NFCI,FRED public CSV · long-history backfill,2026-09-13T12:56:40+08:00,confirmed
2021-12-17,-0.544,Federal Reserve Bank of Chicago / FRED,NFCI,FRED public CSV · long-history backfill,2026-09-13T12:57:36+08:00,confirmed
2021-12-24,-0.551,Federal Reserve Bank of Chicago / FRED,NFCI,FRED public CSV · long-history backfill,2026-09-13T12:57:36+08:00,confirmed
2021-12-31,-0.559,Federal Reserve Bank of Chicago / FRED,NFCI,FRED public CSV · long-history backfill,2026-09-13T12:57:36+08:00,confirmed
2022-01-07,-0.565,Federal Reserve Bank of Chicago / FRED,NFCI,FRED public CSV · long-history backfill,2026-09-13T12:57:36+08:00,confirmed
2022-01-14,-0.564,Federal Reserve Bank of Chicago / FRED,NFCI,FRED public CSV · long-history backfill,2026-09-13T12:56:40+08:00,confirmed
2022-01-21,-0.557,Federal Reserve Bank of Chicago / FRED,NFCI,FRED public CSV · long-history backfill,2026-09-13T12:56:40+08:00,confirmed
2022-01-28,-0.543,Federal Reserve Bank of Chicago / FRED,NFCI,FRED public CSV · long-history backfill,2026-09-13T12:56:40+08:00,confirmed
2022-02-04,-0.523,Federal Reserve Bank of Chicago / FRED,NFCI,FRED public CSV · long-history backfill,2026-09-13T12:57:36+08:00,confirmed
2022-02-11,-0.497,Federal Reserve Bank of Chicago / FRED,NFCI,FRED public CSV · long-history backfill,2026-09-13T12:57:36+08:00,confirmed
2022-02-18,-0.467,Federal Reserve Bank of Chicago / FRED,NFCI,FRED public CSV · long-history backfill,2026-09-13T12:57:36+08:00,confirmed
2022-02-25,-0.437,Federal Reserve Bank of Chicago / FRED,NFCI,FRED public CSV · long-history backfill,2026-09-13T12:57:36+08:00,confirmed
2022-03-04,-0.41,Federal Reserve Bank of Chicago / FRED,NFCI,FRED public CSV · long-history backfill,2026-09-13T12:56:40+08:00,confirmed
2022-03-11,-0.389,Federal Reserve Bank of Chicago / FRED,NFCI,FRED public CSV · long-history backfill,2026-09-13T12:56:40+08:00,confirmed
2022-03-18,-0.376,Federal Reserve Bank of Chicago / FRED,NFCI,FRED public CSV · long-history backfill,2026-09-13T12:57:36+08:00,confirmed
2022-03-25,-0.37,Federal Reserve Bank of Chicago / FRED,NFCI,FRED public CSV · long-history backfill,2026-09-13T12:57:36+08:00,confirmed
2022-04-01,-0.368,Federal Reserve Bank of Chicago / FRED,NFCI,FRED public CSV · long-history backfill,2026-09-13T12:57:36+08:00,confirmed
2022-04-08,-0.365,Federal Reserve Bank of Chicago / FRED,NFCI,FRED public CSV · long-history backfill,2026-09-13T12:57:36+08:00,confirmed
2022-04-15,-0.358,Federal Reserve Bank of Chicago / FRED,NFCI,FRED public CSV · long-history backfill,2026-09-13T12:56:40+08:00,confirmed
2022-04-22,-0.347,Federal Reserve Bank of Chicago / FRED,NFCI,FRED public CSV · long-history backfill,2026-09-13T12:57:36+08:00,confirmed
2022-04-29,-0.332,Federal Reserve Bank of Chicago / FRED,NFCI,FRED public CSV · long-history backfill,2026-09-13T12:57:36+08:00,confirmed
2022-05-06,-0.314,Federal Reserve Bank of Chicago / FRED,NFCI,FRED public CSV · long-history backfill,2026-09-13T12:57:36+08:00,confirmed
2022-05-13,-0.295,Federal Reserve Bank of Chicago / FRED,NFCI,FRED public CSV · long-history backfill,2026-09-13T12:56:40+08:00,confirmed
2022-05-20,-0.275,Federal Reserve Bank of Chicago / FRED,NFCI,FRED public CSV · long-history backfill,2026-09-13T12:56:40+08:00,confirmed
2022-05-27,-0.253,Federal Reserve Bank of Chicago / FRED,NFCI,FRED public CSV · long-history backfill,2026-09-13T12:56:40+08:00,confirmed
2022-06-03,-0.229,Federal Reserve Bank of Chicago / FRED,NFCI,FRED public CSV · long-history backfill,2026-09-13T12:57:36+08:00,confirmed
2022-06-10,-0.203,Federal Reserve Bank of Chicago / FRED,NFCI,FRED public CSV · long-history backfill,2026-09-13T12:56:40+08:00,confirmed
2022-06-17,-0.179,Federal Reserve Bank of Chicago / FRED,NFCI,FRED public CSV · long-history backfill,2026-09-13T12:57:36+08:00,confirmed
2022-06-24,-0.163,Federal Reserve Bank of Chicago / FRED,NFCI,FRED public CSV · long-history backfill,2026-09-13T12:56:40+08:00,confirmed
2022-07-01,-0.157,Federal Reserve Bank of Chicago / FRED,NFCI,FRED public CSV · long-history backfill,2026-09-13T12:56:40+08:00,confirmed
2022-07-08,-0.16,Federal Reserve Bank of Chicago / FRED,NFCI,FRED public CSV · long-history backfill,2026-09-13T12:57:36+08:00,confirmed
2022-07-15,-0.174,Federal Reserve Bank of Chicago / FRED,NFCI,FRED public CSV · long-history backfill,2026-09-13T12:56:40+08:00,confirmed
2022-07-22,-0.194,Federal Reserve Bank of Chicago / FRED,NFCI,FRED public CSV · long-history backfill,2026-09-13T12:56:40+08:00,confirmed
2022-07-29,-0.212,Federal Reserve Bank of Chicago / FRED,NFCI,FRED public CSV · long-history backfill,2026-09-13T12:56:40+08:00,confirmed
2022-08-05,-0.226,Federal Reserve Bank of Chicago / FRED,NFCI,FRED public CSV · long-history backfill,2026-09-13T12:56:40+08:00,confirmed
2022-08-12,-0.234,Federal Reserve Bank of Chicago / FRED,NFCI,FRED public CSV · long-history backfill,2026-09-13T12:56:40+08:00,confirmed
2022-08-19,-0.232,Federal Reserve Bank of Chicago / FRED,NFCI,FRED public CSV · long-history backfill,2026-09-13T12:57:36+08:00,confirmed
2022-08-26,-0.219,Federal Reserve Bank of Chicago / FRED,NFCI,FRED public CSV · long-history backfill,2026-09-13T12:57:36+08:00,confirmed
2022-09-02,-0.198,Federal Reserve Bank of Chicago / FRED,NFCI,FRED public CSV · long-history backfill,2026-09-13T12:56:40+08:00,confirmed
2022-09-09,-0.171,Federal Reserve Bank of Chicago / FRED,NFCI,FRED public CSV · long-history backfill,2026-09-13T12:57:36+08:00,confirmed
2022-09-16,-0.142,Federal Reserve Bank of Chicago / FRED,NFCI,FRED public CSV · long-history backfill,2026-09-13T12:57:36+08:00,confirmed
2022-09-23,-0.116,Federal Reserve Bank of Chicago / FRED,NFCI,FRED public CSV · long-history backfill,2026-09-13T12:57:36+08:00,confirmed
2022-09-30,-0.096,Federal Reserve Bank of Chicago / FRED,NFCI,FRED public CSV · long-history backfill,2026-09-13T12:57:36+08:00,confirmed
2022-10-07,-0.089,Federal Reserve Bank of Chicago / FRED,NFCI,FRED public CSV · long-history backfill,2026-09-13T12:56:40+08:00,confirmed
2022-10-14,-0.09,Federal Reserve Bank of Chicago / FRED,NFCI,FRED public CSV · long-history backfill,2026-09-13T12:56:40+08:00,confirmed
2022-10-21,-0.101,Federal Reserve Bank of Chicago / FRED,NFCI,FRED public CSV · long-history backfill,2026-09-13T12:56:40+08:00,confirmed
2022-10-28,-0.117,Federal Reserve Bank of Chicago / FRED,NFCI,FRED public CSV · long-history backfill,2026-09-13T12:56:40+08:00,confirmed
2022-11-04,-0.135,Federal Reserve Bank of Chicago / FRED,NFCI,FRED public CSV · long-history backfill,2026-09-13T12:57:36+08:00,confirmed
2022-11-11,-0.153,Federal Reserve Bank of Chicago / FRED,NFCI,FRED public CSV · long-history backfill,2026-09-13T12:57:36+08:00,confirmed
2022-11-18,-0.167,Federal Reserve Bank of Chicago / FRED,NFCI,FRED public CSV · long-history backfill,2026-09-13T12:56:40+08:00,confirmed
2022-11-25,-0.175,Federal Reserve Bank of Chicago / FRED,NFCI,FRED public CSV · long-history backfill,2026-09-13T12:56:40+08:00,confirmed
2022-12-02,-0.181,Federal Reserve Bank of Chicago / FRED,NFCI,FRED public CSV · long-history backfill,2026-09-13T12:56:40+08:00,confirmed
2022-12-09,-0.184,Federal Reserve Bank of Chicago / FRED,NFCI,FRED public CSV · long-history backfill,2026-09-13T12:56:40+08:00,confirmed
2022-12-16,-0.19,Federal Reserve Bank of Chicago / FRED,NFCI,FRED public CSV · long-history backfill,2026-09-13T12:56:40+08:00,confirmed
2022-12-23,-0.201,Federal Reserve Bank of Chicago / FRED,NFCI,FRED public CSV · long-history backfill,2026-09-13T12:57:36+08:00,confirmed
2022-12-30,-0.218,Federal Reserve Bank of Chicago / FRED,NFCI,FRED public CSV · long-history backfill,2026-09-13T12:57:36+08:00,confirmed
2023-01-06,-0.241,Federal Reserve Bank of Chicago / FRED,NFCI,FRED public CSV · long-history backfill,2026-09-13T12:57:36+08:00,confirmed
2023-01-13,-0.266,Federal Reserve Bank of Chicago / FRED,NFCI,FRED public CSV · long-history backfill,2026-09-13T12:56:40+08:00,confirmed
2023-01-20,-0.287,Federal Reserve Bank of Chicago / FRED,NFCI,FRED public CSV · long-history backfill,2026-09-13T12:56:40+08:00,confirmed
2023-01-27,-0.304,Federal Reserve Bank of Chicago / FRED,NFCI,FRED public CSV · long-history backfill,2026-09-13T12:56:40+08:00,confirmed
2023-02-03,-0.312,Federal Reserve Bank of Chicago / FRED,NFCI,FRED public CSV · long-history backfill,2026-09-13T12:57:36+08:00,confirmed
2023-02-10,-0.308,Federal Reserve Bank of Chicago / FRED,NFCI,FRED public CSV · long-history backfill,2026-09-13T12:57:36+08:00,confirmed
2023-02-17,-0.293,Federal Reserve Bank of Chicago / FRED,NFCI,FRED public CSV · long-history backfill,2026-09-13T12:56:40+08:00,confirmed
2023-02-24,-0.267,Federal Reserve Bank of Chicago / FRED,NFCI,FRED public CSV · long-history backfill,2026-09-13T12:57:36+08:00,confirmed
2023-03-03,-0.235,Federal Reserve Bank of Chicago / FRED,NFCI,FRED public CSV · long-history backfill,2026-09-13T12:56:40+08:00,confirmed
2023-03-10,-0.202,Federal Reserve Bank of Chicago / FRED,NFCI,FRED public CSV · long-history backfill,2026-09-13T12:56:40+08:00,confirmed
2023-03-17,-0.17,Federal Reserve Bank of Chicago / FRED,NFCI,FRED public CSV · long-history backfill,2026-09-13T12:56:40+08:00,confirmed
2023-03-24,-0.151,Federal Reserve Bank of Chicago / FRED,NFCI,FRED public CSV · long-history backfill,2026-09-13T12:57:36+08:00,confirmed
2023-03-31,-0.146,Federal Reserve Bank of Chicago / FRED,NFCI,FRED public CSV · long-history backfill,2026-09-13T12:57:36+08:00,confirmed
2023-04-07,-0.15,Federal Reserve Bank of Chicago / FRED,NFCI,FRED public CSV · long-history backfill,2026-09-13T12:57:36+08:00,confirmed
2023-04-14,-0.161,Federal Reserve Bank of Chicago / FRED,NFCI,FRED public CSV · long-history backfill,2026-09-13T12:56:40+08:00,confirmed
2023-04-21,-0.175,Federal Reserve Bank of Chicago / FRED,NFCI,FRED public CSV · long-history backfill,2026-09-13T12:57:36+08:00,confirmed
2023-04-28,-0.187,Federal Reserve Bank of Chicago / FRED,NFCI,FRED public CSV · long-history backfill,2026-09-13T12:57:36+08:00,confirmed
2023-05-05,-0.196,Federal Reserve Bank of Chicago / FRED,NFCI,FRED public CSV · long-history backfill,2026-09-13T12:56:40+08:00,confirmed
2023-05-12,-0.204,Federal Reserve Bank of Chicago / FRED,NFCI,FRED public CSV · long-history backfill,2026-09-13T12:56:40+08:00,confirmed
2023-05-19,-0.209,Federal Reserve Bank of Chicago / FRED,NFCI,FRED public CSV · long-history backfill,2026-09-13T12:57:36+08:00,confirmed
2023-05-26,-0.211,Federal Reserve Bank of Chicago / FRED,NFCI,FRED public CSV · long-history backfill,2026-09-13T12:56:40+08:00,confirmed
2023-06-02,-0.214,Federal Reserve Bank of Chicago / FRED,NFCI,FRED public CSV · long-history backfill,2026-09-13T12:56:40+08:00,confirmed
2023-06-09,-0.215,Federal Reserve Bank of Chicago / FRED,NFCI,FRED public CSV · long-history backfill,2026-09-13T12:57:36+08:00,confirmed
2023-06-16,-0.217,Federal Reserve Bank of Chicago / FRED,NFCI,FRED public CSV · long-history backfill,2026-09-13T12:56:40+08:00,confirmed
2023-06-23,-0.221,Federal Reserve Bank of Chicago / FRED,NFCI,FRED public CSV · long-history backfill,2026-09-13T12:57:36+08:00,confirmed
2023-06-30,-0.227,Federal Reserve Bank of Chicago / FRED,NFCI,FRED public CSV · long-history backfill,2026-09-13T12:56:40+08:00,confirmed
2023-07-07,-0.236,Federal Reserve Bank of Chicago / FRED,NFCI,FRED public CSV · long-history backfill,2026-09-13T12:57:36+08:00,confirmed
2023-07-14,-0.249,Federal Reserve Bank of Chicago / FRED,NFCI,FRED public CSV · long-history backfill,2026-09-13T12:57:36+08:00,confirmed
2023-07-21,-0.264,Federal Reserve Bank of Chicago / FRED,NFCI,FRED public CSV · long-history backfill,2026-09-13T12:57:36+08:00,confirmed
2023-07-28,-0.28,Federal Reserve Bank of Chicago / FRED,NFCI,FRED public CSV · long-history backfill,2026-09-13T12:56:40+08:00,confirmed
2023-08-04,-0.297,Federal Reserve Bank of Chicago / FRED,NFCI,FRED public CSV · long-history backfill,2026-09-13T12:57:36+08:00,confirmed
2023-08-11,-0.312,Federal Reserve Bank of Chicago / FRED,NFCI,FRED public CSV · long-history backfill,2026-09-13T12:56:40+08:00,confirmed
2023-08-18,-0.325,Federal Reserve Bank of Chicago / FRED,NFCI,FRED public CSV · long-history backfill,2026-09-13T12:56:40+08:00,confirmed
2023-08-25,-0.333,Federal Reserve Bank of Chicago / FRED,NFCI,FRED public CSV · long-history backfill,2026-09-13T12:56:40+08:00,confirmed
2023-09-01,-0.338,Federal Reserve Bank of Chicago / FRED,NFCI,FRED public CSV · long-history backfill,2026-09-13T12:57:36+08:00,confirmed
2023-09-08,-0.337,Federal Reserve Bank of Chicago / FRED,NFCI,FRED public CSV · long-history backfill,2026-09-13T12:57:36+08:00,confirmed
2023-09-15,-0.332,Federal Reserve Bank of Chicago / FRED,NFCI,FRED public CSV · long-history backfill,2026-09-13T12:56:40+08:00,confirmed
2023-09-22,-0.323,Federal Reserve Bank of Chicago / FRED,NFCI,FRED public CSV · long-history backfill,2026-09-13T12:57:36+08:00,confirmed
2023-09-29,-0.31,Federal Reserve Bank of Chicago / FRED,NFCI,FRED public CSV · long-history backfill,2026-09-13T12:56:40+08:00,confirmed
2023-10-06,-0.299,Federal Reserve Bank of Chicago / FRED,NFCI,FRED public CSV · long-history backfill,2026-09-13T12:56:40+08:00,confirmed
2023-10-13,-0.289,Federal Reserve Bank of Chicago / FRED,NFCI,FRED public CSV · long-history backfill,2026-09-13T12:56:40+08:00,confirmed
2023-10-20,-0.283,Federal Reserve Bank of Chicago / FRED,NFCI,FRED public CSV · long-history backfill,2026-09-13T12:56:40+08:00,confirmed
2023-10-27,-0.283,Federal Reserve Bank of Chicago / FRED,NFCI,FRED public CSV · long-history backfill,2026-09-13T12:57:36+08:00,confirmed
2023-11-03,-0.288,Federal Reserve Bank of Chicago / FRED,NFCI,FRED public CSV · long-history backfill,2026-09-13T12:56:40+08:00,confirmed
2023-11-10,-0.297,Federal Reserve Bank of Chicago / FRED,NFCI,FRED public CSV · long-history backfill,2026-09-13T12:56:40+08:00,confirmed
2023-11-17,-0.308,Federal Reserve Bank of Chicago / FRED,NFCI,FRED public CSV · long-history backfill,2026-09-13T12:56:40+08:00,confirmed
2023-11-24,-0.32,Federal Reserve Bank of Chicago / FRED,NFCI,FRED public CSV · long-history backfill,2026-09-13T12:56:40+08:00,confirmed
2023-12-01,-0.331,Federal Reserve Bank of Chicago / FRED,NFCI,FRED public CSV · long-history backfill,2026-09-13T12:56:40+08:00,confirmed
2023-12-08,-0.34,Federal Reserve Bank of Chicago / FRED,NFCI,FRED public CSV · long-history backfill,2026-09-13T12:57:36+08:00,confirmed
2023-12-15,-0.349,Federal Reserve Bank of Chicago / FRED,NFCI,FRED public CSV · long-history backfill,2026-09-13T12:57:36+08:00,confirmed
2023-12-22,-0.358,Federal Reserve Bank of Chicago / FRED,NFCI,FRED public CSV · long-history backfill,2026-09-13T12:57:36+08:00,confirmed
2023-12-29,-0.367,Federal Reserve Bank of Chicago / FRED,NFCI,FRED public CSV · long-history backfill,2026-09-13T12:56:40+08:00,confirmed
2024-01-05,-0.375,Federal Reserve Bank of Chicago / FRED,NFCI,FRED public CSV · long-history backfill,2026-09-13T12:57:36+08:00,confirmed
2024-01-12,-0.383,Federal Reserve Bank of Chicago / FRED,NFCI,FRED public CSV · long-history backfill,2026-09-13T12:56:40+08:00,confirmed
2024-01-19,-0.39,Federal Reserve Bank of Chicago / FRED,NFCI,FRED public CSV · long-history backfill,2026-09-13T12:57:36+08:00,confirmed
2024-01-26,-0.396,Federal Reserve Bank of Chicago / FRED,NFCI,FRED public CSV · long-history backfill,2026-09-13T12:56:40+08:00,confirmed
2024-02-02,-0.403,Federal Reserve Bank of Chicago / FRED,NFCI,FRED public CSV · long-history backfill,2026-09-13T12:57:36+08:00,confirmed
2024-02-09,-0.41,Federal Reserve Bank of Chicago / FRED,NFCI,FRED public CSV · long-history backfill,2026-09-13T12:57:36+08:00,confirmed
2024-02-16,-0.419,Federal Reserve Bank of Chicago / FRED,NFCI,FRED public CSV · long-history backfill,2026-09-13T12:57:36+08:00,confirmed
2024-02-23,-0.427,Federal Reserve Bank of Chicago / FRED,NFCI,FRED public CSV · long-history backfill,2026-09-13T12:57:36+08:00,confirmed
2024-03-01,-0.434,Federal Reserve Bank of Chicago / FRED,NFCI,FRED public CSV · long-history backfill,2026-09-13T12:57:36+08:00,confirmed
2024-03-08,-0.438,Federal Reserve Bank of Chicago / FRED,NFCI,FRED public CSV · long-history backfill,2026-09-13T12:56:40+08:00,confirmed
2024-03-15,-0.439,Federal Reserve Bank of Chicago / FRED,NFCI,FRED public CSV · long-history backfill,2026-09-13T12:57:36+08:00,confirmed
2024-03-22,-0.437,Federal Reserve Bank of Chicago / FRED,NFCI,FRED public CSV · long-history backfill,2026-09-13T12:56:40+08:00,confirmed
2024-03-29,-0.433,Federal Reserve Bank of Chicago / FRED,NFCI,FRED public CSV · long-history backfill,2026-09-13T12:56:40+08:00,confirmed
2024-04-05,-0.427,Federal Reserve Bank of Chicago / FRED,NFCI,FRED public CSV · long-history backfill,2026-09-13T12:56:40+08:00,confirmed
2024-04-12,-0.421,Federal Reserve Bank of Chicago / FRED,NFCI,FRED public CSV · long-history backfill,2026-09-13T12:57:36+08:00,confirmed
2024-04-19,-0.416,Federal Reserve Bank of Chicago / FRED,NFCI,FRED public CSV · long-history backfill,2026-09-13T12:57:36+08:00,confirmed
2024-04-26,-0.414,Federal Reserve Bank of Chicago / FRED,NFCI,FRED public CSV · long-history backfill,2026-09-13T12:57:36+08:00,confirmed
2024-05-03,-0.413,Federal Reserve Bank of Chicago / FRED,NFCI,FRED public CSV · long-history backfill,2026-09-13T12:56:40+08:00,confirmed
2024-05-10,-0.414,Federal Reserve Bank of Chicago / FRED,NFCI,FRED public CSV · long-history backfill,2026-09-13T12:57:36+08:00,confirmed
2024-05-17,-0.414,Federal Reserve Bank of Chicago / FRED,NFCI,FRED public CSV · long-history backfill,2026-09-13T12:57:36+08:00,confirmed
2024-05-24,-0.413,Federal Reserve Bank of Chicago / FRED,NFCI,FRED public CSV · long-history backfill,2026-09-13T12:56:40+08:00,confirmed
2024-05-31,-0.409,Federal Reserve Bank of Chicago / FRED,NFCI,FRED public CSV · long-history backfill,2026-09-13T12:57:36+08:00,confirmed
2024-06-07,-0.403,Federal Reserve Bank of Chicago / FRED,NFCI,FRED public CSV · long-history backfill,2026-09-13T12:57:36+08:00,confirmed
2024-06-14,-0.396,Federal Reserve Bank of Chicago / FRED,NFCI,FRED public CSV · long-history backfill,2026-09-13T12:57:36+08:00,confirmed
2024-06-21,-0.387,Federal Reserve Bank of Chicago / FRED,NFCI,FRED public CSV · long-history backfill,2026-09-13T12:57:36+08:00,confirmed
2024-06-28,-0.38,Federal Reserve Bank of Chicago / FRED,NFCI,FRED public CSV · long-history backfill,2026-09-13T12:56:40+08:00,confirmed
2024-07-05,-0.375,Federal Reserve Bank of Chicago / FRED,NFCI,FRED public CSV · long-history backfill,2026-09-13T12:56:40+08:00,confirmed
2024-07-12,-0.369,Federal Reserve Bank of Chicago / FRED,NFCI,FRED public CSV · long-history backfill,2026-09-13T12:56:40+08:00,confirmed
2024-07-19,-0.364,Federal Reserve Bank of Chicago / FRED,NFCI,FRED public CSV · long-history backfill,2026-09-13T12:57:36+08:00,confirmed
2024-07-26,-0.36,Federal Reserve Bank of Chicago / FRED,NFCI,FRED public CSV · long-history backfill,2026-09-13T12:57:36+08:00,confirmed
2024-08-02,-0.359,Federal Reserve Bank of Chicago / FRED,NFCI,FRED public CSV · long-history backfill,2026-09-13T12:57:36+08:00,confirmed
2024-08-09,-0.36,Federal Reserve Bank of Chicago / FRED,NFCI,FRED public CSV · long-history backfill,2026-09-13T12:57:36+08:00,confirmed
2024-08-16,-0.368,Federal Reserve Bank of Chicago / FRED,NFCI,FRED public CSV · long-history backfill,2026-09-13T12:56:40+08:00,confirmed
2024-08-23,-0.379,Federal Reserve Bank of Chicago / FRED,NFCI,FRED public CSV · long-history backfill,2026-09-13T12:56:40+08:00,confirmed
2024-08-30,-0.391,Federal Reserve Bank of Chicago / FRED,NFCI,FRED public CSV · long-history backfill,2026-09-13T12:56:40+08:00,confirmed
2024-09-06,-0.402,Federal Reserve Bank of Chicago / FRED,NFCI,FRED public CSV · long-history backfill,2026-09-13T12:57:36+08:00,confirmed
2024-09-13,-0.412,Federal Reserve Bank of Chicago / FRED,NFCI,FRED public CSV · long-history backfill,2026-09-13T12:57:36+08:00,confirmed
2024-09-20,-0.42,Federal Reserve Bank of Chicago / FRED,NFCI,FRED public CSV · long-history backfill,2026-09-13T12:57:36+08:00,confirmed
2024-09-27,-0.427,Federal Reserve Bank of Chicago / FRED,NFCI,FRED public CSV · long-history backfill,2026-09-13T12:56:40+08:00,confirmed
2024-10-04,-0.432,Federal Reserve Bank of Chicago / FRED,NFCI,FRED public CSV · long-history backfill,2026-09-13T12:56:40+08:00,confirmed
2024-10-11,-0.435,Federal Reserve Bank of Chicago / FRED,NFCI,FRED public CSV · long-history backfill,2026-09-13T12:56:40+08:00,confirmed
2024-10-18,-0.44,Federal Reserve Bank of Chicago / FRED,NFCI,FRED public CSV · long-history backfill,2026-09-13T12:56:40+08:00,confirmed
2024-10-25,-0.445,Federal Reserve Bank of Chicago / FRED,NFCI,FRED public CSV · long-history backfill,2026-09-13T12:56:40+08:00,confirmed
2024-11-01,-0.452,Federal Reserve Bank of Chicago / FRED,NFCI,FRED public CSV · long-history backfill,2026-09-13T12:57:36+08:00,confirmed
2024-11-08,-0.46,Federal Reserve Bank of Chicago / FRED,NFCI,FRED public CSV · long-history backfill,2026-09-13T12:57:36+08:00,confirmed
2024-11-15,-0.468,Federal Reserve Bank of Chicago / FRED,NFCI,FRED public CSV · long-history backfill,2026-09-13T12:56:40+08:00,confirmed
2024-11-22,-0.473,Federal Reserve Bank of Chicago / FRED,NFCI,FRED public CSV · long-history backfill,2026-09-13T12:57:36+08:00,confirmed
2024-11-29,-0.477,Federal Reserve Bank of Chicago / FRED,NFCI,FRED public CSV · long-history backfill,2026-09-13T12:56:40+08:00,confirmed
2024-12-06,-0.479,Federal Reserve Bank of Chicago / FRED,NFCI,FRED public CSV · long-history backfill,2026-09-13T12:56:40+08:00,confirmed
2024-12-13,-0.481,Federal Reserve Bank of Chicago / FRED,NFCI,FRED public CSV · long-history backfill,2026-09-13T12:56:40+08:00,confirmed
2024-12-20,-0.482,Federal Reserve Bank of Chicago / FRED,NFCI,FRED public CSV · long-history backfill,2026-09-13T12:57:36+08:00,confirmed
2024-12-27,-0.485,Federal Reserve Bank of Chicago / FRED,NFCI,FRED public CSV · long-history backfill,2026-09-13T12:56:40+08:00,confirmed
2025-01-03,-0.49,Federal Reserve Bank of Chicago / FRED,NFCI,FRED public CSV · long-history backfill,2026-09-13T12:57:36+08:00,confirmed
2025-01-10,-0.496,Federal Reserve Bank of Chicago / FRED,NFCI,FRED public CSV · long-history backfill,2026-09-13T12:57:36+08:00,confirmed
2025-01-17,-0.501,Federal Reserve Bank of Chicago / FRED,NFCI,FRED public CSV · long-history backfill,2026-09-13T12:56:40+08:00,confirmed
2025-01-24,-0.506,Federal Reserve Bank of Chicago / FRED,NFCI,FRED public CSV · long-history backfill,2026-09-13T12:56:40+08:00,confirmed
2025-01-31,-0.509,Federal Reserve Bank of Chicago / FRED,NFCI,FRED public CSV · long-history backfill,2026-09-13T12:57:36+08:00,confirmed
2025-02-07,-0.508,Federal Reserve Bank of Chicago / FRED,NFCI,FRED public CSV · long-history backfill,2026-09-13T12:56:40+08:00,confirmed
2025-02-14,-0.503,Federal Reserve Bank of Chicago / FRED,NFCI,FRED public CSV · long-history backfill,2026-09-13T12:57:36+08:00,confirmed
2025-02-21,-0.494,Federal Reserve Bank of Chicago / FRED,NFCI,FRED public CSV · long-history backfill,2026-09-13T12:57:36+08:00,confirmed
2025-02-28,-0.48,Federal Reserve Bank of Chicago / FRED,NFCI,FRED public CSV · long-history backfill,2026-09-13T12:57:36+08:00,confirmed
2025-03-07,-0.463,Federal Reserve Bank of Chicago / FRED,NFCI,FRED public CSV · long-history backfill,2026-09-13T12:57:36+08:00,confirmed
2025-03-14,-0.444,Federal Reserve Bank of Chicago / FRED,NFCI,FRED public CSV · long-history backfill,2026-09-13T12:57:36+08:00,confirmed
2025-03-21,-0.426,Federal Reserve Bank of Chicago / FRED,NFCI,FRED public CSV · long-history backfill,2026-09-13T12:57:36+08:00,confirmed
2025-03-28,-0.408,Federal Reserve Bank of Chicago / FRED,NFCI,FRED public CSV · long-history backfill,2026-09-13T12:56:40+08:00,confirmed
2025-04-04,-0.393,Federal Reserve Bank of Chicago / FRED,NFCI,FRED public CSV · long-history backfill,2026-09-13T12:56:40+08:00,confirmed
2025-04-11,-0.382,Federal Reserve Bank of Chicago / FRED,NFCI,FRED public CSV · long-history backfill,2026-09-13T12:57:36+08:00,confirmed
2025-04-18,-0.382,Federal Reserve Bank of Chicago / FRED,NFCI,FRED public CSV · long-history backfill,2026-09-13T12:56:40+08:00,confirmed
2025-04-25,-0.389,Federal Reserve Bank of Chicago / FRED,NFCI,FRED public CSV · long-history backfill,2026-09-13T12:57:36+08:00,confirmed
2025-05-02,-0.403,Federal Reserve Bank of Chicago / FRED,NFCI,FRED public CSV · long-history backfill,2026-09-13T12:57:36+08:00,confirmed
2025-05-09,-0.42,Federal Reserve Bank of Chicago / FRED,NFCI,FRED public CSV · long-history backfill,2026-09-13T12:57:36+08:00,confirmed
2025-05-16,-0.438,Federal Reserve Bank of Chicago / FRED,NFCI,FRED public CSV · long-history backfill,2026-09-13T12:57:36+08:00,confirmed
2025-05-23,-0.454,Federal Reserve Bank of Chicago / FRED,NFCI,FRED public CSV · long-history backfill,2026-09-13T12:57:36+08:00,confirmed
2025-05-30,-0.466,Federal Reserve Bank of Chicago / FRED,NFCI,FRED public CSV · long-history backfill,2026-09-13T12:56:40+08:00,confirmed
2025-06-06,-0.475,Federal Reserve Bank of Chicago / FRED,NFCI,FRED public CSV · long-history backfill,2026-09-13T12:57:36+08:00,confirmed
2025-06-13,-0.483,Federal Reserve Bank of Chicago / FRED,NFCI,FRED public CSV · long-history backfill,2026-09-13T12:56:40+08:00,confirmed
2025-06-20,-0.49,Federal Reserve Bank of Chicago / FRED,NFCI,FRED public CSV · long-history backfill,2026-09-13T12:56:40+08:00,confirmed
2025-06-27,-0.496,Federal Reserve Bank of Chicago / FRED,NFCI,FRED public CSV · long-history backfill,2026-09-13T12:56:40+08:00,confirmed
2025-07-04,-0.503,Federal Reserve Bank of Chicago / FRED,NFCI,FRED public CSV · long-history backfill,2026-09-13T12:57:36+08:00,confirmed
2025-07-11,-0.51,Federal Reserve Bank of Chicago / FRED,NFCI,FRED public CSV · long-history backfill,2026-09-13T12:57:36+08:00,confirmed
2025-07-18,-0.514,Federal Reserve Bank of Chicago / FRED,NFCI,FRED public CSV · long-history backfill,2026-09-13T12:57:36+08:00,confirmed
2025-07-25,-0.519,Federal Reserve Bank of Chicago / FRED,NFCI,FRED public CSV · long-history backfill,2026-09-13T12:56:40+08:00,confirmed
2025-08-01,-0.521,Federal Reserve Bank of Chicago / FRED,NFCI,FRED public CSV · long-history backfill,2026-09-13T12:56:40+08:00,confirmed
2025-08-08,-0.523,Federal Reserve Bank of Chicago / FRED,NFCI,FRED public CSV · long-history backfill,2026-09-13T12:57:36+08:00,confirmed
2025-08-15,-0.526,Federal Reserve Bank of Chicago / FRED,NFCI,FRED public CSV · long-history backfill,2026-09-13T12:56:40+08:00,confirmed
2025-08-22,-0.527,Federal Reserve Bank of Chicago / FRED,NFCI,FRED public CSV · long-history backfill,2026-09-13T12:57:36+08:00,confirmed
2025-08-29,-0.528,Federal Reserve Bank of Chicago / FRED,NFCI,FRED public CSV · long-history backfill,2026-09-13T12:57:36+08:00,confirmed
2025-09-05,-0.528,Federal Reserve Bank of Chicago / FRED,NFCI,FRED public CSV · long-history backfill,2026-09-13T12:57:36+08:00,confirmed
2025-09-12,-0.528,Federal Reserve Bank of Chicago / FRED,NFCI,FRED public CSV · long-history backfill,2026-09-13T12:57:36+08:00,confirmed
2025-09-19,-0.527,Federal Reserve Bank of Chicago / FRED,NFCI,FRED public CSV · long-history backfill,2026-09-13T12:56:40+08:00,confirmed
2025-09-26,-0.527,Federal Reserve Bank of Chicago / FRED,NFCI,FRED public CSV · long-history backfill,2026-09-13T12:56:40+08:00,confirmed
2025-10-03,-0.526,Federal Reserve Bank of Chicago / FRED,NFCI,FRED public CSV · long-history backfill,2026-09-13T12:57:36+08:00,confirmed
2025-10-10,-0.524,Federal Reserve Bank of Chicago / FRED,NFCI,FRED public CSV · long-history backfill,2026-09-13T12:56:40+08:00,confirmed
2025-10-17,-0.521,Federal Reserve Bank of Chicago / FRED,NFCI,FRED public CSV · long-history backfill,2026-09-13T12:57:36+08:00,confirmed
2025-10-24,-0.518,Federal Reserve Bank of Chicago / FRED,NFCI,FRED public CSV · long-history backfill,2026-09-13T12:57:36+08:00,confirmed
2025-10-31,-0.515,Federal Reserve Bank of Chicago / FRED,NFCI,FRED public CSV · long-history backfill,2026-09-13T12:57:36+08:00,confirmed
2025-11-07,-0.511,Federal Reserve Bank of Chicago / FRED,NFCI,FRED public CSV · long-history backfill,2026-09-13T12:56:40+08:00,confirmed
2025-11-14,-0.509,Federal Reserve Bank of Chicago / FRED,NFCI,FRED public CSV · long-history backfill,2026-09-13T12:56:40+08:00,confirmed
2025-11-21,-0.509,Federal Reserve Bank of Chicago / FRED,NFCI,FRED public CSV · long-history backfill,2026-09-13T12:56:40+08:00,confirmed
2025-11-28,-0.51,Federal Reserve Bank of Chicago / FRED,NFCI,FRED public CSV · long-history backfill,2026-09-13T12:57:36+08:00,confirmed
2025-12-05,-0.514,Federal Reserve Bank of Chicago / FRED,NFCI,FRED public CSV · long-history backfill,2026-09-13T12:57:36+08:00,confirmed
2025-12-12,-0.519,Federal Reserve Bank of Chicago / FRED,NFCI,FRED public CSV · long-history backfill,2026-09-13T12:56:40+08:00,confirmed
2025-12-19,-0.528,Federal Reserve Bank of Chicago / FRED,NFCI,FRED public CSV · long-history backfill,2026-09-13T12:57:36+08:00,confirmed
2025-12-26,-0.54,Federal Reserve Bank of Chicago / FRED,NFCI,FRED public CSV · long-history backfill,2026-09-13T12:57:36+08:00,confirmed
2026-01-02,-0.551,Federal Reserve Bank of Chicago / FRED,NFCI,FRED public CSV · long-history backfill,2026-09-13T12:57:36+08:00,confirmed
2026-01-09,-0.563,Federal Reserve Bank of Chicago / FRED,NFCI,FRED public CSV · long-history backfill,2026-09-13T12:56:40+08:00,confirmed
2026-01-16,-0.569,Federal Reserve Bank of Chicago / FRED,NFCI,FRED public CSV · long-history backfill,2026-09-13T12:57:36+08:00,confirmed
2026-01-23,-0.571,Federal Reserve Bank of Chicago / FRED,NFCI,FRED public CSV · long-history backfill,2026-09-13T12:56:40+08:00,confirmed
2026-01-30,-0.567,Federal Reserve Bank of Chicago / FRED,NFCI,FRED public CSV · long-history backfill,2026-09-13T12:56:40+08:00,confirmed
2026-02-06,-0.559,Federal Reserve Bank of Chicago / FRED,NFCI,FRED public CSV · long-history backfill,2026-09-13T12:56:40+08:00,confirmed
2026-02-13,-0.545,Federal Reserve Bank of Chicago / FRED,NFCI,FRED public CSV · long-history backfill,2026-09-13T12:57:36+08:00,confirmed
2026-02-20,-0.528,Federal Reserve Bank of Chicago / FRED,NFCI,FRED public CSV · long-history backfill,2026-09-13T12:57:36+08:00,confirmed
2026-02-27,-0.509,Federal Reserve Bank of Chicago / FRED,NFCI,FRED public CSV · long-history backfill,2026-09-13T12:57:36+08:00,confirmed
2026-03-06,-0.49,Federal Reserve Bank of Chicago / FRED,NFCI,FRED public CSV · long-history backfill,2026-09-13T12:56:40+08:00,confirmed
2026-03-13,-0.474,Federal Reserve Bank of Chicago / FRED,NFCI,FRED public CSV · long-history backfill,2026-09-13T12:57:36+08:00,confirmed
2026-03-20,-0.464,Federal Reserve Bank of Chicago / FRED,NFCI,FRED public CSV · long-history backfill,2026-09-13T12:56:40+08:00,confirmed
2026-03-27,-0.46,Federal Reserve Bank of Chicago / FRED,NFCI,FRED public CSV · long-history backfill,2026-09-13T12:57:36+08:00,confirmed
2026-04-03,-0.465,Federal Reserve Bank of Chicago / FRED,NFCI,FRED public CSV · long-history backfill,2026-09-13T12:56:40+08:00,confirmed
2026-04-10,-0.475,Federal Reserve Bank of Chicago / FRED,NFCI,FRED public CSV · long-history backfill,2026-09-13T12:57:36+08:00,confirmed
2026-04-17,-0.487,Federal Reserve Bank of Chicago / FRED,NFCI,FRED public CSV · long-history backfill,2026-09-13T12:56:40+08:00,confirmed
2026-04-24,-0.497,Federal Reserve Bank of Chicago / FRED,NFCI,FRED public CSV · long-history backfill,2026-09-13T12:56:40+08:00,confirmed
2026-05-01,-0.505,Federal Reserve Bank of Chicago / FRED,NFCI,FRED public CSV · long-history backfill,2026-09-13T12:56:40+08:00,confirmed
2026-05-08,-0.509,Federal Reserve Bank of Chicago / FRED,NFCI,FRED public CSV · long-history backfill,2026-09-13T12:57:36+08:00,confirmed
2026-05-15,-0.511,Federal Reserve Bank of Chicago / FRED,NFCI,FRED public CSV · long-history backfill,2026-09-13T12:56:40+08:00,confirmed
2026-05-22,-0.51,Federal Reserve Bank of Chicago / FRED,NFCI,FRED public CSV · long-history backfill,2026-09-13T12:56:40+08:00,confirmed
2026-05-29,-0.509,Federal Reserve Bank of Chicago / FRED,NFCI,FRED public CSV · long-history backfill,2026-09-13T12:56:40+08:00,confirmed
2026-06-05,-0.508,Federal Reserve Bank of Chicago / FRED,NFCI,FRED public CSV · long-history backfill,2026-09-13T12:57:36+08:00,confirmed
2026-06-12,-0.508,Federal Reserve Bank of Chicago / FRED,NFCI,FRED public CSV · long-history backfill,2026-09-13T12:56:40+08:00,confirmed
2026-06-19,-0.51,Federal Reserve Bank of Chicago / FRED,NFCI,FRED public CSV · long-history backfill,2026-09-13T12:56:40+08:00,confirmed
2026-06-26,-0.514,Federal Reserve Bank of Chicago / FRED,NFCI,FRED public CSV · long-history backfill,2026-09-13T12:56:40+08:00,confirmed
2026-07-03,-0.52,Federal Reserve Bank of Chicago / FRED,NFCI,FRED public CSV · long-history backfill,2026-09-13T12:56:40+08:00,confirmed
2026-07-10,-0.526,Federal Reserve Bank of Chicago / FRED,NFCI,FRED public CSV · long-history backfill,2026-09-13T12:56:40+08:00,confirmed
2026-07-17,-0.53,Federal Reserve Bank of Chicago / FRED,NFCI,FRED public CSV · long-history backfill,2026-09-13T12:56:40+08:00,confirmed
2026-07-24,-0.536,Federal Reserve Bank of Chicago / FRED,NFCI,FRED public CSV · long-history backfill,2026-09-13T12:56:40+08:00,confirmed
2026-07-31,-0.541,Federal Reserve Bank of Chicago / FRED,NFCI,FRED public CSV · long-history backfill,2026-09-13T12:57:36+08:00,confirmed
2026-08-07,-0.546,Federal Reserve Bank of Chicago / FRED,NFCI,FRED public CSV · long-history backfill,2026-09-13T12:56:40+08:00,confirmed
2026-08-14,-0.551,Federal Reserve Bank of Chicago / FRED,NFCI,FRED public CSV · long-history backfill,2026-09-13T12:56:40+08:00,confirmed
2026-08-21,-0.555,Federal Reserve Bank of Chicago / FRED,NFCI,FRED public CSV · long-history backfill,2026-09-13T12:56:40+08:00,confirmed
2026-08-28,-0.56,Federal Reserve Bank of Chicago / FRED,NFCI,FRED public CSV · long-history backfill,2026-09-13T12:56:40+08:00,confirmed
2026-09-04,-0.564,Federal Reserve Bank of Chicago / FRED,NFCI,FRED public CSV · long-history backfill,2026-09-13T12:57:36+08:00,confirmed
